date,time,sender,message,source_file,trans
,AM 10:32,선우,우리는 소라게 새로운 둥지를 찾아떠나요,C:\Users\yuyao\Desktop\fromm抓取\fromm_dump\01\window_0000.xml,我們是寄居蟹，要出發去找新的巢了
,PM 10:27,선우,뭐야 이거,C:\Users\yuyao\Desktop\fromm抓取\fromm_dump\01\window_0000.xml,這什麼啊
,PM 10:27,선우,보임?,C:\Users\yuyao\Desktop\fromm抓取\fromm_dump\01\window_0000.xml,看得到嗎？
,PM 10:27,선우,이건 그냥 막 보내지네,C:\Users\yuyao\Desktop\fromm抓取\fromm_dump\01\window_0000.xml,這個好像可以直接隨便傳欸
,PM 10:28,선우,말 조심 해야겠다,C:\Users\yuyao\Desktop\fromm抓取\fromm_dump\01\window_0000.xml,我得小心說話了
,PM 10:28,선우,ʕ•ﻌ•ʔฅ,C:\Users\yuyao\Desktop\fromm抓取\fromm_dump\01\window_0000.xml,ʕ•ﻌ•ʔฅ
,PM 10:29,선우,오늘은 너무 졸리니까 내일부터 ㄱ ㄱ,C:\Users\yuyao\Desktop\fromm抓取\fromm_dump\01\window_0000.xml,今天太睏了，從明天開始 ㄱㄱ
,PM 10:29,선우,낼 여러가지 얘기 함,C:\Users\yuyao\Desktop\fromm抓取\fromm_dump\01\window_0001.xml,明天會聊很多事
,PM 10:29,선우,해보자고,C:\Users\yuyao\Desktop\fromm抓取\fromm_dump\01\window_0001.xml,來試試看吧
,PM 10:29,선우,~~,C:\Users\yuyao\Desktop\fromm抓取\fromm_dump\01\window_0001.xml,~~
,PM 10:30,선우,낼 저녁쯤 ㄱ ㄱ,C:\Users\yuyao\Desktop\fromm抓取\fromm_dump\01\window_0001.xml,明天晚上左右 ㄱㄱ
,PM 10:39,선우,잘자~~💕💕,C:\Users\yuyao\Desktop\fromm抓取\fromm_dump\01\window_0001.xml,晚安～～💕💕
,PM 9:07,선우,요,C:\Users\yuyao\Desktop\fromm抓取\fromm_dump\01\window_0002.xml,唷
,PM 9:07,선우,ㅎㅇ ㅋㅋㅋ,C:\Users\yuyao\Desktop\fromm抓取\fromm_dump\01\window_0002.xml,嗨ㅋㅋㅋ
,PM 9:07,선우,밥은 먹었니,C:\Users\yuyao\Desktop\fromm抓取\fromm_dump\01\window_0002.xml,飯吃了嗎
,PM 9:08,선우,잠은 잘 잤니,C:\Users\yuyao\Desktop\fromm抓取\fromm_dump\01\window_0002.xml,睡得好嗎
,PM 9:08,선우,ʕ•ﻌ•ʔฅ,C:\Users\yuyao\Desktop\fromm抓取\fromm_dump\01\window_0003.xml,ʕ•ﻌ•ʔฅ
,PM 9:08,선우,잘 떠?이름?,C:\Users\yuyao\Desktop\fromm抓取\fromm_dump\01\window_0003.xml,有正常顯示嗎？名字？
,PM 9:10,선우,프시,C:\Users\yuyao\Desktop\fromm抓取\fromm_dump\01\window_0003.xml,頭貼……
,PM 9:10,선우,프사,C:\Users\yuyao\Desktop\fromm抓取\fromm_dump\01\window_0003.xml,頭貼
,PM 9:10,선우,바꿀만한 거 없는데...,C:\Users\yuyao\Desktop\fromm抓取\fromm_dump\01\window_0003.xml,沒有什麼可以換的耶……
,PM 9:10,선우,뭘로하지,C:\Users\yuyao\Desktop\fromm抓取\fromm_dump\01\window_0004.xml,要用什麼好呢
,PM 9:10,선우,핀터레스트에 내사진 찾아서,C:\Users\yuyao\Desktop\fromm抓取\fromm_dump\01\window_0004.xml,去 Pinterest 找我的照片
,PM 9:10,선우,걍 해봐야겠다,C:\Users\yuyao\Desktop\fromm抓取\fromm_dump\01\window_0004.xml,就試試看好了
,PM 9:33,선우,짜잔,C:\Users\yuyao\Desktop\fromm抓取\fromm_dump\01\window_0004.xml,鏘鏘
,PM 9:34,선우,나 밥 왔닼,C:\Users\yuyao\Desktop\fromm抓取\fromm_dump\01\window_0004.xml,我的飯來了ㅋㅋ
,PM 9:34,선우,밥만 ㄱㄷ ㄱ ㄷ ㄱㄷ ㄷ,C:\Users\yuyao\Desktop\fromm抓取\fromm_dump\01\window_0005.xml,等我吃個飯 ㄱㄷ ㄱㄷ ㄱㄷ
,PM 10:08,선우,잘 먹었다,C:\Users\yuyao\Desktop\fromm抓取\fromm_dump\01\window_0005.xml,吃飽了
,PM 10:08,선우,배불러~,C:\Users\yuyao\Desktop\fromm抓取\fromm_dump\01\window_0005.xml,好飽～
,PM 10:09,선우,닭볶음탕 먹음,C:\Users\yuyao\Desktop\fromm抓取\fromm_dump\01\window_0005.xml,吃了辣燉雞湯
,PM 10:10,선우,스키장도 가야하는데!!!!!!!!!,C:\Users\yuyao\Desktop\fromm抓取\fromm_dump\01\window_0005.xml,也得去滑雪場才行啊!!!!!!!!!
,PM 10:21,선우,무대서고 싶당 헤헤,C:\Users\yuyao\Desktop\fromm抓取\fromm_dump\01\window_0006.xml,好想站上舞台啊 嘿嘿
,PM 10:21,선우,가대축 하고 있나 지금?,C:\Users\yuyao\Desktop\fromm抓取\fromm_dump\01\window_0006.xml,現在是在辦歌謠大祝祭嗎？
,PM 10:23,선우,내 25 연말을,C:\Users\yuyao\Desktop\fromm抓取\fromm_dump\01\window_0006.xml,我的 25 歲年末
,PM 10:23,선우,무대로 남길 수 없다니,C:\Users\yuyao\Desktop\fromm抓取\fromm_dump\01\window_0006.xml,竟然不能留在舞台上
,PM 10:24,선우,하지만,C:\Users\yuyao\Desktop\fromm抓取\fromm_dump\01\window_0006.xml,但是
,PM 10:24,선우,내년에 더 하면 되지 ㅎㅎ,C:\Users\yuyao\Desktop\fromm抓取\fromm_dump\01\window_0007.xml,明年多做一點就好了ㅎㅎ
,PM 10:25,선우,올해버다 더 잘하고 더 멋잌ㅅ게 하면 됨,C:\Users\yuyao\Desktop\fromm抓取\fromm_dump\01\window_0007.xml,比今年做得更好、更帥就可以了
,PM 10:25,선우,할 수 이떠!!!!!!,C:\Users\yuyao\Desktop\fromm抓取\fromm_dump\01\window_0007.xml,我做得到!!!!!!
,PM 10:33,선우,데뷔하고 항상 한 번도 빠짐 없이 젤 바빴던 연말이 올해는,C:\Users\yuyao\Desktop\fromm抓取\fromm_dump\01\window_0007.xml,出道之後每一年年末都一次不落地是最忙的，今年卻
,PM 10:34,선우,안 바쁘니까 가족이랑도 있어보고 레슨도 받아보고,C:\Users\yuyao\Desktop\fromm抓取\fromm_dump\01\window_0008.xml,不忙，所以想陪陪家人、上上課
,PM 10:34,선우,내년을 잘 준비 하기위해 마음도 좀 비우고 생각정리도 해보고 하려구,C:\Users\yuyao\Desktop\fromm抓取\fromm_dump\01\window_0008.xml,為了好好準備明年，也想把心稍微放空、整理一下想法
,PM 10:35,선우,앞으로의 연말이,C:\Users\yuyao\Desktop\fromm抓取\fromm_dump\01\window_0008.xml,以後的年末
,PM 10:35,선우,안 바쁠 일은 없을 테니까!,C:\Users\yuyao\Desktop\fromm抓取\fromm_dump\01\window_0008.xml,應該不會再有不忙的時候了！
,PM 10:36,선우,"아이돌 하는 동안의 처음이자 마지막 연말의 여유일 테니까 ㅋ 더비들도 넘 아쉬워 하지말구 내년 같이
달리쟝",C:\Users\yuyao\Desktop\fromm抓取\fromm_dump\01\window_0009.xml,這可能是我當偶像期間第一次也是最後一次悠閒的年末ㅋ DERBY 們也不要太可惜，明年一起衝吧
,PM 10:39,선우,연말에 그만큼 안 바쁜 건 안 바쁜 거고 뭐 레슨을 하던 여유를 즐기던 가족을 보던간에,C:\Users\yuyao\Desktop\fromm抓取\fromm_dump\01\window_0009.xml,年末沒有那麼忙歸沒有那麼忙，不管是上課、享受空閒，還是見家人
,PM 10:39,선우,생존해 있는지는 알 수 있게 신경 쓸겤ㅋ,C:\Users\yuyao\Desktop\fromm抓取\fromm_dump\01\window_0009.xml,我會注意一下，至少讓你們知道我還活著ㅋㅋ
,PM 10:40,선우,프롬은 버블보단 자주 오기 도전!!!!!!!,C:\Users\yuyao\Desktop\fromm抓取\fromm_dump\01\window_0010.xml,挑戰比 Bubble 更常來 Fromm!!!!!!!
,PM 10:41,선우,버블보다 더 안 오면 사고이긴 한데 그럴 일은 없을 듯,C:\Users\yuyao\Desktop\fromm抓取\fromm_dump\01\window_0010.xml,如果比 Bubble 還不常來，那真的算出事了，但應該不會那樣
,PM 10:41,선우,이게 유료라는 걸 망각하지 않겠습니다 누님들,C:\Users\yuyao\Desktop\fromm抓取\fromm_dump\01\window_0010.xml,我不會忘記這是付費的，姐姐們
,PM 10:41,선우,그동안 섭하셨죠,C:\Users\yuyao\Desktop\fromm抓取\fromm_dump\01\window_0010.xml,這段時間你們很失望吧
,PM 10:41,선우,반성합니디,C:\Users\yuyao\Desktop\fromm抓取\fromm_dump\01\window_0010.xml,我反省
,PM 10:42,선우,"그래도 연장은 들지
말아주세요",C:\Users\yuyao\Desktop\fromm抓取\fromm_dump\01\window_0011.xml,不過請不要拿工具來打我
,PM 10:43,선우,"그래도 기계적으로 오지는 않을 거긴 한데 누가봐도 할 수 있을 때 , 예를들어 숏츠 볼 시간에 프롬 하나 더 보낼 수 있는",C:\Users\yuyao\Desktop\fromm抓取\fromm_dump\01\window_0011.xml,雖然我應該不會機械式地來，但在任誰看都覺得可以來的時候，比如有時間看 Shorts 的話，其實也能多傳一則 Fromm
,PM 10:43,선우,그런 아이가 되도록 노력하겠습니다,C:\Users\yuyao\Desktop\fromm抓取\fromm_dump\01\window_0011.xml,我會努力成為那樣的孩子
,PM 10:45,선우,"그래도 무리는 알아서 안하니까 걱정ㅇ
 하지마~^.^! 내가 기계적으로 느껴질때까지 오직 의무만을 가지고 오고 성격이 그러질 못하니까 ㅎㅎ",C:\Users\yuyao\Desktop\fromm抓取\fromm_dump\01\window_0012.xml,不過我自己知道不會勉強，所以別擔心～^.^！我個性也不是那種會只帶著義務感來，來到讓你們覺得我像機器人的程度ㅎㅎ
,PM 10:45,선우,나도 재밌게 하구 가고,C:\Users\yuyao\Desktop\fromm抓取\fromm_dump\01\window_0012.xml,我自己也要玩得開心再走
,PM 10:45,선우,떠드는 게 재밌구 얘기하는 게 재밌구,C:\Users\yuyao\Desktop\fromm抓取\fromm_dump\01\window_0012.xml,聊天很有趣，說話也很有趣
,PM 10:45,선우,이런 기억만 가지구,C:\Users\yuyao\Desktop\fromm抓取\fromm_dump\01\window_0012.xml,只有留下這樣的記憶
,PM 10:46,선우,있어야 내가 더 잘 온다는 걸 스스로,C:\Users\yuyao\Desktop\fromm抓取\fromm_dump\01\window_0013.xml,我自己也知道，這樣我才會更常來
,PM 10:46,선우,알고 있음 ㅋ,C:\Users\yuyao\Desktop\fromm抓取\fromm_dump\01\window_0013.xml,我知道ㅋ
,PM 11:18,선우,다음 앨범 언제 나오는 게 베스트라고 생각함,C:\Users\yuyao\Desktop\fromm抓取\fromm_dump\01\window_0013.xml,你覺得下一張專輯什麼時候出最好
,PM 11:18,선우,내일 . 지금은 제외,C:\Users\yuyao\Desktop\fromm抓取\fromm_dump\01\window_0013.xml,明天、現在除外
,PM 11:25,선우,어차피 우리 맘대로 안될 테지만,C:\Users\yuyao\Desktop\fromm抓取\fromm_dump\01\window_0014.xml,反正也不會照我們的意思來就是了
,PM 11:25,선우,오케잌,C:\Users\yuyao\Desktop\fromm抓取\fromm_dump\01\window_0014.xml,OKㅋㅋ
,PM 11:32,선우,ʕ•ﻌ•ʔฅ,C:\Users\yuyao\Desktop\fromm抓取\fromm_dump\01\window_0014.xml,ʕ•ﻌ•ʔฅ
,PM 11:33,선우,너 뭐라고 저장했냐,C:\Users\yuyao\Desktop\fromm抓取\fromm_dump\01\window_0014.xml,你把我存成什麼了
,PM 11:33,선우,니 이름 다 보인다,C:\Users\yuyao\Desktop\fromm抓取\fromm_dump\01\window_0014.xml,你的名字我都看得到
,PM 11:33,선우,위에 뜨는 이름이랑 너가 불릴 애칭이랑,C:\Users\yuyao\Desktop\fromm抓取\fromm_dump\01\window_0015.xml,上面顯示的名字，跟你被叫的暱稱
,PM 11:34,선우,따로 할 수 있는 건가?,C:\Users\yuyao\Desktop\fromm抓取\fromm_dump\01\window_0015.xml,可以分開設定嗎？
,PM 11:58,선우,씻고 왔음,C:\Users\yuyao\Desktop\fromm抓取\fromm_dump\01\window_0015.xml,洗完澡回來了
,PM 11:59,선우,나 가사도 쓰고 가사 안 나오면 겜 좀 하다가 자께,C:\Users\yuyao\Desktop\fromm抓取\fromm_dump\01\window_0015.xml,我要寫歌詞，寫不出來就玩一下遊戲再睡
,PM 11:59,선우,얼른 자 ㅎㅎㅎㅎㅎ🫶,C:\Users\yuyao\Desktop\fromm抓取\fromm_dump\01\window_0015.xml,快點睡ㅎㅎㅎㅎㅎ🫶
,AM 9:04,선우,[media/no text],C:\Users\yuyao\Desktop\fromm抓取\fromm_dump\01\window_0017.xml,
,AM 9:05,선우,[media/no text],C:\Users\yuyao\Desktop\fromm抓取\fromm_dump\01\window_0020.xml,
,AM 9:08,선우,[media/no text],C:\Users\yuyao\Desktop\fromm抓取\fromm_dump\01\window_0024.xml,
,AM 9:11,선우,[media/no text],C:\Users\yuyao\Desktop\fromm抓取\fromm_dump\01\window_0028.xml,
,AM 9:13,선우,[media/no text],C:\Users\yuyao\Desktop\fromm抓取\fromm_dump\01\window_0032.xml,
,AM 9:22,선우,play_video,C:\Users\yuyao\Desktop\fromm抓取\fromm_dump\01\window_0036.xml,播放影片
,AM 9:29,선우,play_video,C:\Users\yuyao\Desktop\fromm抓取\fromm_dump\01\window_0036.xml,播放影片
,AM 9:30,선우,play_video,C:\Users\yuyao\Desktop\fromm抓取\fromm_dump\01\window_0037.xml,播放影片
,AM 10:15,선우,"나 사실 잠을 못 자써 지금까지🥲 갑자기 새벽에 코랑 목이 넘 아프고 오한 때뭄에 주사라도 맞고 하려고 했는데 좀 상태가 힘들어서 오늘 아돌라 넘 기다렸울 텐데 진짜 진짜 너무 미안해...!! 공지 나갈 건데 너무 미안하고 기다렸을 텐데 할 수 있는 게 사진 보내주고 이것 밖에 없어서.,, ㅠ 미안해 ㅜㅜㅜㅠㅠ병원가서 치료 바로 받을 거구 걱정하지말구 아픈 게 뭐가 미안하냐고 할 거 알지만 아파서 월요일 아돌라 기다렸을 더비들한테도 모두한테도 피해준 것 같아서 넘 미안하고 ㅠㅠ 빨리 나을게!! 더비 감기 조심해 ... 밥 잘 먹고 비타민도 챙기고 손도 잘 씻는데 걸려써 밖에 나가지마",C:\Users\yuyao\Desktop\fromm抓取\fromm_dump\01\window_0038.xml,"其實我到現在都沒睡著🥲 凌晨突然鼻子跟喉嚨超痛，還發冷，本來想至少去打一針，但狀態有點撐不住。今天大家應該很期待 IDOL RADIO，真的真的太抱歉了...!! 等下會發公告，真的很對不起，你們一定等了很久，但我能做的只有傳照片給你們，真的只剩這樣了.,, ㅠ 對不起 ㅜㅜㅜㅠㅠ 我會去醫院馬上治療，別擔心。我知道你們會說生病有什麼好道歉的，但因為生病，好像讓等著星期一 IDOL RADIO 的 DERBY 們和大家都受影響了，真的很抱歉ㅠㅠ 我會快點好起來!! DERBY 小心感冒... 飯要好好吃、維他命也要吃、手也要洗乾淨，我這樣還是中標了，別出門"
,AM 10:19,선우,지금 맹구랑 콧물로 맞장뜰 수 있음,C:\Users\yuyao\Desktop\fromm抓取\fromm_dump\01\window_0039.xml,我現在可以跟小新用鼻涕一決勝負
,AM 10:21,선우,그리구 다시한 번 진짜 오늘 기다려준 더비들 너무 미안해 안 아플게..! 사랑해 ㅠ,C:\Users\yuyao\Desktop\fromm抓取\fromm_dump\01\window_0039.xml,還有再一次，今天等我的 DERBY 們真的很對不起，我不會再生病了..! 我愛你ㅠ
,AM 12:01,선우,메에에에ㅔㅇ리크리이이이이이이스마아아아앙스💕💕💕💕💕💕💕,C:\Users\yuyao\Desktop\fromm抓取\fromm_dump\01\window_0039.xml,聖～～～～誕～～～～快～～～～樂💕💕💕💕💕💕💕
,AM 12:01,선우,💕💕💕💕💕💕 나는 감기크리스마스젠장,C:\Users\yuyao\Desktop\fromm抓取\fromm_dump\01\window_0040.xml,💕💕💕💕💕💕 我是感冒聖誕，該死
,AM 12:01,선우,아푸지말고 남은 올해도 행복하쟈💕💕💕,C:\Users\yuyao\Desktop\fromm抓取\fromm_dump\01\window_0040.xml,不要生病，剩下的今年也一起幸福吧💕💕💕
,AM 12:01,선우,사랑해🫶,C:\Users\yuyao\Desktop\fromm抓取\fromm_dump\01\window_0040.xml,我愛你🫶
,PM 2:26,선우,새해 복 많이 많이 받고 항상 내 마음속엔 더비들이 일등이야 건강하게 곧 만나자 우리💕,C:\Users\yuyao\Desktop\fromm抓取\fromm_dump\01\window_0041.xml,新年快樂快樂，一直以來 DERBY 們在我心裡都是第一名，我們健康地很快見吧💕
,PM 6:49,선우,여,C:\Users\yuyao\Desktop\fromm抓取\fromm_dump\01\window_0041.xml,嘿
,PM 6:49,선우,~,C:\Users\yuyao\Desktop\fromm抓取\fromm_dump\01\window_0042.xml,~
,PM 6:49,선우,오랜만,C:\Users\yuyao\Desktop\fromm抓取\fromm_dump\01\window_0042.xml,好久不見
,PM 6:50,선우,잘 지냈나 ~,C:\Users\yuyao\Desktop\fromm抓取\fromm_dump\01\window_0042.xml,過得好嗎～
,PM 6:51,선우,몸은 다 나았어~~~~,C:\Users\yuyao\Desktop\fromm抓取\fromm_dump\01\window_0042.xml,身體都好了~~~~
,PM 6:51,선우,감기 드릅게 오래가더라,C:\Users\yuyao\Desktop\fromm抓取\fromm_dump\01\window_0042.xml,感冒真的拖超久
,PM 6:51,선우,ㅋㅋㅋㅋㅋㅋㅋㅋㅋㅋㅋㅋ,C:\Users\yuyao\Desktop\fromm抓取\fromm_dump\01\window_0043.xml,ㅋㅋㅋㅋㅋㅋㅋㅋㅋㅋㅋㅋ
,PM 6:52,선우,오랜만에 스케쥴 한다,C:\Users\yuyao\Desktop\fromm抓取\fromm_dump\01\window_0043.xml,久違地有行程
,PM 6:52,선우,내일,C:\Users\yuyao\Desktop\fromm抓取\fromm_dump\01\window_0043.xml,明天
,PM 6:55,선우,오늘 갑자기 눈와서,C:\Users\yuyao\Desktop\fromm抓取\fromm_dump\01\window_0043.xml,今天突然下雪
,PM 6:55,선우,깜짝 놀랐네,C:\Users\yuyao\Desktop\fromm抓取\fromm_dump\01\window_0043.xml,嚇我一跳
,PM 6:56,선우,요즘 너무 추워,C:\Users\yuyao\Desktop\fromm抓取\fromm_dump\01\window_0044.xml,最近太冷了
,PM 6:58,선우,밥 머거쏘?,C:\Users\yuyao\Desktop\fromm抓取\fromm_dump\01\window_0044.xml,飯吃了嗎？
,PM 6:58,선우,저메추 ㄱ,C:\Users\yuyao\Desktop\fromm抓取\fromm_dump\01\window_0044.xml,晚餐推薦 ㄱ
,PM 7:01,선우,쭈삼 맛있겠닿,C:\Users\yuyao\Desktop\fromm抓取\fromm_dump\01\window_0044.xml,辣炒章魚五花肉應該很好吃ㅎㅎ
,PM 7:02,선우,"나 진짜 청국장 못 먹는데 이제
슬슬",C:\Users\yuyao\Desktop\fromm抓取\fromm_dump\01\window_0045.xml,我真的不能吃清麴醬湯，但現在慢慢地
,PM 7:02,선우,맛을 알아가는 중,C:\Users\yuyao\Desktop\fromm抓取\fromm_dump\01\window_0045.xml,正在懂它的味道
,PM 7:02,선우,음식 향 때문에 진입장벽이 높았는데,C:\Users\yuyao\Desktop\fromm抓取\fromm_dump\01\window_0045.xml,因為食物味道，入門門檻很高
,PM 7:03,선우,코막힐 때 먹으니까,C:\Users\yuyao\Desktop\fromm抓取\fromm_dump\01\window_0045.xml,鼻塞的時候吃
,PM 7:03,선우,맛있더라고,C:\Users\yuyao\Desktop\fromm抓取\fromm_dump\01\window_0045.xml,結果還蠻好吃的
,PM 7:03,선우,맛은 대충 느껴졌으니까,C:\Users\yuyao\Desktop\fromm抓取\fromm_dump\01\window_0046.xml,味道大概感受到了
,PM 7:03,선우,코 뚫린 상태에서 도전해봐야겠다,C:\Users\yuyao\Desktop\fromm抓取\fromm_dump\01\window_0046.xml,等鼻子通了再挑戰看看
,PM 7:04,선우,나 ㅇ요즘 밥 먹으면 진짜 참을 수 없이 졸리던데,C:\Users\yuyao\Desktop\fromm抓取\fromm_dump\01\window_0046.xml,我最近吃完飯真的睏到受不了
,PM 7:05,선우,나랑 같은 사람?,C:\Users\yuyao\Desktop\fromm抓取\fromm_dump\01\window_0046.xml,有跟我一樣的人嗎？
,PM 7:05,선우,이거 어케 극복함,C:\Users\yuyao\Desktop\fromm抓取\fromm_dump\01\window_0047.xml,這個要怎麼克服
,PM 7:05,선우,밥 먹으면 수면제 먹은 것처럼,C:\Users\yuyao\Desktop\fromm抓取\fromm_dump\01\window_0047.xml,吃完飯就像吃了安眠藥一樣
,PM 7:05,선우,잠와,C:\Users\yuyao\Desktop\fromm抓取\fromm_dump\01\window_0047.xml,很想睡
,PM 7:05,선우,혈당 스파이크 때메 그런가 진짜,C:\Users\yuyao\Desktop\fromm抓取\fromm_dump\01\window_0047.xml,真的是因為血糖飆升嗎
,PM 7:06,선우,혈당이 올랐다가 갑자기 내려가면 그런다고 네이버가 알려주긴 하더라,C:\Users\yuyao\Desktop\fromm抓取\fromm_dump\01\window_0047.xml,血糖上升後又突然下降的話會這樣，Naver 是這麼告訴我的
,PM 7:06,선우,밥 먹고 10분 산책하기엔,C:\Users\yuyao\Desktop\fromm抓取\fromm_dump\01\window_0048.xml,吃完飯要散步 10 分鐘的話
,PM 7:06,선우,그 10분안에 얼어죽음,C:\Users\yuyao\Desktop\fromm抓取\fromm_dump\01\window_0048.xml,那 10 分鐘內會先冷死
,PM 7:07,선우,애사비가 머야,C:\Users\yuyao\Desktop\fromm抓取\fromm_dump\01\window_0048.xml,蘋果醋是什麼啊
,PM 7:07,선우,오 사과식초 비슷한 거구나,C:\Users\yuyao\Desktop\fromm抓取\fromm_dump\01\window_0048.xml,喔，原來是跟蘋果醋差不多的東西啊
,PM 7:07,선우,근데 그냥 알약 같은 건 없음?,C:\Users\yuyao\Desktop\fromm抓取\fromm_dump\01\window_0049.xml,可是沒有像藥錠那種嗎？
,PM 7:08,선우,먹기 편한 거,C:\Users\yuyao\Desktop\fromm抓取\fromm_dump\01\window_0049.xml,吃起來方便的
,PM 7:08,선우,오 알약도 있고 젤리도 있다구?,C:\Users\yuyao\Desktop\fromm抓取\fromm_dump\01\window_0049.xml,喔，有藥錠也有軟糖？
,PM 7:08,선우,좋은데?,C:\Users\yuyao\Desktop\fromm抓取\fromm_dump\01\window_0049.xml,不錯欸？
,PM 7:08,선우,시키고 옴 ㄱㄷ,C:\Users\yuyao\Desktop\fromm抓取\fromm_dump\01\window_0049.xml,我去下單，等我
,PM 7:12,선우,시켰는대,C:\Users\yuyao\Desktop\fromm抓取\fromm_dump\01\window_0050.xml,下單了
,PM 7:12,선우,이거,C:\Users\yuyao\Desktop\fromm抓取\fromm_dump\01\window_0050.xml,這個
,PM 7:12,선우,왤케 비싸;,C:\Users\yuyao\Desktop\fromm抓取\fromm_dump\01\window_0050.xml,怎麼這麼貴；
,PM 7:12,선우,애사비 젤리 시킴,C:\Users\yuyao\Desktop\fromm抓取\fromm_dump\01\window_0050.xml,買了蘋果醋軟糖
,PM 7:12,선우,60정 3통,C:\Users\yuyao\Desktop\fromm抓取\fromm_dump\01\window_0050.xml,60 顆 3 罐
,PM 7:12,선우,칠만 얼마,C:\Users\yuyao\Desktop\fromm抓取\fromm_dump\01\window_0051.xml,七萬多
,PM 7:13,선우,내가 먹어보고,C:\Users\yuyao\Desktop\fromm抓取\fromm_dump\01\window_0051.xml,我吃吃看之後
,PM 7:13,선우,후기 알려줌,C:\Users\yuyao\Desktop\fromm抓取\fromm_dump\01\window_0051.xml,告訴你們心得
,PM 7:13,선우,밥 먹고 안 졸린지 ㅋ,C:\Users\yuyao\Desktop\fromm抓取\fromm_dump\01\window_0051.xml,看吃完飯會不會不睏ㅋ
,PM 7:13,선우,내가 겪어볼 테니 그리고 떤민수 ㄱ ㄱ,C:\Users\yuyao\Desktop\fromm抓取\fromm_dump\01\window_0051.xml,我先親身試試看，然後大家再跟著善旴同款 ㄱㄱ
,PM 7:13,선우,한달 정도 꾸준히,C:\Users\yuyao\Desktop\fromm抓取\fromm_dump\01\window_0052.xml,大概一個月持續
,PM 7:14,선우,복용 후 리뷰 남길게요~!,C:\Users\yuyao\Desktop\fromm抓取\fromm_dump\01\window_0052.xml,服用後我會來留心得～！
,PM 7:14,선우,탄수화물 적게 먹기앤,C:\Users\yuyao\Desktop\fromm抓取\fromm_dump\01\window_0052.xml,要少吃碳水的話
,PM 7:14,선우,엔,C:\Users\yuyao\Desktop\fromm抓取\fromm_dump\01\window_0052.xml,的話
,PM 7:14,선우,탄수화물이 맛있는 걸 .. ㅜㅠ,C:\Users\yuyao\Desktop\fromm抓取\fromm_dump\01\window_0052.xml,可是碳水很好吃啊..ㅜㅠ
,PM 7:15,선우,밀가루 탄수화물 안 먹으면 넘 좋겠지만,C:\Users\yuyao\Desktop\fromm抓取\fromm_dump\01\window_0053.xml,如果不吃麵粉和碳水當然很好
,PM 7:15,선우,그럼 먹을게 없잖아,C:\Users\yuyao\Desktop\fromm抓取\fromm_dump\01\window_0053.xml,那不就沒東西可以吃了
,PM 7:15,선우,물만 마셔?,C:\Users\yuyao\Desktop\fromm抓取\fromm_dump\01\window_0053.xml,只喝水嗎？
,PM 7:16,선우,밀가루와 탄수화물을 맘 껏 먹어도,C:\Users\yuyao\Desktop\fromm抓取\fromm_dump\01\window_0053.xml,希望能出現一種就算盡情吃麵粉和碳水
,PM 7:16,선우,"건강해지는 약이
생겼으면 조켓당",C:\Users\yuyao\Desktop\fromm抓取\fromm_dump\01\window_0054.xml,也會變健康的藥
,PM 7:16,선우,헤헤,C:\Users\yuyao\Desktop\fromm抓取\fromm_dump\01\window_0054.xml,嘿嘿
,PM 7:17,선우,이과 화이팅!💕,C:\Users\yuyao\Desktop\fromm抓取\fromm_dump\01\window_0054.xml,理科加油！💕
,PM 7:18,선우,문과는 세상을 아름답게 이과는 세상을 이롭게 예체능은 세상을 다채롭게,C:\Users\yuyao\Desktop\fromm抓取\fromm_dump\01\window_0054.xml,文科讓世界變美，理科讓世界變得有益，藝體能讓世界變得多采多姿
,PM 7:18,선우,각자의 역할을 열심히 해보자,C:\Users\yuyao\Desktop\fromm抓取\fromm_dump\01\window_0055.xml,大家都努力做好各自的角色吧
,PM 7:18,선우,ㅋ,C:\Users\yuyao\Desktop\fromm抓取\fromm_dump\01\window_0055.xml,ㅋ
,PM 7:21,선우,공평하게 문과도 화이팅 하라고?,C:\Users\yuyao\Desktop\fromm抓取\fromm_dump\01\window_0055.xml,你說也要公平地叫文科加油？
,PM 7:21,선우,그래,C:\Users\yuyao\Desktop\fromm抓取\fromm_dump\01\window_0055.xml,好
,PM 7:22,선우,문과 화이팅💕,C:\Users\yuyao\Desktop\fromm抓取\fromm_dump\01\window_0055.xml,文科加油💕
,PM 7:22,선우,예체능 화이팅💕,C:\Users\yuyao\Desktop\fromm抓取\fromm_dump\01\window_0056.xml,藝體能加油💕
,PM 7:22,선우,아무 것도 해당 안된다고 해도 화이팅💕,C:\Users\yuyao\Desktop\fromm抓取\fromm_dump\01\window_0056.xml,就算什麼都不屬於也加油💕
,PM 7:23,선우,26살 실화냐,C:\Users\yuyao\Desktop\fromm抓取\fromm_dump\01\window_0056.xml,26 歲是真的嗎
,PM 7:23,선우,점점 무섭다 시간이,C:\Users\yuyao\Desktop\fromm抓取\fromm_dump\01\window_0056.xml,時間越來越可怕了
,PM 7:23,선우,더보이즈만 햤는데 벌써 26이야,C:\Users\yuyao\Desktop\fromm抓取\fromm_dump\01\window_0056.xml,我只做了 THE BOYZ，結果已經 26 了
,PM 7:23,선우,교복입고 댕길 때 더보이즈 했는데,C:\Users\yuyao\Desktop\fromm抓取\fromm_dump\01\window_0057.xml,穿著校服到處跑的時候開始做 THE BOYZ
,PM 7:24,선우,군복 입을 때까지 더보이즈라니,C:\Users\yuyao\Desktop\fromm抓取\fromm_dump\01\window_0057.xml,竟然做到要穿軍服的時候還是 THE BOYZ
,PM 7:24,선우,내 삶이네 이젠,C:\Users\yuyao\Desktop\fromm抓取\fromm_dump\01\window_0057.xml,現在這就是我的人生了
,PM 7:25,선우,생각할 수록 26살 신기해,C:\Users\yuyao\Desktop\fromm抓取\fromm_dump\01\window_0057.xml,越想越覺得 26 歲很神奇
,PM 7:26,선우,06년생이 이젠 성인이라니,C:\Users\yuyao\Desktop\fromm抓取\fromm_dump\01\window_0058.xml,06 年生現在竟然成年了
,PM 7:26,선우,거짓말 치지마!!!!!!!!!!!,C:\Users\yuyao\Desktop\fromm抓取\fromm_dump\01\window_0058.xml,不要騙人!!!!!!!!!!!
,PM 7:27,선우,꼰대 젤 싫어하는데 점점 시간 조금씩 지날 수록,C:\Users\yuyao\Desktop\fromm抓取\fromm_dump\01\window_0058.xml,我最討厭老害了，但時間一點點過去之後
,PM 7:27,선우,그게 나야,C:\Users\yuyao\Desktop\fromm抓取\fromm_dump\01\window_0058.xml,那個人就是我
,PM 7:27,선우,뚜밥 두밥 두비두밥,C:\Users\yuyao\Desktop\fromm抓取\fromm_dump\01\window_0058.xml,嘟吧嘟吧嘟比嘟吧
,PM 7:29,선우,하난 너야,C:\Users\yuyao\Desktop\fromm抓取\fromm_dump\01\window_0059.xml,其中一個就是你
,PM 7:29,선우,뚜밥두밥 드비두밥,C:\Users\yuyao\Desktop\fromm抓取\fromm_dump\01\window_0059.xml,嘟吧嘟吧 DERBY 嘟吧
,PM 7:29,선우,젊꼰이라는 걸 느끼는 순간은,C:\Users\yuyao\Desktop\fromm抓取\fromm_dump\01\window_0059.xml,感覺自己成了年輕老害的瞬間是
,PM 7:29,선우,내 앞가림이나 잘하면 되는데 자꾸 나보다 어린 친구들에게 조언을 해주고 싶은 병이 생김,C:\Users\yuyao\Desktop\fromm抓取\fromm_dump\01\window_0059.xml,明明顧好自己就好，卻老是得了一種想給比我小的朋友建議的病
,PM 7:30,선우,"내가 조금이라도 겪었던 걸 안 겪게 해주고픈 마음이랄까,,,",C:\Users\yuyao\Desktop\fromm抓取\fromm_dump\01\window_0060.xml,"大概是想讓他們不要經歷我多少經歷過的事吧,,,"
,PM 7:30,선우,"내게 조언을 남긴 수많은 어른들의 마음을 이제야 헤아려요,,",C:\Users\yuyao\Desktop\fromm抓取\fromm_dump\01\window_0060.xml,"現在才理解那些曾經給我建議的大人們的心情,,"
,PM 7:30,선우,하지만,C:\Users\yuyao\Desktop\fromm抓取\fromm_dump\01\window_0060.xml,但是
,PM 7:31,선우,나처럼 본인이 겪기 전까진,C:\Users\yuyao\Desktop\fromm抓取\fromm_dump\01\window_0060.xml,就像我一樣，在本人親身經歷之前
,PM 7:31,선우,ʕ•ﻌ•ʔฅ말이 귓등으로도 안 들릴 걸 알지,C:\Users\yuyao\Desktop\fromm抓取\fromm_dump\01\window_0061.xml,ʕ•ﻌ•ʔฅ話大概連耳邊風都不會聽進去吧
,PM 7:31,선우,엥 애칭 잘 못 나감,C:\Users\yuyao\Desktop\fromm抓取\fromm_dump\01\window_0061.xml,欸，暱稱不小心發錯了
,PM 7:31,선우,니 말이 귓등으로도 안들린다는 게 아니야,C:\Users\yuyao\Desktop\fromm抓取\fromm_dump\01\window_0061.xml,不是說你的話我連耳邊風都不聽
,PM 7:31,선우,ㅋㅋㅋㅋㅋㅋㅋㅋㅋㅋㅋㅋㅋㅋㅋㅋㅋㅋㅋ,C:\Users\yuyao\Desktop\fromm抓取\fromm_dump\01\window_0061.xml,ㅋㅋㅋㅋㅋㅋㅋㅋㅋㅋㅋㅋㅋㅋㅋㅋㅋㅋㅋ
,PM 7:31,선우,전송버튼 꾹 누르면 애칭 발사된단 말야,C:\Users\yuyao\Desktop\fromm抓取\fromm_dump\01\window_0062.xml,長按傳送鍵的話暱稱會發射出去啦
,PM 7:31,선우,방금 실수임,C:\Users\yuyao\Desktop\fromm抓取\fromm_dump\01\window_0062.xml,剛剛是失誤
,PM 7:32,선우,꾸욱 누르면 애칭이 뿅하고 발사됨,C:\Users\yuyao\Desktop\fromm抓取\fromm_dump\01\window_0062.xml,按～～住的話暱稱會啵一下發射出去
,PM 7:32,선우,ʕ•ﻌ•ʔฅ,C:\Users\yuyao\Desktop\fromm抓取\fromm_dump\01\window_0062.xml,ʕ•ﻌ•ʔฅ
,PM 7:32,선우,방금도 발사,C:\Users\yuyao\Desktop\fromm抓取\fromm_dump\01\window_0062.xml,剛剛也發射了
,PM 7:32,선우,어쨌든,C:\Users\yuyao\Desktop\fromm抓取\fromm_dump\01\window_0063.xml,總之
,PM 7:32,선우,꼰대 지망생 여러분,C:\Users\yuyao\Desktop\fromm抓取\fromm_dump\01\window_0063.xml,各位老害志願生
,PM 7:32,선우,우리 꼰대 지망생들은 적어도,C:\Users\yuyao\Desktop\fromm抓取\fromm_dump\01\window_0063.xml,我們這些老害志願生至少
,PM 7:33,선우,어린 친구들에게 간섭은 하지 말기로 해요,C:\Users\yuyao\Desktop\fromm抓取\fromm_dump\01\window_0063.xml,不要去干涉年輕朋友們吧
,PM 7:33,선우,꼰대도 급이 나뉨,C:\Users\yuyao\Desktop\fromm抓取\fromm_dump\01\window_0064.xml,老害也是有分等級的
,PM 7:34,선우,이런 거 하지말라며 간섭하면서 자기가 살아온 삶이 정답인 것처럼 시야를 좁게 만들면 하꼰,C:\Users\yuyao\Desktop\fromm抓取\fromm_dump\01\window_0064.xml,一邊干涉說不要做這個、不要做那個，一邊好像自己走過的人生就是正解一樣，讓別人的視野變窄，那就是低階老害
,PM 7:35,선우,내가 이렇게 행동했을 땐 이런 경우도 있더라 하고 예시만 들어주며 하나의 경우의 수만 알려주면 상꼰,C:\Users\yuyao\Desktop\fromm抓取\fromm_dump\01\window_0064.xml,當我這樣做的時候，也有這種情況喔，像這樣只舉例告訴對方其中一種可能性的話，就是高階老害
,PM 7:36,선우,지금처럼 예시를 들며 내 생각을 정답인 것처럼 말하는 나는 중꼰,C:\Users\yuyao\Desktop\fromm抓取\fromm_dump\01\window_0065.xml,像現在這樣舉例，卻把自己的想法講得像正解一樣的我，就是中階老害
,PM 7:37,선우,"아니 사실 난 누가 어떻게
살든 내 상관은 아닌데",C:\Users\yuyao\Desktop\fromm抓取\fromm_dump\01\window_0065.xml,"不是啦，其實別人要怎麼
生活都不關我的事"
,PM 7:37,선우,그냥 서로 인생 얘기하는 게,C:\Users\yuyao\Desktop\fromm抓取\fromm_dump\01\window_0065.xml,只是彼此聊人生故事這件事
,PM 7:37,선우,재미져서 그런 걸 조아해,C:\Users\yuyao\Desktop\fromm抓取\fromm_dump\01\window_0065.xml,很好玩，所以我喜歡
,PM 7:37,선우,나만 조아했을라나,C:\Users\yuyao\Desktop\fromm抓取\fromm_dump\01\window_0065.xml,不會只有我喜歡吧
,PM 7:38,선우,방금 질문이 있었는데,C:\Users\yuyao\Desktop\fromm抓取\fromm_dump\01\window_0066.xml,剛剛有個問題
,PM 7:38,선우,누군가를 죽도록 미워해본 적이 있냐고,C:\Users\yuyao\Desktop\fromm抓取\fromm_dump\01\window_0066.xml,問我有沒有曾經恨一個人恨到要死
,PM 7:38,선우,흠,C:\Users\yuyao\Desktop\fromm抓取\fromm_dump\01\window_0066.xml,嗯
,PM 7:38,선우,난 없던 것 같아,C:\Users\yuyao\Desktop\fromm抓取\fromm_dump\01\window_0066.xml,我好像沒有過
,PM 7:39,선우,있었던 사람 있음?,C:\Users\yuyao\Desktop\fromm抓取\fromm_dump\01\window_0066.xml,有人有過嗎？
,PM 7:39,선우,난 근데 싫어하는 사람. 이라는 개념자체그,C:\Users\yuyao\Desktop\fromm抓取\fromm_dump\01\window_0067.xml,但我好像連『討厭的人』這個概念本身
,PM 7:39,선우,가,C:\Users\yuyao\Desktop\fromm抓取\fromm_dump\01\window_0067.xml,都
,PM 7:39,선우,없는 것 같아,C:\Users\yuyao\Desktop\fromm抓取\fromm_dump\01\window_0067.xml,沒有欸
,PM 7:39,선우,좋아하는 사람 or 누구세요,C:\Users\yuyao\Desktop\fromm抓取\fromm_dump\01\window_0067.xml,喜歡的人 or 你誰啊
,PM 7:39,선우,느낌쓰,C:\Users\yuyao\Desktop\fromm抓取\fromm_dump\01\window_0067.xml,大概這種感覺
,PM 7:40,선우,애초에 난 어떤 관계든,C:\Users\yuyao\Desktop\fromm抓取\fromm_dump\01\window_0068.xml,一開始我不管什麼關係
,PM 7:40,선우,애매한 감정을 두고 계산하는 관계는,C:\Users\yuyao\Desktop\fromm抓取\fromm_dump\01\window_0068.xml,那種帶著曖昧情緒又要算計的關係
,PM 7:40,선우,곁에 없는 듯,C:\Users\yuyao\Desktop\fromm抓取\fromm_dump\01\window_0068.xml,好像都不在我身邊
,PM 7:41,선우,모두에게 사랑 받고 싶어서 한 직업인데,C:\Users\yuyao\Desktop\fromm抓取\fromm_dump\01\window_0068.xml,這是個想被所有人愛才做的職業
,PM 7:41,선우,오히려,C:\Users\yuyao\Desktop\fromm抓取\fromm_dump\01\window_0069.xml,反而
,PM 7:41,선우,이 일 하면서,C:\Users\yuyao\Desktop\fromm抓取\fromm_dump\01\window_0069.xml,做這份工作之後
,PM 7:41,선우,모두에게 사랑 받을 필요 없고 모두에게 좋게 보일 필요 없구나 라는 걸 느꼈어,C:\Users\yuyao\Desktop\fromm抓取\fromm_dump\01\window_0069.xml,我感覺到其實沒有必要被所有人愛，也沒有必要讓所有人都覺得我好
,PM 7:41,선우,객관적으로 좋고 나쁘고를 떠나서,C:\Users\yuyao\Desktop\fromm抓取\fromm_dump\01\window_0069.xml,先不論客觀上的好與壞
,PM 7:42,선우,그냥 모두의 마음에 쏙 들어야지 라는 마음이,C:\Users\yuyao\Desktop\fromm抓取\fromm_dump\01\window_0070.xml,那種『我一定要完全合所有人的心意』的心態
,PM 7:42,선우,병들 수 밖에 없는 마음인 것 같음 시간이 지날 수록,C:\Users\yuyao\Desktop\fromm抓取\fromm_dump\01\window_0070.xml,隨著時間過去，好像就是一種必然會生病的心態
,PM 7:43,선우,내가 좋아하는 사람에게 진심을 다하고 날 좋아해주는 사람에게 진심을 다하면 되는 것 같아,C:\Users\yuyao\Desktop\fromm抓取\fromm_dump\01\window_0070.xml,我覺得只要真心對待我喜歡的人，也真心對待喜歡我的人就好了
,PM 7:43,선우,근데 모두에게 좋은 사람이 되려고 하는 사람은 오히려 더 성숙한 사람일 수도 있는 거지,C:\Users\yuyao\Desktop\fromm抓取\fromm_dump\01\window_0070.xml,但想成為對所有人都好的人，反而也可能是更成熟的人吧
,PM 7:44,선우,근데 그렇지 못하는 사람들로 인해서 산처를 받게 되면,C:\Users\yuyao\Desktop\fromm抓取\fromm_dump\01\window_0071.xml,可是如果因為那些做不到的人而受傷的話
,PM 7:44,선우,그 마음이 무너지면 내 자신이 손해잖아,C:\Users\yuyao\Desktop\fromm抓取\fromm_dump\01\window_0071.xml,那份心意崩塌了，吃虧的是自己啊
,PM 7:44,선우,소문은 항상 부풀려지고 없는 얘기가 나오고,C:\Users\yuyao\Desktop\fromm抓取\fromm_dump\01\window_0071.xml,傳聞總是會被放大，也會出現不存在的話
,PM 7:45,선우,거기에 억울하고,C:\Users\yuyao\Desktop\fromm抓取\fromm_dump\01\window_0071.xml,因此感到委屈
,PM 7:45,선우,그런 적도 너무 많은데,C:\Users\yuyao\Desktop\fromm抓取\fromm_dump\01\window_0072.xml,那樣的時候也真的太多了
,PM 7:45,선우,적어도 내 사람들과 내 자신이 아니란 걸 알면,C:\Users\yuyao\Desktop\fromm抓取\fromm_dump\01\window_0072.xml,但至少只要我的人和我自己知道不是那樣
,PM 7:45,선우,그 후부터는 내가 컨트롤 할 수 없는 영역임,C:\Users\yuyao\Desktop\fromm抓取\fromm_dump\01\window_0072.xml,從那之後就是我無法控制的領域了
,PM 7:46,선우,그런 이후부터 나부터 소문은 믿지 않게 되더라고,C:\Users\yuyao\Desktop\fromm抓取\fromm_dump\01\window_0072.xml,那之後開始，我自己也變得不相信傳聞了
,PM 7:48,선우,내가 잘 알고 믿지 않는 남의 말을 함부로 믿고 말을 옮기는 것이 얼마나 무서운 일인지 알면 그러지 못하게 되더라구,C:\Users\yuyao\Desktop\fromm抓取\fromm_dump\01\window_0073.xml,如果知道隨便相信、轉述自己不了解也不確信的別人的話，是多麼可怕的事，就不會那樣做了
,PM 7:48,선우,왜냐면 상처를 받는 대부분이 그런 인간관계에서 누가 저랬다더라 얘가 너 이렇게 얘기했다더라,C:\Users\yuyao\Desktop\fromm抓取\fromm_dump\01\window_0073.xml,因為大多數受傷，都是在人際關係裡被『聽說誰那樣說』『他說你怎樣怎樣』
,PM 7:49,선우,이런 거에 휩쓸려서 상처가 나니까,C:\Users\yuyao\Desktop\fromm抓取\fromm_dump\01\window_0073.xml,這種話捲進去才受傷的
,PM 7:49,선우,그냥 내가 듣고 보고 확인한 거 아니면 믿고 거르고 직접 확인하는 태도를 가지려고 노력하면 그로인한 상처도 줄고 그로인한 상처도 안 주게 됨,C:\Users\yuyao\Desktop\fromm抓取\fromm_dump\01\window_0074.xml,只要努力養成『不是我親耳聽到、親眼看到、親自確認的事，就先過濾掉並直接確認』的態度，就能減少因此受的傷，也不會因此傷害別人
,PM 7:49,선우,말은 파도 같은 거라서,C:\Users\yuyao\Desktop\fromm抓取\fromm_dump\01\window_0074.xml,話語就像海浪一樣
,PM 7:51,선우,휩쓸려와서 내가 상처 입어도 다시 언제 그랬냐는 듯 그런 말들은 파도 물 빠지듯 빠지고 결국 상처입은 나만 남음,C:\Users\yuyao\Desktop\fromm抓取\fromm_dump\01\window_0074.xml,就算被捲過來害我受傷，那些話也會像退潮一樣若無其事地消失，最後只剩受傷的我
,PM 7:52,선우,그러니까 휩쓸리며 살 필요 전혀! 없다! 이거지,C:\Users\yuyao\Desktop\fromm抓取\fromm_dump\01\window_0075.xml,所以根本完全！沒有必要被捲著活！就是這樣
,PM 7:52,선우,아이러니 하게도 정작 날 휩쓰는 사람들은 날 책임져 주지 않는 사람들임,C:\Users\yuyao\Desktop\fromm抓取\fromm_dump\01\window_0075.xml,諷刺的是，真正把我捲進去的人，都是不會對我負責的人
,PM 7:54,선우,그런 누군가의 생각없는 가벼운 언행들로 소중하게 감춰둔 자기 자신 마음에 상처 안 나게,C:\Users\yuyao\Desktop\fromm抓取\fromm_dump\01\window_0075.xml,為了不要因為某些人那些沒想太多、輕率的言行，讓自己珍藏在心裡的那份心受傷
,PM 7:55,선우,풍문에 귀기울일 필요 없다~!,C:\Users\yuyao\Desktop\fromm抓取\fromm_dump\01\window_0075.xml,沒有必要去聽那些風言風語～！
,PM 7:55,선우,"그저 내가
사랑해~ 라고 하는 것만",C:\Users\yuyao\Desktop\fromm抓取\fromm_dump\01\window_0076.xml,"只要聽我說
我愛你～這句話"
,PM 7:55,선우,들어라 ~,C:\Users\yuyao\Desktop\fromm抓取\fromm_dump\01\window_0076.xml,就好了～
,PM 7:55,선우,이 말이야~,C:\Users\yuyao\Desktop\fromm抓取\fromm_dump\01\window_0076.xml,就是這個意思～
,PM 7:55,선우,근데 이건 뭐 내가 이랬다 저런 일이 있었다 해서 말하는 게 아니라,C:\Users\yuyao\Desktop\fromm抓取\fromm_dump\01\window_0076.xml,但這也不是因為我發生了什麼、遇到什麼事才講的
,PM 7:55,선우,그냥 더비들도,C:\Users\yuyao\Desktop\fromm抓取\fromm_dump\01\window_0077.xml,只是 DERBY 們也
,PM 7:56,선우,분명 인간관계에서 힘듦이 있을 텐데,C:\Users\yuyao\Desktop\fromm抓取\fromm_dump\01\window_0077.xml,在人際關係裡一定也會有辛苦的時候
,PM 7:56,선우,자기 자신에게 상처를 내지 않았으면 해서 하는 말이얌,C:\Users\yuyao\Desktop\fromm抓取\fromm_dump\01\window_0077.xml,我是希望你們不要讓自己受傷，才說這些的唷
,PM 8:00,선우,그런데 가끔 가시가 안 쪽으로 나 있어서나를 찌르니까 그걸 차라리 밖으로 내보내는 사람들도 있단 말야 내가 다칠까봐 가시를 밖에 치는 거지 근데 그러는 방법이 결코 해결법은 아니라고 생각해 나는,C:\Users\yuyao\Desktop\fromm抓取\fromm_dump\01\window_0078.xml,可是有時候刺是往裡長的，會刺傷自己，所以有些人乾脆把刺往外伸，因為怕自己受傷才把刺豎在外面。但我覺得那種方法絕對不是解決辦法
,PM 8:00,선우,간단한 일이 아니지만 간단하게 생각하는 게 중요한 듯,C:\Users\yuyao\Desktop\fromm抓取\fromm_dump\01\window_0078.xml,雖然不是簡單的事，但簡單地去想好像很重要
,PM 8:01,선우,ㅇㅋ 내가 마음 먼저 줄게 그런데 너가 그럴 생각도 없어보이고 마음을 안주네? ㅇㅋ 우리뉴인연이 아닌가보다 다음~!,C:\Users\yuyao\Desktop\fromm抓取\fromm_dump\01\window_0078.xml,OK 我先付出真心，可是你看起來也沒有那個意思，也不給我真心？OK 看來我們不是這段緣分，下一位～！
,PM 8:01,선우,우리는*,C:\Users\yuyao\Desktop\fromm抓取\fromm_dump\01\window_0078.xml,是我們*
,PM 8:01,선우,마음 줄게~! 오 너두 같나보네? ㅇㅋ 넌 내사람~,C:\Users\yuyao\Desktop\fromm抓取\fromm_dump\01\window_0079.xml,我會付出真心～！喔你也一樣嗎？OK 你就是我的人～
,PM 8:01,선우,예를 들면 살짝 요런 마인드 ㅋ,C:\Users\yuyao\Desktop\fromm抓取\fromm_dump\01\window_0079.xml,舉例來說，就是稍微像這種心態ㅋ
,PM 8:03,선우,계산적으로 마음을 주라는 게 아니구 모두가 날 좋아할 수 없다는 걸 인지한 뒤에 그 상황마다 ㅇㅋ 그럴 수도 있지 이렇게 생각하는 게 도움이 되더라구,C:\Users\yuyao\Desktop\fromm抓取\fromm_dump\01\window_0079.xml,不是要你算計著付出真心，而是先認知到不是所有人都會喜歡我之後，在每個狀況裡想著『OK，也可能會這樣吧』，這樣真的滿有幫助的
,PM 8:03,선우,울 더비들도 인간관계,C:\Users\yuyao\Desktop\fromm抓取\fromm_dump\01\window_0079.xml,我們 DERBY 們的人際關係
,PM 8:03,선우,화이팅💕,C:\Users\yuyao\Desktop\fromm抓取\fromm_dump\01\window_0080.xml,加油💕
,PM 8:04,선우,이상 중꼰의 인간관계 강의 마치겠습니다,C:\Users\yuyao\Desktop\fromm抓取\fromm_dump\01\window_0080.xml,以上，中階老害的人際關係講座到此結束
,PM 8:04,선우,다음 번엔,C:\Users\yuyao\Desktop\fromm抓取\fromm_dump\01\window_0080.xml,下次呢
,PM 8:04,선우,자존감 강의로 찾아뵙겠습니다,C:\Users\yuyao\Desktop\fromm抓取\fromm_dump\01\window_0080.xml,我會帶著自尊感講座來見大家
,PM 8:04,선우,전 밥 먹으러 갈게요💕,C:\Users\yuyao\Desktop\fromm抓取\fromm_dump\01\window_0081.xml,我要去吃飯了💕
,PM 8:05,선우,금방 봬요💕,C:\Users\yuyao\Desktop\fromm抓取\fromm_dump\01\window_0081.xml,很快再見💕
,PM 8:05,선우,밥 챙기고 감기 개무서우니까 조심하고 손 잘 씻고 아무 거나 주워 먹지말고,C:\Users\yuyao\Desktop\fromm抓取\fromm_dump\01\window_0081.xml,記得吃飯，感冒超可怕所以要小心，手要洗乾淨，不要亂撿東西吃
,PM 8:05,선우,아무거나*,C:\Users\yuyao\Desktop\fromm抓取\fromm_dump\01\window_0081.xml,是任何東西*
,PM 8:05,선우,빠이,C:\Users\yuyao\Desktop\fromm抓取\fromm_dump\01\window_0081.xml,掰
,PM 8:05,선우,💕,C:\Users\yuyao\Desktop\fromm抓取\fromm_dump\01\window_0082.xml,💕
,PM 8:10,선우,맞다 그리고 혼자라고 생각하지 말고 절대 !,C:\Users\yuyao\Desktop\fromm抓取\fromm_dump\01\window_0082.xml,對了，還有絕對不要覺得自己是一個人！
,PM 8:11,선우,적어도 나는 더비가 준 진심 외면하지 않는 사람이 될 테니,C:\Users\yuyao\Desktop\fromm抓取\fromm_dump\01\window_0082.xml,至少我會成為不會無視 DERBY 給我的真心的人
,PM 8:11,선우,나도 진심으로 응원해주고 사랑해줘서 고맙고 나도 응원하고 사랑할게💕💕,C:\Users\yuyao\Desktop\fromm抓取\fromm_dump\01\window_0082.xml,也謝謝你們真心替我加油、愛我，我也會替你們加油、愛你們的💕💕
,PM 8:15,선우,진실이 아닌 말들에 의해 부풀려진 말들에 의해 상처 받은 적이 있다면,C:\Users\yuyao\Desktop\fromm抓取\fromm_dump\01\window_0083.xml,如果曾經被不真實的話、被誇大的話傷害過
,PM 8:16,선우,적어도 나는 알아 더비가 그런 사람이 아니란 걸,C:\Users\yuyao\Desktop\fromm抓取\fromm_dump\01\window_0083.xml,至少我知道 DERBY 不是那樣的人
,PM 8:16,선우,그러니까,C:\Users\yuyao\Desktop\fromm抓取\fromm_dump\01\window_0083.xml,所以
,PM 8:16,선우,따뜻한 밤 되세요,C:\Users\yuyao\Desktop\fromm抓取\fromm_dump\01\window_0083.xml,祝你有個溫暖的夜晚
,PM 8:16,선우,사랑합니다,C:\Users\yuyao\Desktop\fromm抓取\fromm_dump\01\window_0084.xml,我愛你
,AM 2:25,선우,잘자,C:\Users\yuyao\Desktop\fromm抓取\fromm_dump\01\window_0084.xml,晚安
,AM 2:25,선우,자고 일나서 얘기 나누자 ㅋ,C:\Users\yuyao\Desktop\fromm抓取\fromm_dump\01\window_0084.xml,睡醒之後再聊天吧ㅋ
,AM 2:29,선우,아니 벌써 마지막 프롬이 일주일이나 지났다고?,C:\Users\yuyao\Desktop\fromm抓取\fromm_dump\01\window_0084.xml,不是，距離上次 Fromm 居然已經過一週了？
,AM 2:29,선우,말도 안돼,C:\Users\yuyao\Desktop\fromm抓取\fromm_dump\01\window_0085.xml,太扯了
,AM 2:35,선우,한 4일 된 줄 알았는데 ㅋ,C:\Users\yuyao\Desktop\fromm抓取\fromm_dump\01\window_0085.xml,我還以為大概才 4 天ㅋ
,AM 2:35,선우,기다랴줘서 고마옹🫶,C:\Users\yuyao\Desktop\fromm抓取\fromm_dump\01\window_0085.xml,謝謝你等我喔🫶
,AM 2:35,선우,나 잔다 ㄹㅇ,C:\Users\yuyao\Desktop\fromm抓取\fromm_dump\01\window_0085.xml,我真的要睡了 ㄹㅇ
,AM 2:35,선우,눈알 무겁다 지금,C:\Users\yuyao\Desktop\fromm抓取\fromm_dump\01\window_0085.xml,現在眼皮超重
,AM 2:35,선우,잘 자🥱💕,C:\Users\yuyao\Desktop\fromm抓取\fromm_dump\01\window_0086.xml,晚安🥱💕
,AM 2:36,선우,내꿈꾸지마셈,C:\Users\yuyao\Desktop\fromm抓取\fromm_dump\01\window_0086.xml,不要夢到我
,AM 2:37,선우,"그럼 깨고 싶지 않아질 테니,,,",C:\Users\yuyao\Desktop\fromm抓取\fromm_dump\01\window_0086.xml,"不然你會不想醒來的,,,"
,AM 2:37,선우,skrr,C:\Users\yuyao\Desktop\fromm抓取\fromm_dump\01\window_0086.xml,skrr
,AM 2:37,선우,진짜 빠이 ㅋ🤤,C:\Users\yuyao\Desktop\fromm抓取\fromm_dump\01\window_0086.xml,真的掰啦ㅋ🤤
,PM 11:06,선우,주연이 형 생축~~,C:\Users\yuyao\Desktop\fromm抓取\fromm_dump\01\window_0087.xml,祝柱延哥生日快樂～～
,PM 11:10,선우,잘 잤오?,C:\Users\yuyao\Desktop\fromm抓取\fromm_dump\01\window_0087.xml,睡得好嗎？
,PM 11:15,선우,티켓팅,C:\Users\yuyao\Desktop\fromm抓取\fromm_dump\01\window_0087.xml,搶票
,PM 11:15,선우,했어??,C:\Users\yuyao\Desktop\fromm抓取\fromm_dump\01\window_0087.xml,搶了嗎？？
,PM 11:15,선우,아직??,C:\Users\yuyao\Desktop\fromm抓取\fromm_dump\01\window_0087.xml,還沒？？
,PM 11:16,선우,아 내일이구나,C:\Users\yuyao\Desktop\fromm抓取\fromm_dump\01\window_0088.xml,啊，原來是明天啊
,PM 11:16,선우,어때 준비들 했어 다?,C:\Users\yuyao\Desktop\fromm抓取\fromm_dump\01\window_0088.xml,怎麼樣，大家都準備好了嗎？
,PM 11:21,선우,다들 건승하시길,C:\Users\yuyao\Desktop\fromm抓取\fromm_dump\01\window_0088.xml,祝大家都成功
,PM 11:21,선우,보고시프니까~,C:\Users\yuyao\Desktop\fromm抓取\fromm_dump\01\window_0088.xml,因為我想見你們嘛～
,PM 11:21,선우,못와도 걱정말구 올해 많이 볼 거야~!,C:\Users\yuyao\Desktop\fromm抓取\fromm_dump\01\window_0088.xml,就算不能來也別擔心，今年會見很多次的～！
,AM 12:11,선우,맞다 나 애사비,C:\Users\yuyao\Desktop\fromm抓取\fromm_dump\01\window_0089.xml,對了，我那個蘋果醋軟糖
,AM 12:11,선우,잘 챙겨먹는 중,C:\Users\yuyao\Desktop\fromm抓取\fromm_dump\01\window_0089.xml,正在好好吃著
,AM 12:11,선우,젤리 맛 나쁘지 않더라고,C:\Users\yuyao\Desktop\fromm抓取\fromm_dump\01\window_0089.xml,軟糖味道還不錯
,AM 12:11,선우,확실히 먹고 식곤증은,C:\Users\yuyao\Desktop\fromm抓取\fromm_dump\01\window_0089.xml,確實吃了之後飯後昏沉
,AM 12:11,선우,우연인진 모르겠는데 없어지긴 함,C:\Users\yuyao\Desktop\fromm抓取\fromm_dump\01\window_0090.xml,不知道是不是巧合，但真的消失了
,AM 12:14,선우,그래도 좀 더,C:\Users\yuyao\Desktop\fromm抓取\fromm_dump\01\window_0090.xml,不過我再多
,AM 12:14,선우,먹어보구,C:\Users\yuyao\Desktop\fromm抓取\fromm_dump\01\window_0090.xml,吃看看
,AM 12:14,선우,알려주껭 ㅎㅎ,C:\Users\yuyao\Desktop\fromm抓取\fromm_dump\01\window_0090.xml,再告訴你們ㅎㅎ
,AM 12:15,선우,졸린 사람,C:\Users\yuyao\Desktop\fromm抓取\fromm_dump\01\window_0090.xml,睏的人
,AM 12:16,선우,졸린 사람은 얼른 자셈 난 씻고 뭐 좀 주워먹고 할 거 좀 있어서 마저하고 자기 전에 인사하러 다시 들릴겡 ㅎㅎ,C:\Users\yuyao\Desktop\fromm抓取\fromm_dump\01\window_0091.xml,睏的人快去睡吧，我要去洗澡，還要找點東西吃，還有一些事要做，做完睡前會再來打招呼ㅎㅎ
,AM 12:17,선우,전 섹시 샤워하러 갑니다,C:\Users\yuyao\Desktop\fromm抓取\fromm_dump\01\window_0091.xml,我要去洗性感澡了
,AM 12:17,선우,ㅃㅃ,C:\Users\yuyao\Desktop\fromm抓取\fromm_dump\01\window_0091.xml,掰掰
,AM 12:17,선우,자는 사람은 미리 잘자💕,C:\Users\yuyao\Desktop\fromm抓取\fromm_dump\01\window_0091.xml,要睡的人先晚安💕
,AM 12:17,선우,오늘도 고생해써💕,C:\Users\yuyao\Desktop\fromm抓取\fromm_dump\01\window_0092.xml,今天也辛苦了💕
,AM 12:18,선우,악몽 꾸지말구 잘자 베이비,C:\Users\yuyao\Desktop\fromm抓取\fromm_dump\01\window_0092.xml,不要做惡夢，晚安 baby
,AM 12:18,선우,움뫄,C:\Users\yuyao\Desktop\fromm抓取\fromm_dump\01\window_0092.xml,啵嘛
,AM 2:09,선우,나도 이제 잔다!!!!,C:\Users\yuyao\Desktop\fromm抓取\fromm_dump\01\window_0092.xml,我現在也要睡了！！！！
,AM 2:09,선우,식곤증 아직 있었음,C:\Users\yuyao\Desktop\fromm抓取\fromm_dump\01\window_0092.xml,飯後昏沉還是有
,AM 2:09,선우,죽지 않고 또 왔네,C:\Users\yuyao\Desktop\fromm抓取\fromm_dump\01\window_0093.xml,沒死成又來了呢
,AM 2:09,선우,잘 자고 이따가 아돌라에서,C:\Users\yuyao\Desktop\fromm抓取\fromm_dump\01\window_0093.xml,好好睡，晚點在 IDOL RADIO
,AM 2:09,선우,보자💕,C:\Users\yuyao\Desktop\fromm抓取\fromm_dump\01\window_0093.xml,見吧💕
,AM 2:09,선우,잘 자라🫶,C:\Users\yuyao\Desktop\fromm抓取\fromm_dump\01\window_0093.xml,晚安啦🫶
,PM 9:01,선우,하이,C:\Users\yuyao\Desktop\fromm抓取\fromm_dump\01\window_0094.xml,嗨
,PM 9:01,선우,머해 ㅋ,C:\Users\yuyao\Desktop\fromm抓取\fromm_dump\01\window_0094.xml,在幹嘛ㅋ
,PM 9:01,선우,에릭 아돌라 잘하고 있나?,C:\Users\yuyao\Desktop\fromm抓取\fromm_dump\01\window_0094.xml,Eric 的 IDOL RADIO 做得還好嗎？
,PM 9:03,선우,생방 보는 중,C:\Users\yuyao\Desktop\fromm抓取\fromm_dump\01\window_0094.xml,我正在看直播
,PM 9:03,선우,방금 킴,C:\Users\yuyao\Desktop\fromm抓取\fromm_dump\01\window_0094.xml,剛剛打開
,PM 9:03,선우,내자리 뺏길 것 같대 영훈이 향이,C:\Users\yuyao\Desktop\fromm抓取\fromm_dump\01\window_0095.xml,泳勳哥好像說我的位置要被搶走了
,PM 9:04,선우,영재 잘한다,C:\Users\yuyao\Desktop\fromm抓取\fromm_dump\01\window_0095.xml,泳宰做得很好
,PM 9:05,선우,ㅋㅋㅋㅋㅋㅋㅋㅋㅋㅋㅋㅋㅋㅋㅋㅋ,C:\Users\yuyao\Desktop\fromm抓取\fromm_dump\01\window_0095.xml,ㅋㅋㅋㅋㅋㅋㅋㅋㅋㅋㅋㅋㅋㅋㅋㅋ
,PM 9:05,선우,귀여어 에릭이,C:\Users\yuyao\Desktop\fromm抓取\fromm_dump\01\window_0095.xml,Eric 好可愛
,PM 9:06,선우,엠비씨 덥즈가 정복한다,C:\Users\yuyao\Desktop\fromm抓取\fromm_dump\01\window_0095.xml,MBC 要被 The Boyz 征服了
,PM 9:07,선우,비주얼 센터 에서 저거 센터 뺐다 본인이,C:\Users\yuyao\Desktop\fromm抓取\fromm_dump\01\window_0096.xml,那個『視覺中心』裡的中心肯定是他自己拿掉的
,PM 9:07,선우,백퍼 ㅋㅋ,C:\Users\yuyao\Desktop\fromm抓取\fromm_dump\01\window_0096.xml,百分百ㅋㅋ
,PM 9:07,선우,겸손한 빵훈,C:\Users\yuyao\Desktop\fromm抓取\fromm_dump\01\window_0096.xml,謙虛的빵훈
,PM 9:07,선우,하긴 내가 있는데 함부로 센터라 말하기 쉽지 않았겠지,C:\Users\yuyao\Desktop\fromm抓取\fromm_dump\01\window_0096.xml,也是啦，有我在，他應該也不敢隨便說自己是中心吧
,PM 9:07,선우,이해해,C:\Users\yuyao\Desktop\fromm抓取\fromm_dump\01\window_0097.xml,我理解
,PM 9:07,선우,겸손하지 않은 선우,C:\Users\yuyao\Desktop\fromm抓取\fromm_dump\01\window_0097.xml,不謙虛的善旴
,PM 9:08,선우,오~별론데~,C:\Users\yuyao\Desktop\fromm抓取\fromm_dump\01\window_0097.xml,喔～不怎麼樣欸～
,PM 9:08,선우,에릭이 넘 잘생겨따 근데,C:\Users\yuyao\Desktop\fromm抓取\fromm_dump\01\window_0097.xml,不過 Eric 太帥了啦
,PM 9:09,선우,토니스타크 보고 아저씨?,C:\Users\yuyao\Desktop\fromm抓取\fromm_dump\01\window_0097.xml,看到 Tony Stark 說大叔？
,PM 9:09,선우,맞긴 하지,C:\Users\yuyao\Desktop\fromm抓取\fromm_dump\01\window_0098.xml,倒也是
,PM 9:09,선우,또떴네,C:\Users\yuyao\Desktop\fromm抓取\fromm_dump\01\window_0098.xml,又跳出來了
,PM 9:09,선우,지금 나,C:\Users\yuyao\Desktop\fromm抓取\fromm_dump\01\window_0098.xml,現在我
,PM 9:10,선우,아,C:\Users\yuyao\Desktop\fromm抓取\fromm_dump\01\window_0098.xml,啊
,PM 9:10,선우,누군데구나,C:\Users\yuyao\Desktop\fromm抓取\fromm_dump\01\window_0098.xml,原來是『你誰啊』
,PM 9:10,선우,개꿀이지,C:\Users\yuyao\Desktop\fromm抓取\fromm_dump\01\window_0099.xml,超賺的吧
,PM 9:10,선우,이건 뭐야,C:\Users\yuyao\Desktop\fromm抓取\fromm_dump\01\window_0099.xml,這是什麼啊
,PM 9:10,선우,아돌라 보는 중임 이해목하는 사람 위해서,C:\Users\yuyao\Desktop\fromm抓取\fromm_dump\01\window_0099.xml,我正在看 IDOL RADIO，給看不懂的人說明一下
,PM 9:10,선우,ㅋㅋ,C:\Users\yuyao\Desktop\fromm抓取\fromm_dump\01\window_0099.xml,ㅋㅋ
,PM 9:10,선우,손가락질,C:\Users\yuyao\Desktop\fromm抓取\fromm_dump\01\window_0099.xml,用手指人
,PM 9:10,선우,킹받는 강아지 그림,C:\Users\yuyao\Desktop\fromm抓取\fromm_dump\01\window_0100.xml,讓人火大的小狗圖
,PM 9:10,선우,외국언냐 얼굴 필터,C:\Users\yuyao\Desktop\fromm抓取\fromm_dump\01\window_0100.xml,外國姐姐臉部濾鏡
,PM 9:11,선우,못들었다,C:\Users\yuyao\Desktop\fromm抓取\fromm_dump\01\window_0100.xml,沒聽到
,PM 9:11,선우,비데?,C:\Users\yuyao\Desktop\fromm抓取\fromm_dump\01\window_0100.xml,免治馬桶？
,PM 9:11,선우,아 푸데,C:\Users\yuyao\Desktop\fromm抓取\fromm_dump\01\window_0100.xml,啊，是 fooday
,PM 9:11,선우,우우우우,C:\Users\yuyao\Desktop\fromm抓取\fromm_dump\01\window_0101.xml,嗚嗚嗚嗚
,PM 9:11,선우,우웩,C:\Users\yuyao\Desktop\fromm抓取\fromm_dump\01\window_0101.xml,嘔
,PM 9:12,선우,자기야 이러네,C:\Users\yuyao\Desktop\fromm抓取\fromm_dump\01\window_0101.xml,他還說『親愛的』欸
,PM 9:12,선우,자기야라고 는 없고 여기애 야가 어딨너,C:\Users\yuyao\Desktop\fromm抓取\fromm_dump\01\window_0101.xml,不是說親愛的，是『這裡哪有 야』吧
,PM 9:12,선우,이거잖아,C:\Users\yuyao\Desktop\fromm抓取\fromm_dump\01\window_0101.xml,是這個啊
,PM 9:12,선우,여기 야가 어딨어,C:\Users\yuyao\Desktop\fromm抓取\fromm_dump\01\window_0102.xml,這裡哪有 야
,PM 9:12,선우,내가 야야? 는 너무 귀여워서 별로,C:\Users\yuyao\Desktop\fromm抓取\fromm_dump\01\window_0102.xml,『我是 야야 嗎？』太可愛了，不太行
,PM 9:12,선우,그냥 바로 여기 야가 어딨어,C:\Users\yuyao\Desktop\fromm抓取\fromm_dump\01\window_0102.xml,就要直接說『這裡哪有 야』
,PM 9:12,선우,해야 카리스마,C:\Users\yuyao\Desktop\fromm抓取\fromm_dump\01\window_0102.xml,才有 charisma
,PM 9:13,선우,돌랑이들 너무 리액션 잘해줘서 너무 기특강아디봉복복복,C:\Users\yuyao\Desktop\fromm抓取\fromm_dump\01\window_0103.xml,Dollang 們反應太好了，真的好乖小狗摸摸摸摸摸
,PM 9:13,선우,에릭 근데 데뷔 초반 보다 진행이나 말 진짜 진짜 엄청 늘고 잘한다,C:\Users\yuyao\Desktop\fromm抓取\fromm_dump\01\window_0103.xml,不過 Eric 比出道初期進步好多，主持和說話真的真的變超強
,PM 9:14,선우,예전에는 눈치 없어서 갑분싸 계속 만들었는데,C:\Users\yuyao\Desktop\fromm抓取\fromm_dump\01\window_0103.xml,以前因為沒眼色，一直製造突然冷場的氣氛
,PM 9:14,선우,우리끼리 있을 때 물론,C:\Users\yuyao\Desktop\fromm抓取\fromm_dump\01\window_0103.xml,當然是我們自己人在一起的時候
,PM 9:14,선우,ㅋㅋㅋㅋㅋㅋㅋㅋㅋㅋㅋㅋㅋㅋㅋㅋㅋㅋ,C:\Users\yuyao\Desktop\fromm抓取\fromm_dump\01\window_0104.xml,ㅋㅋㅋㅋㅋㅋㅋㅋㅋㅋㅋㅋㅋㅋㅋㅋㅋㅋ
,PM 9:14,선우,근데 에릭은 그게 매력이었는데,C:\Users\yuyao\Desktop\fromm抓取\fromm_dump\01\window_0104.xml,但那本來就是 Eric 的魅力
,PM 9:14,선우,지금 너무 능숙해져 버렸어,C:\Users\yuyao\Desktop\fromm抓取\fromm_dump\01\window_0104.xml,現在變得太熟練了
,PM 9:15,선우,요즘 갑분싸 담당은,C:\Users\yuyao\Desktop\fromm抓取\fromm_dump\01\window_0104.xml,最近負責突然冷場的是
,PM 9:15,선우,없음 우리끼리 있을 땐,C:\Users\yuyao\Desktop\fromm抓取\fromm_dump\01\window_0104.xml,沒有，我們自己人在一起的時候
,PM 9:15,선우,다 웃겨졌음,C:\Users\yuyao\Desktop\fromm抓取\fromm_dump\01\window_0105.xml,大家都變好笑了
,PM 9:15,선우,저거 나 진짜 무서워 했는데,C:\Users\yuyao\Desktop\fromm抓取\fromm_dump\01\window_0105.xml,那個我以前真的很怕
,PM 9:15,선우,난 진짜 손 잘리는 건 줄 알고 있었어 중딩때까지,C:\Users\yuyao\Desktop\fromm抓取\fromm_dump\01\window_0105.xml,我一直以為手真的會被切掉，直到國中都是
,PM 9:16,선우,그래서 어떤 사우나에 저거 있었는데,C:\Users\yuyao\Desktop\fromm抓取\fromm_dump\01\window_0105.xml,所以某個三溫暖有那個
,PM 9:16,선우,손 못 넣었었음,C:\Users\yuyao\Desktop\fromm抓取\fromm_dump\01\window_0106.xml,我都不敢把手放進去
,PM 9:16,선우,기피한다,C:\Users\yuyao\Desktop\fromm抓取\fromm_dump\01\window_0106.xml,避開
,PM 9:16,선우,정답 기피한다,C:\Users\yuyao\Desktop\fromm抓取\fromm_dump\01\window_0106.xml,正解，避開
,PM 9:16,선우,옳지,C:\Users\yuyao\Desktop\fromm抓取\fromm_dump\01\window_0106.xml,對啦
,PM 9:17,선우,근데 에릭은 에릭이 작은 거,C:\Users\yuyao\Desktop\fromm抓取\fromm_dump\01\window_0106.xml,可是 Eric 那個 Eric 小的東西
,PM 9:17,선우,근데 보면 볼 수록 에릭이,C:\Users\yuyao\Desktop\fromm抓取\fromm_dump\01\window_0107.xml,可是越看 Eric 越覺得
,PM 9:18,선우,잘생겼냐,C:\Users\yuyao\Desktop\fromm抓取\fromm_dump\01\window_0107.xml,帥嗎
,PM 9:18,선우,에릭은 상의 입고 다니는 것만으로도 감사해야할 정도,C:\Users\yuyao\Desktop\fromm抓取\fromm_dump\01\window_0107.xml,Eric 光是有穿上衣走來走去，就已經要感謝他了
,PM 9:19,선우,봐봐 저럴 줄 알았다,C:\Users\yuyao\Desktop\fromm抓取\fromm_dump\01\window_0107.xml,你看吧，我就知道會那樣
,PM 9:19,선우,기계가 정확하네,C:\Users\yuyao\Desktop\fromm抓取\fromm_dump\01\window_0107.xml,機器很準欸
,PM 9:20,선우,우왕 나 샤라웃 당햌ㅅ어 우왘ㅋ💕💕💕💕,C:\Users\yuyao\Desktop\fromm抓取\fromm_dump\01\window_0108.xml,哇啊我被 shout out 了，哇啊ㅋㅋ💕💕💕💕
,PM 9:20,선우,우아아아ㅏ아아 신기해,C:\Users\yuyao\Desktop\fromm抓取\fromm_dump\01\window_0108.xml,哇啊啊啊啊好神奇
,PM 9:20,선우,헐 나 연예인인가봐,C:\Users\yuyao\Desktop\fromm抓取\fromm_dump\01\window_0108.xml,天啊，我好像是藝人耶
,PM 9:21,선우,미쳤네 이 기분,C:\Users\yuyao\Desktop\fromm抓取\fromm_dump\01\window_0108.xml,這感覺太瘋了
,PM 9:21,선우,더비도 이런 기분일까? 앞으로 더비 샤라웃 많이 햐줘야게따,C:\Users\yuyao\Desktop\fromm抓取\fromm_dump\01\window_0109.xml,德比也是這種感覺嗎？以後要多 shout out 德比才行
,PM 9:22,선우,어쭈?,C:\Users\yuyao\Desktop\fromm抓取\fromm_dump\01\window_0109.xml,喔唷？
,PM 9:22,선우,에글루 가자,C:\Users\yuyao\Desktop\fromm抓取\fromm_dump\01\window_0109.xml,去 Eglou 吧
,PM 9:22,선우,혀 내밀어야지,C:\Users\yuyao\Desktop\fromm抓取\fromm_dump\01\window_0109.xml,要伸舌頭才行
,PM 9:23,선우,중간에 강남스타일 한 번 나왔는데,C:\Users\yuyao\Desktop\fromm抓取\fromm_dump\01\window_0109.xml,中間出現了一次〈江南Style〉
,PM 9:23,선우,잘하네 ㅎㅎㅎ,C:\Users\yuyao\Desktop\fromm抓取\fromm_dump\01\window_0110.xml,很會欸ㅎㅎㅎ
,PM 9:24,선우,소년이다,C:\Users\yuyao\Desktop\fromm抓取\fromm_dump\01\window_0110.xml,是〈少年〉啊
,PM 9:24,선우,백만년만에 들어본다,C:\Users\yuyao\Desktop\fromm抓取\fromm_dump\01\window_0110.xml,一百萬年沒聽到了
,PM 9:25,선우,한번더,C:\Users\yuyao\Desktop\fromm抓取\fromm_dump\01\window_0110.xml,再一次
,PM 9:26,선우,더비 콘서트 열림?,C:\Users\yuyao\Desktop\fromm抓取\fromm_dump\01\window_0111.xml,德比開演唱會了嗎？
,PM 9:26,선우,함성 무엇,C:\Users\yuyao\Desktop\fromm抓取\fromm_dump\01\window_0111.xml,這歡呼聲是怎樣
,PM 9:26,선우,왓이즈러브요,C:\Users\yuyao\Desktop\fromm抓取\fromm_dump\01\window_0111.xml,What is Love 喔
,PM 9:26,선우,더비 혈압 오른다,C:\Users\yuyao\Desktop\fromm抓取\fromm_dump\01\window_0111.xml,德比血壓要升高了
,PM 9:27,선우,더비 목 아껴라,C:\Users\yuyao\Desktop\fromm抓取\fromm_dump\01\window_0112.xml,德比保護一下喉嚨
,PM 9:27,선우,선우가 대단하다고 햌ㅅ는데 선우도 메들리는 안해여 헤헿,C:\Users\yuyao\Desktop\fromm抓取\fromm_dump\01\window_0112.xml,Sunwoo 說很厲害，但 Sunwoo 我是不會做 medley 的嘿嘿
,PM 9:28,선우,ㅋㅋㅋㅋㅋㅋㅋㅋㅋ에릭 정신 없다 지금,C:\Users\yuyao\Desktop\fromm抓取\fromm_dump\01\window_0112.xml,ㅋㅋㅋㅋ Eric 現在精神很混亂
,PM 9:28,선우,영훈이형 힘들다 지금,C:\Users\yuyao\Desktop\fromm抓取\fromm_dump\01\window_0112.xml,泳勳哥現在很累
,PM 9:29,선우,고생했다 ㅠㅠㅠㅠ,C:\Users\yuyao\Desktop\fromm抓取\fromm_dump\01\window_0113.xml,辛苦了ㅠㅠㅠㅠ
,PM 9:30,선우,안경을 벗으니 잘생겨지는 클리셰..!,C:\Users\yuyao\Desktop\fromm抓取\fromm_dump\01\window_0113.xml,拿下眼鏡就變帥的老梗..！
,PM 9:30,선우,에릭이 넘넘 잘한다 잠깐 봤는데도,C:\Users\yuyao\Desktop\fromm抓取\fromm_dump\01\window_0113.xml,Eric 真的太會了，即使只看了一下
,PM 9:31,선우,나보고 애기래 ㅎㅎ,C:\Users\yuyao\Desktop\fromm抓取\fromm_dump\01\window_0113.xml,他說我是寶寶ㅎㅎ
,PM 9:32,선우,에디는 저작권있을텐데,C:\Users\yuyao\Desktop\fromm抓取\fromm_dump\01\window_0113.xml,Eddy 應該有著作權吧
,PM 9:32,선우,손디 ㄱㅊ은데,C:\Users\yuyao\Desktop\fromm抓取\fromm_dump\01\window_0114.xml,Sondi 也可以啊
,PM 9:32,선우,아 에디네,C:\Users\yuyao\Desktop\fromm抓取\fromm_dump\01\window_0114.xml,啊，是 Eddy 啊
,PM 9:33,선우,손디는 근데 떤디랑 발음 비슷할 수도 있으니까 에디 괜찮네,C:\Users\yuyao\Desktop\fromm抓取\fromm_dump\01\window_0114.xml,不過 Sondi 發音可能跟 Tteondi 有點像，所以 Eddy 不錯
,PM 9:33,선우,손디는 뭔가,C:\Users\yuyao\Desktop\fromm抓取\fromm_dump\01\window_0114.xml,Sondi 有種
,PM 9:33,선우,등번호 7번 달아야할 것 같은 느낌이긴 해,C:\Users\yuyao\Desktop\fromm抓取\fromm_dump\01\window_0115.xml,感覺要穿 7 號球衣
,PM 9:34,선우,선우도~,C:\Users\yuyao\Desktop\fromm抓取\fromm_dump\01\window_0115.xml,Sunwoo 也～
,PM 9:34,선우,아이돌라디오 사랑해~~,C:\Users\yuyao\Desktop\fromm抓取\fromm_dump\01\window_0115.xml,Idol Radio 我愛你～～
,PM 9:35,선우,난 마저 뭐 좀 만들러 가겠슴다 ㅎㅎ 울 더비들도 사랑해 내가💕💕💕,C:\Users\yuyao\Desktop\fromm抓取\fromm_dump\01\window_0115.xml,我要去繼續做點東西了ㅎㅎ 我也愛我們德比💕💕💕
,PM 9:35,선우,밥 먹고 독감 예방 주사 맞고,C:\Users\yuyao\Desktop\fromm抓取\fromm_dump\01\window_0115.xml,吃飯，打流感疫苗
,PM 9:43,선우,알게찌💕 오늘도 좋은 하루였길 바라용🤭💕,C:\Users\yuyao\Desktop\fromm抓取\fromm_dump\01\window_0116.xml,知道了吧💕 希望你今天也是美好的一天🤭💕
,PM 9:13,선우,보고싶다~,C:\Users\yuyao\Desktop\fromm抓取\fromm_dump\01\window_0116.xml,好想你～
,PM 9:14,선우,[media/no text],C:\Users\yuyao\Desktop\fromm抓取\fromm_dump\01\window_0117.xml,
,PM 9:16,선우,더비들 덕분에 또 파리 와서 신기한 경험 한당,C:\Users\yuyao\Desktop\fromm抓取\fromm_dump\01\window_0117.xml,多虧德比們，我又來巴黎做了神奇的體驗
,PM 9:16,선우,고마옹,C:\Users\yuyao\Desktop\fromm抓取\fromm_dump\01\window_0117.xml,謝謝唷
,PM 9:17,선우,😊😊😊😊😊😊😊😊,C:\Users\yuyao\Desktop\fromm抓取\fromm_dump\01\window_0118.xml,😊😊😊😊😊😊😊😊
,AM 2:32,선우,나 다녀올게,C:\Users\yuyao\Desktop\fromm抓取\fromm_dump\01\window_0118.xml,我去一下
,AM 2:32,선우,한국은 새벽인데도 봐줘서 너무 고마워,C:\Users\yuyao\Desktop\fromm抓取\fromm_dump\01\window_0118.xml,韓國都凌晨了還看，真的謝謝
,AM 2:32,선우,쇼장 곧 도착!,C:\Users\yuyao\Desktop\fromm抓取\fromm_dump\01\window_0118.xml,快到秀場了！
,AM 2:33,선우,더비들 생각하면서 감사하게 잘 하고 올게💕,C:\Users\yuyao\Desktop\fromm抓取\fromm_dump\01\window_0119.xml,我會一邊想著德比們，一邊心懷感謝地好好做完再回來💕
,AM 2:33,선우,고마워!,C:\Users\yuyao\Desktop\fromm抓取\fromm_dump\01\window_0119.xml,謝謝！
,AM 2:40,선우,사랑해!!!,C:\Users\yuyao\Desktop\fromm抓取\fromm_dump\01\window_0119.xml,愛你！！！
,PM 10:43,선우,더비이이ㅣ,C:\Users\yuyao\Desktop\fromm抓取\fromm_dump\01\window_0119.xml,德比欸欸欸
,PM 10:43,선우,더비들 덕분에 나 신인상 받았오!!!!!!!,C:\Users\yuyao\Desktop\fromm抓取\fromm_dump\01\window_0120.xml,多虧德比們，我拿到新人獎了！！！！！！！
,PM 10:43,선우,너무 참여하고 싶었는데 우리 콘서트 리허설 때문에 참여를 못했지만 ㅠ,C:\Users\yuyao\Desktop\fromm抓取\fromm_dump\01\window_0120.xml,雖然我真的很想參加，但因為我們演唱會彩排沒能去ㅠ
,PM 10:44,선우,정말 정말 내 인생에 신인상을 또 한 번 받을 수 있을까 했는데,C:\Users\yuyao\Desktop\fromm抓取\fromm_dump\01\window_0120.xml,真的真的沒想到我人生還能再拿一次新人獎
,PM 10:44,선우,또 받게 해줘서 너무 고맙고,C:\Users\yuyao\Desktop\fromm抓取\fromm_dump\01\window_0120.xml,謝謝你們又讓我拿到了
,PM 10:44,선우,아돌라 전 직원분들 그리고 우리 돌랑이들 더비들 너무 고맙고 사랑해,C:\Users\yuyao\Desktop\fromm抓取\fromm_dump\01\window_0121.xml,謝謝 Idol Radio 全體工作人員，還有我們 Dollang 們、德比們，真的謝謝也愛你們
,PM 10:44,선우,아 우수상이야?,C:\Users\yuyao\Desktop\fromm抓取\fromm_dump\01\window_0121.xml,啊，是優秀獎嗎？
,PM 10:44,선우,뭐야,C:\Users\yuyao\Desktop\fromm抓取\fromm_dump\01\window_0121.xml,什麼啊
,PM 10:44,선우,신인상이 아니라,C:\Users\yuyao\Desktop\fromm抓取\fromm_dump\01\window_0121.xml,不是新人獎
,PM 10:44,선우,우수까지 한다고?,C:\Users\yuyao\Desktop\fromm抓取\fromm_dump\01\window_0122.xml,連優秀都拿到了嗎？
,PM 10:45,선우,대박 ㅋㅋㅋㅋㅋㅋㅋㅋ,C:\Users\yuyao\Desktop\fromm抓取\fromm_dump\01\window_0122.xml,大發ㅋㅋㅋㅋㅋㅋㅋㅋ
,PM 10:45,선우,우수상이라니 와우,C:\Users\yuyao\Desktop\fromm抓取\fromm_dump\01\window_0122.xml,居然是優秀獎，哇
,PM 10:45,선우,더 고마웤ㅋㅋㅋㅋㅋㅋㅋㅋㅋㅋ,C:\Users\yuyao\Desktop\fromm抓取\fromm_dump\01\window_0122.xml,更謝謝了ㅋㅋㅋㅋㅋㅋㅋㅋㅋㅋ
,PM 10:45,선우,우수하지 않지만 더 노력할게 사랑해 고마워,C:\Users\yuyao\Desktop\fromm抓取\fromm_dump\01\window_0122.xml,雖然我還不夠優秀，但我會更努力的，愛你們，謝謝
,PM 10:45,선우,우수에 차지 않도록 겸손하며,C:\Users\yuyao\Desktop\fromm抓取\fromm_dump\01\window_0123.xml,會謙虛到不讓「優秀」變成負擔
,PM 10:45,선우,앞으로도 우수해볼게,C:\Users\yuyao\Desktop\fromm抓取\fromm_dump\01\window_0123.xml,以後也會努力變得優秀
,PM 10:47,선우,고맙구 콘서투 열심히 준비할게요💕,C:\Users\yuyao\Desktop\fromm抓取\fromm_dump\01\window_0123.xml,謝謝，我會努力準備演唱會的💕
,PM 10:47,선우,떡국 맛나게 먹구,C:\Users\yuyao\Desktop\fromm抓取\fromm_dump\01\window_0123.xml,年糕湯要好好吃
,PM 10:47,선우,다시 한 번 새해 복 내 것까지 다 받아가💕,C:\Users\yuyao\Desktop\fromm抓取\fromm_dump\01\window_0124.xml,再一次，新年福氣連我的份都一起拿走吧💕
,AM 1:39,선우,자다깨서 생각해도 너무 거맙네 고마워 더비 도마워 사랑해 잘자,C:\Users\yuyao\Desktop\fromm抓取\fromm_dump\01\window_0124.xml,睡醒想到還是太感謝了，謝謝德比，謝謝，愛你們，晚安
,AM 1:39,선우,💕,C:\Users\yuyao\Desktop\fromm抓取\fromm_dump\01\window_0124.xml,💕
,AM 1:41,선우,내 자랑을 나열하라고 하면 가장 첫번째로 내 입에 담게 될 단어는 더비일 거야 사랑스럽고 자랑스러운 내 사람들 너므 고마워 좋은 일들만 가득한 한 해 되자 사랑해 잘쟈,C:\Users\yuyao\Desktop\fromm抓取\fromm_dump\01\window_0125.xml,要我列出我的驕傲的話，我第一個說出口的詞一定會是德比。可愛又讓我自豪的我的人們，真的太謝謝了，願今年充滿好事，愛你們，晚安
,PM 2:11,선우,더비들 눈 많이 오는데 어케,C:\Users\yuyao\Desktop\fromm抓取\fromm_dump\01\window_0125.xml,德比們，雪下這麼大怎麼辦
,PM 2:11,선우,ㅠㅜㅜㅠㅜㅜㅜ,C:\Users\yuyao\Desktop\fromm抓取\fromm_dump\01\window_0125.xml,ㅠㅜㅜㅠㅜㅜㅜ
,PM 2:12,선우,😢,C:\Users\yuyao\Desktop\fromm抓取\fromm_dump\01\window_0125.xml,😢
,PM 2:12,선우,🥺,C:\Users\yuyao\Desktop\fromm抓取\fromm_dump\01\window_0126.xml,🥺
,PM 2:12,선우,😫,C:\Users\yuyao\Desktop\fromm抓取\fromm_dump\01\window_0126.xml,😫
,PM 2:12,선우,😩,C:\Users\yuyao\Desktop\fromm抓取\fromm_dump\01\window_0126.xml,😩
,PM 2:12,선우,☹️,C:\Users\yuyao\Desktop\fromm抓取\fromm_dump\01\window_0126.xml,☹️
,PM 2:12,선우,😣,C:\Users\yuyao\Desktop\fromm抓取\fromm_dump\01\window_0126.xml,😣
,PM 2:12,선우,😭,C:\Users\yuyao\Desktop\fromm抓取\fromm_dump\01\window_0127.xml,😭
,PM 2:12,선우,😶‍🌫️ 콘서트 온 더비들 이따 모습,C:\Users\yuyao\Desktop\fromm抓取\fromm_dump\01\window_0127.xml,😶‍🌫️ 等一下來演唱會的德比們的樣子
,PM 2:12,선우,ㅠ,C:\Users\yuyao\Desktop\fromm抓取\fromm_dump\01\window_0127.xml,ㅠ
,PM 2:13,선우,"우리가 미안해,,,",C:\Users\yuyao\Desktop\fromm抓取\fromm_dump\01\window_0127.xml,"我們對不起,,,"
,PM 2:13,선우,쇼케이스 눈보라 폭풍,C:\Users\yuyao\Desktop\fromm抓取\fromm_dump\01\window_0127.xml,Showcase 暴風雪
,PM 2:13,선우,콘서트 폭성,C:\Users\yuyao\Desktop\fromm抓取\fromm_dump\01\window_0128.xml,演唱會暴雪
,PM 2:13,선우,설,C:\Users\yuyao\Desktop\fromm抓取\fromm_dump\01\window_0128.xml,雪
,PM 2:13,선우,ㄹㅈㄷ,C:\Users\yuyao\Desktop\fromm抓取\fromm_dump\01\window_0128.xml,傳說級
,AM 1:46,선우,나 스케쥴 방금 끝나서 너머너너머머누머무너무 졸려서 낼 연락하께 낼 놀쟈 >< 잘 자구 존꿈꺼💕,C:\Users\yuyao\Desktop\fromm抓取\fromm_dump\01\window_0129.xml,我剛結束行程，太太太太太太睏了，明天再聯絡你，明天玩吧 >< 晚安，做個好夢💕
,AM 1:48,선우,나 오늘 스케쥴 거의 슈스 수준 바쁘다 바빠 선우사회 푹자고 일나서 연락할게 얼른 자🤭😍,C:\Users\yuyao\Desktop\fromm抓取\fromm_dump\01\window_0129.xml,我今天行程幾乎是巨星等級，忙死了忙死了，Sunwoo 社會，睡飽起來再聯絡你，快睡吧🤭😍
,AM 1:48,선우,고마어💕,C:\Users\yuyao\Desktop\fromm抓取\fromm_dump\01\window_0129.xml,謝謝💕
,PM 4:48,선우,눈이 또 엄청 오네???,C:\Users\yuyao\Desktop\fromm抓取\fromm_dump\01\window_0129.xml,雪又下得超大耶？？？
,PM 4:52,선우,[media/no text],C:\Users\yuyao\Desktop\fromm抓取\fromm_dump\01\window_0130.xml,
,PM 4:54,선우,[media/no text],C:\Users\yuyao\Desktop\fromm抓取\fromm_dump\01\window_0131.xml,
,PM 4:56,선우,[media/no text],C:\Users\yuyao\Desktop\fromm抓取\fromm_dump\01\window_0132.xml,
,PM 4:56,선우,이제 없어,C:\Users\yuyao\Desktop\fromm抓取\fromm_dump\01\window_0135.xml,現在沒了
,AM 1:13,선우,아니 나 형들이랑 진대중인데 뭐야 창피하겤 앜 !!읔 서치를 하거나 들어간 적도 없는데!!!!!!!!!!!!!! 더비들에게도 다른 팬분들에게도 저ㅣ송함니당💕 헤헤,C:\Users\yuyao\Desktop\fromm抓取\fromm_dump\01\window_0136.xml,不是，我正在跟哥哥們認真聊天，這什麼啊，好丟臉ㅋㅋ 啊！！呃，我明明沒有搜尋也沒有進去過！！！！！！！！！！！！！！對德比們和其他粉絲們都很抱歉💕嘿嘿
,AM 5:06,선우,헤헤 진대 끝! 한국은 엄청 늦었겠네 ㅎㅎ 잘 자 더비들 💕,C:\Users\yuyao\Desktop\fromm抓取\fromm_dump\01\window_0136.xml,嘿嘿，認真聊天結束！韓國應該很晚了ㅎㅎ 德比們晚安💕
,AM 12:46,선우,오늘도 수고했어 잘쟈💕 길게는 못해도 낼 틈틈히 시간 날 때 연락주께🫶,C:\Users\yuyao\Desktop\fromm抓取\fromm_dump\01\window_0137.xml,今天也辛苦了，晚安💕 就算不能聊很久，明天有空會抽空聯絡你🫶
,AM 12:54,선우,[media/no text],C:\Users\yuyao\Desktop\fromm抓取\fromm_dump\01\window_0138.xml,
,AM 12:54,선우,리미티드 에디션 보내주고 난 자러 가께 빠빠💕,C:\Users\yuyao\Desktop\fromm抓取\fromm_dump\01\window_0141.xml,發完限定版我就要去睡了，掰掰💕
,AM 12:56,선우,하나는 진격거 시점임 거인의 위압감을 조금이나마 체험해보길 바라,C:\Users\yuyao\Desktop\fromm抓取\fromm_dump\01\window_0141.xml,其中一張是進擊的巨人視角，希望你稍微體驗一下巨人的壓迫感
,AM 12:56,선우,진짜 뿅 안뇽💕,C:\Users\yuyao\Desktop\fromm抓取\fromm_dump\01\window_0142.xml,真的啾，掰掰💕
,PM 8:27,선우,안타까운 소식 때문에 오늘 프롬은 좀 힘들 것 같다고 말은 해줘야할 것 같아서 미안해...!,C:\Users\yuyao\Desktop\fromm抓取\fromm_dump\01\window_0142.xml,因為令人難過的消息，今天可能有點難來 Fromm，我覺得還是得跟你說一聲，對不起...！
,PM 10:58,선우,오우 더블유 섹싀한데,C:\Users\yuyao\Desktop\fromm抓取\fromm_dump\01\window_0142.xml,喔 W 很性感欸
,PM 10:59,선우,사진 이만장 찍었으니까 다풀어줄게 찬찬희,C:\Users\yuyao\Desktop\fromm抓取\fromm_dump\01\window_0143.xml,拍了兩萬張照片，會慢慢全放給你
,PM 11:00,선우,지금 쪼까 바빠서 나 다시 들가야하는데 좋아할만한 소식들 많으니까 체하지 않게 다 받아머거 예쁘니들,C:\Users\yuyao\Desktop\fromm抓取\fromm_dump\01\window_0143.xml,我現在有點忙，得再進去了，不過會有很多你們會喜歡的消息，別噎到，慢慢全部收下吧，漂亮寶貝們
,PM 11:00,선우,알라뷰,C:\Users\yuyao\Desktop\fromm抓取\fromm_dump\01\window_0143.xml,I love you
,PM 11:00,선우,알라뷰!!!!!!!!!!!!!!!!!!!!!!!!!!!!!!,C:\Users\yuyao\Desktop\fromm抓取\fromm_dump\01\window_0143.xml,I love you！！！！！！！！！！！！！！！！！！！！！！！！！！
,PM 11:01,선우,라이브도 조만간 키고 댄싱위드떤 활성화 시키께 베이베 쫌만 기달룡,C:\Users\yuyao\Desktop\fromm抓取\fromm_dump\01\window_0144.xml,直播也會近期開，Dancing with Tteon 也會啟動，baby 再等一下唷
,PM 11:01,선우,그리고 브링그린 엠베서더 누가봐도 나 아닌데 왜 나라고 생각해!!!!!,C:\Users\yuyao\Desktop\fromm抓取\fromm_dump\01\window_0144.xml,而且 Bring Green 大使一看就不是我，為什麼覺得是我！！！！！
,PM 11:02,선우,꺆,C:\Users\yuyao\Desktop\fromm抓取\fromm_dump\01\window_0144.xml,呀啊
,PM 11:02,선우,지금 들어가야하는데,C:\Users\yuyao\Desktop\fromm抓取\fromm_dump\01\window_0144.xml,現在得進去了
,PM 11:02,선우,뻐기는 중,C:\Users\yuyao\Desktop\fromm抓取\fromm_dump\01\window_0144.xml,正在拖延中
,PM 11:02,선우,일단,C:\Users\yuyao\Desktop\fromm抓取\fromm_dump\01\window_0145.xml,總之
,PM 11:03,선우,감사의 인사와 얘기들은 찬찬희 나누자,C:\Users\yuyao\Desktop\fromm抓取\fromm_dump\01\window_0145.xml,感謝的話和故事我們慢慢聊吧
,PM 11:04,선우,일단 오늘 하나 사진 던지고 갈게 ㄱㄷ,C:\Users\yuyao\Desktop\fromm抓取\fromm_dump\01\window_0145.xml,總之今天先丟一張照片再走，等一下
,PM 11:06,선우,아,C:\Users\yuyao\Desktop\fromm抓取\fromm_dump\01\window_0145.xml,啊
,PM 11:06,선우,나 가야해,C:\Users\yuyao\Desktop\fromm抓取\fromm_dump\01\window_0146.xml,我要走了
,PM 11:06,선우,이따,C:\Users\yuyao\Desktop\fromm抓取\fromm_dump\01\window_0146.xml,等下
,PM 11:06,선우,ㄱㄷ,C:\Users\yuyao\Desktop\fromm抓取\fromm_dump\01\window_0146.xml,等等
,PM 11:06,선우,ㅃ,C:\Users\yuyao\Desktop\fromm抓取\fromm_dump\01\window_0146.xml,掰
,AM 1:29,선우,[media/no text],C:\Users\yuyao\Desktop\fromm抓取\fromm_dump\01\window_0147.xml,
,AM 1:29,선우,일단 요정도! 이따 자고 또 들를게🫶,C:\Users\yuyao\Desktop\fromm抓取\fromm_dump\01\window_0151.xml,先這樣！等一下睡醒再來🫶
,PM 10:08,선우,바쁜 하루였다,C:\Users\yuyao\Desktop\fromm抓取\fromm_dump\01\window_0151.xml,忙碌的一天
,PM 10:08,선우,나ㅜ오늘 첨으로 오마카세 먹어봄,C:\Users\yuyao\Desktop\fromm抓取\fromm_dump\01\window_0151.xml,我今天第一次吃了 omakase
,PM 10:32,선우,비싼데,C:\Users\yuyao\Desktop\fromm抓取\fromm_dump\01\window_0151.xml,雖然貴
,PM 10:33,선우,맛있더라 ㅋ,C:\Users\yuyao\Desktop\fromm抓取\fromm_dump\01\window_0152.xml,但很好吃ㅋ
,PM 10:33,선우,[media/no text],C:\Users\yuyao\Desktop\fromm抓取\fromm_dump\01\window_0152.xml,
,PM 10:34,선우,[media/no text],C:\Users\yuyao\Desktop\fromm抓取\fromm_dump\01\window_0153.xml,
,PM 10:34,선우,둘이 데이트함,C:\Users\yuyao\Desktop\fromm抓取\fromm_dump\01\window_0154.xml,兩個人約會了
,PM 10:34,선우,오랜만에,C:\Users\yuyao\Desktop\fromm抓取\fromm_dump\01\window_0154.xml,久違地
,PM 10:35,선우,런던 이후로 둘이 데이트는 오랸만 ㅎㅎ,C:\Users\yuyao\Desktop\fromm抓取\fromm_dump\01\window_0154.xml,倫敦之後兩個人約會是久違了ㅎㅎ
,PM 10:39,선우,난 이제 씻구,C:\Users\yuyao\Desktop\fromm抓取\fromm_dump\01\window_0154.xml,我現在要洗澡
,PM 10:39,선우,잘 준비하꺼야,C:\Users\yuyao\Desktop\fromm抓取\fromm_dump\01\window_0154.xml,準備睡覺了
,PM 10:40,선우,어제부터 밤새고 와서 3초컷 가능,C:\Users\yuyao\Desktop\fromm抓取\fromm_dump\01\window_0155.xml,從昨天開始熬夜回來，可能 3 秒入睡
,PM 10:40,선우,레슨땜에 멤버들 다 밤새서,C:\Users\yuyao\Desktop\fromm抓取\fromm_dump\01\window_0155.xml,因為練習，成員們都熬夜了
,PM 10:40,선우,지금 제정신 없을 듯 아마 ㅋ,C:\Users\yuyao\Desktop\fromm抓取\fromm_dump\01\window_0155.xml,現在應該都神智不清 ㅋ
,PM 10:41,선우,씻고와서,C:\Users\yuyao\Desktop\fromm抓取\fromm_dump\01\window_0155.xml,洗完澡
,PM 10:41,선우,자기 전에,C:\Users\yuyao\Desktop\fromm抓取\fromm_dump\01\window_0155.xml,睡前
,PM 10:41,선우,연락주께🫶,C:\Users\yuyao\Desktop\fromm抓取\fromm_dump\01\window_0156.xml,聯絡你🫶
,PM 11:51,선우,난 다 씻고 누웤ㅅ다,C:\Users\yuyao\Desktop\fromm抓取\fromm_dump\01\window_0156.xml,我都洗完躺下了
,PM 11:51,선우,진짜 바로 잔다 5초컷,C:\Users\yuyao\Desktop\fromm抓取\fromm_dump\01\window_0156.xml,真的馬上睡，5 秒入睡
,PM 11:52,선우,잘자고 오늘도 고생했어잉🫶 토요일이니까 푹 쉬자 ㅎㅎ,C:\Users\yuyao\Desktop\fromm抓取\fromm_dump\01\window_0156.xml,晚安，今天也辛苦了唷🫶 星期六就好好休息吧ㅎㅎ
,PM 7:35,선우,아니 뭐야,C:\Users\yuyao\Desktop\fromm抓取\fromm_dump\01\window_0157.xml,不是，這什麼啊
,PM 7:36,선우,나 일본에서 카레 샀는데,C:\Users\yuyao\Desktop\fromm抓取\fromm_dump\01\window_0157.xml,我在日本買了咖哩
,PM 7:36,선우,이거 돌려먹는 게 아니였네,C:\Users\yuyao\Desktop\fromm抓取\fromm_dump\01\window_0157.xml,這個不是微波來吃的耶
,PM 7:36,선우,ㅋㅋㅋㅋㅋㅋㅋㅋㅋㅋㅋㅋㅋㅋㅋㅋㅋㅋㅋㅋㅋ,C:\Users\yuyao\Desktop\fromm抓取\fromm_dump\01\window_0157.xml,ㅋㅋㅋㅋㅋㅋㅋㅋㅋㅋㅋㅋㅋㅋㅋㅋㅋㅋㅋㅋㅋ
,PM 7:36,선우,아나,C:\Users\yuyao\Desktop\fromm抓取\fromm_dump\01\window_0158.xml,啊我真是
,PM 7:36,선우,가루 카레야;,C:\Users\yuyao\Desktop\fromm抓取\fromm_dump\01\window_0158.xml,是咖哩粉啊；
,PM 7:36,선우,돈키호테 추천 템이여서 담았는데 ㅋ,C:\Users\yuyao\Desktop\fromm抓取\fromm_dump\01\window_0158.xml,因為是唐吉訶德推薦商品就拿了ㅋ
,PM 7:37,선우,함 해봐?,C:\Users\yuyao\Desktop\fromm抓取\fromm_dump\01\window_0158.xml,要試試看嗎？
,PM 7:37,선우,아,C:\Users\yuyao\Desktop\fromm抓取\fromm_dump\01\window_0158.xml,啊
,PM 7:37,선우,방금,C:\Users\yuyao\Desktop\fromm抓取\fromm_dump\01\window_0159.xml,剛剛
,PM 7:37,선우,뻥 안치고 가루 카레,C:\Users\yuyao\Desktop\fromm抓取\fromm_dump\01\window_0159.xml,不誇張，咖哩粉
,PM 7:37,선우,가레 카루라고 버낼 뻔,C:\Users\yuyao\Desktop\fromm抓取\fromm_dump\01\window_0159.xml,差點把「咖哩粉」講反傳出去
,PM 7:38,선우,가루카레 초딩 때 고모 따라 만든 거 이후로 처음 만들어보네,C:\Users\yuyao\Desktop\fromm抓取\fromm_dump\01\window_0159.xml,上次做咖哩粉是小學跟著姑姑做之後第一次
,PM 7:38,선우,재료가 없네 생각해보니까,C:\Users\yuyao\Desktop\fromm抓取\fromm_dump\01\window_0159.xml,想想看，沒有材料耶
,PM 7:39,선우,그냥 다른 사람 줘야게땅🤤,C:\Users\yuyao\Desktop\fromm抓取\fromm_dump\01\window_0160.xml,乾脆送給別人好了🤤
,PM 7:39,선우,나도 건강 생각해야지,C:\Users\yuyao\Desktop\fromm抓取\fromm_dump\01\window_0160.xml,我也要顧健康
,PM 7:39,선우,내 몸 내가 지켜야지,C:\Users\yuyao\Desktop\fromm抓取\fromm_dump\01\window_0160.xml,我的身體我自己守護
,PM 7:39,선우,내가 망칠 수 없음,C:\Users\yuyao\Desktop\fromm抓取\fromm_dump\01\window_0160.xml,不能被我毀掉
,PM 7:40,선우,카레 잘 하는 분,C:\Users\yuyao\Desktop\fromm抓取\fromm_dump\01\window_0160.xml,擅長做咖哩的人
,PM 7:40,선우,요리 잘하는 사람이 섹시해,C:\Users\yuyao\Desktop\fromm抓取\fromm_dump\01\window_0161.xml,會做料理的人很性感
,PM 7:40,선우,고로 난 귀요미다,C:\Users\yuyao\Desktop\fromm抓取\fromm_dump\01\window_0161.xml,所以我是小可愛
,PM 7:41,선우,"ㅋㅋ 니도 귀요미일
듯",C:\Users\yuyao\Desktop\fromm抓取\fromm_dump\01\window_0161.xml,ㅋㅋ 你應該也是小可愛
,PM 7:42,선우,그리고 진짜 브링그린 이게 되네,C:\Users\yuyao\Desktop\fromm抓取\fromm_dump\01\window_0161.xml,還有 Bring Green 真的成了耶
,PM 7:42,선우,"다시
한 번",C:\Users\yuyao\Desktop\fromm抓取\fromm_dump\01\window_0162.xml,再一次
,PM 7:42,선우,고맙다고 진심으로 말하께,C:\Users\yuyao\Desktop\fromm抓取\fromm_dump\01\window_0162.xml,我想真心說謝謝
,PM 7:43,선우,신기하지ㅜ않아? 그냥 이렇게 바라는 것들을 이루어지게 해주는 게 너의 힘이라는 게,C:\Users\yuyao\Desktop\fromm抓取\fromm_dump\01\window_0162.xml,不覺得很神奇嗎？就這樣讓我希望的事情實現，這就是你的力量
,PM 7:43,선우,난 참 신기하고 고마움,C:\Users\yuyao\Desktop\fromm抓取\fromm_dump\01\window_0162.xml,我真的覺得很神奇，也很感謝
,PM 7:43,선우,진짜 너가 해줬다는 게 빈말이 아닌게,C:\Users\yuyao\Desktop\fromm抓取\fromm_dump\01\window_0163.xml,說這真的是你做到的，不是客套話
,PM 7:43,선우,그냥 내가 모델 할래염! 으앙 뿌잉뿌잉 한다고 되는 게 아니잖아,C:\Users\yuyao\Desktop\fromm抓取\fromm_dump\01\window_0163.xml,不是我說「我想當模特兒啦！嗚昂噗ing噗ing」就能成的嘛
,PM 7:44,선우,다 더비들이 찾아주고 협박해주고,C:\Users\yuyao\Desktop\fromm抓取\fromm_dump\01\window_0163.xml,都是德比們去找、去威脅來的
,PM 7:44,선우,사실 안됐어도 전혀 상관없이 그냥 평소대로 사랑할 텐데,C:\Users\yuyao\Desktop\fromm抓取\fromm_dump\01\window_0163.xml,其實就算沒成也完全沒關係，我還是會像平常一樣愛你們
,PM 7:44,선우,자꾸 더 이유 만들어주지마라,C:\Users\yuyao\Desktop\fromm抓取\fromm_dump\01\window_0164.xml,不要一直再給我製造更多理由啦
,PM 7:45,선우,아니 사실 만들어줘,C:\Users\yuyao\Desktop\fromm抓取\fromm_dump\01\window_0164.xml,不是，其實請製造給我
,PM 7:45,선우,아니 필요없어 그냥 존재만 해줘,C:\Users\yuyao\Desktop\fromm抓取\fromm_dump\01\window_0164.xml,不對，不需要，只要存在就好
,PM 7:45,선우,그냥 고맙다구 말하고 싶었어,C:\Users\yuyao\Desktop\fromm抓取\fromm_dump\01\window_0164.xml,只是想說謝謝
,PM 7:46,선우,데뷔 어렵게 했는데 이왕한 거,C:\Users\yuyao\Desktop\fromm抓取\fromm_dump\01\window_0165.xml,出道這麼不容易，既然都出道了
,PM 7:46,선우,사랑도 많이 받아보고,C:\Users\yuyao\Desktop\fromm抓取\fromm_dump\01\window_0165.xml,也想多多被愛
,PM 7:46,선우,광고도 찍어보고,C:\Users\yuyao\Desktop\fromm抓取\fromm_dump\01\window_0165.xml,也想拍廣告
,PM 7:46,선우,다 아는 프로그램도 나가보고,C:\Users\yuyao\Desktop\fromm抓取\fromm_dump\01\window_0165.xml,也想上大家都知道的節目
,PM 7:46,선우,그러고 싶은 게 또 사람 마음인데,C:\Users\yuyao\Desktop\fromm抓取\fromm_dump\01\window_0165.xml,人的心就是會想那樣嘛
,PM 7:47,선우,그걸 다 이루어지게 해주는 존재들이 더비라는 게 진짜,C:\Users\yuyao\Desktop\fromm抓取\fromm_dump\01\window_0166.xml,而讓這些全都實現的存在是德比，這真的
,PM 7:47,선우,무한한 감사를 전합니다,C:\Users\yuyao\Desktop\fromm抓取\fromm_dump\01\window_0166.xml,獻上無限的感謝
,PM 7:49,선우,그래서 나도 정말 조금이라도 도움이 되주고 싶고 이기적인 마음이지만 힘든 일이 있거나 할 때 나를 생각해서 한 번 더 힘내줬으면 하는 그런 생각이 들고,C:\Users\yuyao\Desktop\fromm抓取\fromm_dump\01\window_0166.xml,所以我也真的想哪怕一點點也幫上忙，雖然是自私的想法，但當你們有辛苦的事時，希望能想到我再多撐一下
,PM 7:49,선우,더비들이 힘날 수 있게 하는 이유 중에 하나가 나였으면 좋겠고 그런 마음이 생기는 것 같아 ㅎㅎ,C:\Users\yuyao\Desktop\fromm抓取\fromm_dump\01\window_0167.xml,希望我能成為讓德比們有力量的理由之一，好像會產生這樣的心情ㅎㅎ
,PM 7:51,선우,내가 어떤 영상에 어떤 글을 보고 되게 느낀 게 많았는데 농구였나 축구였나,C:\Users\yuyao\Desktop\fromm抓取\fromm_dump\01\window_0167.xml,我之前看了某個影片裡的一段文字，很有感觸，是籃球還是足球來著
,PM 7:51,선우,한낱 공놀이에 불과한 것에 의미를 더해주고 스타로 만들어주고 하는 건 다 팬이라는 존재 덕분이다 라는 글을 봤어가지고,C:\Users\yuyao\Desktop\fromm抓取\fromm_dump\01\window_0167.xml,看到那段話說，明明只是球類遊戲，為它賦予意義、把人變成明星的，全都是因為粉絲這樣的存在
,PM 7:52,선우,내가 잘나서가 아니라 날 사랑해주는 사람들이 있기 때문이라는 마음을 진짜 잊지 않도록 노력하께,C:\Users\yuyao\Desktop\fromm抓取\fromm_dump\01\window_0168.xml,我會努力真正不忘記，不是因為我厲害，而是因為有愛我的人在
,PM 7:53,선우,서로가 서로가 있기에 존재하는 거야~ 라고 말해주는 관계가 얼마나 예쁘고 감사한지 또 느껴!!!!! 고마워!!!!!!!!!!!!!!!!!!!!,C:\Users\yuyao\Desktop\fromm抓取\fromm_dump\01\window_0168.xml,又再次感受到，能互相說「因為有彼此所以存在啊～」的關係是多麼漂亮又感謝！！！！！謝謝！！！！！！！！！！！！！！！！！！！！
,PM 7:55,선우,더비 덕분에 좋은 소식들 많이 들려줄 수 있을 것 같아 행복하게 기대하고 있어줘,C:\Users\yuyao\Desktop\fromm抓取\fromm_dump\01\window_0168.xml,多虧德比，好像能告訴你們很多好消息，請開心期待吧
,PM 7:56,선우,나도 더비가 좋아하고 자랑스러워할 것들 생각하면서 좋아하는 거 재밌게 만들어주께,C:\Users\yuyao\Desktop\fromm抓取\fromm_dump\01\window_0169.xml,我也會想著德比會喜歡、會覺得驕傲的東西，開心地做出好玩的東西給你們
,PM 7:58,선우,더비가 방치 안해주고 계속 플레이 해줘서 날 레벨업 하고 있는 겜 캐릭터라고 생각하면 지금 거의 난 피씨방 이벤트로 경험치 두배씩 줘서 성장하는 수준으로 더비가 사랑 많이 주고 있으니까 꼭 본인들을 자랑스럽고 대단한 사람이라고 생각해주길 바라... 진심으로...,C:\Users\yuyao\Desktop\fromm抓取\fromm_dump\01\window_0169.xml,如果把我想成是因為德比沒有放置我、一直玩我，所以正在升級的遊戲角色，那我現在幾乎是網咖活動給雙倍經驗值在成長的程度，德比給了我很多愛，所以希望你們一定要覺得自己是值得驕傲、很了不起的人...真心的...
,PM 7:59,선우,쪼렙 선우를 레벨업 시켜주셔서 감사합니다,C:\Users\yuyao\Desktop\fromm抓取\fromm_dump\01\window_0170.xml,感謝你們把低等級 Sunwoo 升級
,PM 7:59,선우,더비들이 자랑할 수 있는 더 멋진 캐릭터가 될게여,C:\Users\yuyao\Desktop\fromm抓取\fromm_dump\01\window_0170.xml,我會成為讓德比們能驕傲的更帥氣角色
,PM 8:00,선우,코코볼 열심히 성장 중,C:\Users\yuyao\Desktop\fromm抓取\fromm_dump\01\window_0170.xml,Chocoball 正在努力成長中
,PM 8:00,선우,나중엔 엄청 큰 쪼꼬볼이 될테야,C:\Users\yuyao\Desktop\fromm抓取\fromm_dump\01\window_0170.xml,以後會變成超大的巧克力球
,PM 8:00,선우,알라뷰 헿,C:\Users\yuyao\Desktop\fromm抓取\fromm_dump\01\window_0170.xml,I love you，嘿
,PM 8:01,선우,난 스케쥴 마치고 씻고 자기 전에 또 들를게 !!! 너무 기다리지 말고 할 거 하고 이또✨🫶 사랑합니당,C:\Users\yuyao\Desktop\fromm抓取\fromm_dump\01\window_0171.xml,我行程結束後洗完澡，睡前還會再來！！！不要太等我，去做自己的事吧✨🫶 愛你們
,PM 8:01,선우,뿅,C:\Users\yuyao\Desktop\fromm抓取\fromm_dump\01\window_0171.xml,啾
,AM 1:56,선우,난 이제 잔다!!! 좋은 꿈 꿔 트레일러 잘 봐주고 ㅎㅎ😉 보람찬 하루였다!!!! 굿밤🫶,C:\Users\yuyao\Desktop\fromm抓取\fromm_dump\01\window_0171.xml,我現在要睡了！！！做個好夢，好好看 trailerㅎㅎ 是充實的一天！！！！Good night🫶
,AM 6:30,선우,뭐라고 보내야할지 생각이 너무 많아서 썼다 지웠다만 이백번 했네,C:\Users\yuyao\Desktop\fromm抓取\fromm_dump\01\window_0172.xml,我想太多，不知道該發什麼，寫了又刪大概兩百次
,AM 6:37,선우,그냥 내 자리에서는,C:\Users\yuyao\Desktop\fromm抓取\fromm_dump\01\window_0172.xml,只是站在我的位置
,AM 6:38,선우,더비한테 한 없이 미안하고 거짓없이 사랑한다고 밖엔,C:\Users\yuyao\Desktop\fromm抓取\fromm_dump\01\window_0172.xml,對德比只有無限抱歉和真心愛你
,AM 6:40,선우,그리고 뭐가 어떻게 되든 난 무대 위의 내가 좋고 그 모습을 사랑해주는 사람들을 사랑하고,C:\Users\yuyao\Desktop\fromm抓取\fromm_dump\01\window_0173.xml,不管事情怎麼變，我喜歡舞台上的自己，也愛著愛那個模樣的人
,AM 6:42,선우,"안 힘들었으면 좋겠는데 근데 또 나 때문에 힘든 것 같고 
그래서 생각 정리 말 정리 하느라 좀 오래 걸렸네 걱정 했을 텐데",C:\Users\yuyao\Desktop\fromm抓取\fromm_dump\01\window_0173.xml,希望你們不要辛苦，但又好像因為我而辛苦，所以為了整理思緒和話語花了點時間，你們應該擔心了吧
,AM 6:44,선우,그냥 계속 곁에 있어주는 사람들 너무 고맙고 끝 없이 미안하고 지쳐버린 사람들에게도 고맙고 미안하네,C:\Users\yuyao\Desktop\fromm抓取\fromm_dump\01\window_0173.xml,對一直留在身邊的人們真的很感謝，也無止境地抱歉；對已經疲憊的人們也感謝又抱歉
,AM 6:50,선우,내 걱정보단 너 자신부터 스스로 마음 다치지 않게 챙겼으면 하고 그냥 조건 없이사랑을 주는 더비들이 행복했으면 좋겠어,C:\Users\yuyao\Desktop\fromm抓取\fromm_dump\01\window_0174.xml,比起擔心我，希望你先照顧好自己，別讓自己的心受傷，也希望無條件給予愛的德比們幸福
,AM 6:51,선우,"상황이 어찌되든 어떻게든 무대 더 보여줄 수 있게 모두 최선 다할 테니 아프지마 마음도 몸도 ,, 걱정돼",C:\Users\yuyao\Desktop\fromm抓取\fromm_dump\01\window_0174.xml,"不管情況如何，我們都會盡全力讓你們看到更多舞台，所以不要痛，心和身體都不要,, 我很擔心"
,AM 6:52,선우,너무 진지해서 드립쳐야할 것 같지만,C:\Users\yuyao\Desktop\fromm抓取\fromm_dump\01\window_0174.xml,太認真了，感覺應該開個玩笑
,AM 6:52,선우,낄끼빠빠할게,C:\Users\yuyao\Desktop\fromm抓取\fromm_dump\01\window_0175.xml,我會看場合進退的
,AM 6:52,선우,오늘도 힘내고!💕,C:\Users\yuyao\Desktop\fromm抓取\fromm_dump\01\window_0175.xml,今天也加油！💕
,AM 6:53,선우,끝은 없어 그냥 계속 뭐가 됐든 달리다보면 나오겠지 길이던 진흙탕이던 걍 갈 거야 몰라,C:\Users\yuyao\Desktop\fromm抓取\fromm_dump\01\window_0175.xml,沒有結束，只要一直跑，不管是路還是泥潭，總會出現吧，反正我會走，不管了
,AM 6:53,선우,잘 자,C:\Users\yuyao\Desktop\fromm抓取\fromm_dump\01\window_0175.xml,晚安
,AM 6:53,선우,아니지 굿모닝,C:\Users\yuyao\Desktop\fromm抓取\fromm_dump\01\window_0176.xml,不對，是早安
,AM 6:53,선우,난 자니까,C:\Users\yuyao\Desktop\fromm抓取\fromm_dump\01\window_0176.xml,因為我要睡了
,AM 6:53,선우,사랑해,C:\Users\yuyao\Desktop\fromm抓取\fromm_dump\01\window_0176.xml,愛你
,AM 6:58,선우,생각이 많지 너도 근데 그럴 땐,C:\Users\yuyao\Desktop\fromm抓取\fromm_dump\01\window_0176.xml,你也有很多想法吧，但那種時候
,AM 6:58,선우,맛있는 밥 먹자 우선,C:\Users\yuyao\Desktop\fromm抓取\fromm_dump\01\window_0177.xml,先吃好吃的飯吧
,AM 6:59,선우,잠도 잘 자고!!!,C:\Users\yuyao\Desktop\fromm抓取\fromm_dump\01\window_0177.xml,睡也要睡好！！！
,AM 7:01,선우,제이콥형이 유일하게 외운 사자성어,C:\Users\yuyao\Desktop\fromm抓取\fromm_dump\01\window_0177.xml,Jacob 哥唯一背起來的四字成語
,AM 7:01,선우,고진감래 렛츠고,C:\Users\yuyao\Desktop\fromm抓取\fromm_dump\01\window_0177.xml,苦盡甘來 lets go
,AM 7:02,선우,나 진짜 잔다 이제 첫 운 떼는 거 성공 햌ㅎ으니까 비하인드 사진도 주고 할게,C:\Users\yuyao\Desktop\fromm抓取\fromm_dump\01\window_0178.xml,我真的要睡了，現在開頭成功了ㅋㅋ 之後也會給你們幕後照片
,AM 7:02,선우,뿅🫶,C:\Users\yuyao\Desktop\fromm抓取\fromm_dump\01\window_0178.xml,咻🫶
,PM 2:58,선우,오늘 보네 우리~~~~,C:\Users\yuyao\Desktop\fromm抓取\fromm_dump\01\window_0178.xml,今天見面呢我們~~~~
,PM 2:58,선우,아돌라도 오랜만이야 ㅎㅎ,C:\Users\yuyao\Desktop\fromm抓取\fromm_dump\01\window_0178.xml,Idol Radio 也好久不見了ㅎㅎ
,PM 2:58,선우,하라메도 뜨고 여러가지 뜨기 시작하는 구만,C:\Users\yuyao\Desktop\fromm抓取\fromm_dump\01\window_0179.xml,Highlight Medley 也出了，各種東西開始出來了嘛
,PM 3:00,선우,잠은 잘 자또?,C:\Users\yuyao\Desktop\fromm抓取\fromm_dump\01\window_0179.xml,睡得好嗎？
,PM 3:00,선우,난 적당히 자써 ㅎㅎㅎ,C:\Users\yuyao\Desktop\fromm抓取\fromm_dump\01\window_0179.xml,我睡得還可以ㅎㅎㅎ
,PM 3:02,선우,컨텐츠들도 많이 나올 테니까 좀만 기다료~~~~,C:\Users\yuyao\Desktop\fromm抓取\fromm_dump\01\window_0179.xml,之後也會有很多內容出來，再等一下下~~~~
,PM 3:02,선우,필더베 랩 칭찬해줘서 고마어,C:\Users\yuyao\Desktop\fromm抓取\fromm_dump\01\window_0179.xml,謝謝你稱讚 Feel The Bass 的 rap
,PM 3:02,선우,그정돈 자면서도 하지^^.,C:\Users\yuyao\Desktop\fromm抓取\fromm_dump\01\window_0180.xml,那種程度我睡著也能做^^.
,PM 3:03,선우,나중에 무대에서 쩌는 라이브로 말아줄게 ㅋ,C:\Users\yuyao\Desktop\fromm抓取\fromm_dump\01\window_0180.xml,之後在舞台上用超猛 live 表演給你看ㅋ
,PM 3:05,선우,무대나 하고 싶다,C:\Users\yuyao\Desktop\fromm抓取\fromm_dump\01\window_0180.xml,好想上舞台啊
,PM 3:06,선우,나 근데 이제,C:\Users\yuyao\Desktop\fromm抓取\fromm_dump\01\window_0180.xml,我不過現在
,PM 3:06,선우,컴뱍하니까,C:\Users\yuyao\Desktop\fromm抓取\fromm_dump\01\window_0180.xml,要回歸了嘛
,PM 3:06,선우,관리하는데,C:\Users\yuyao\Desktop\fromm抓取\fromm_dump\01\window_0181.xml,在管理狀態
,PM 3:06,선우,브링그린 ㄹㅇ 좋더라,C:\Users\yuyao\Desktop\fromm抓取\fromm_dump\01\window_0181.xml,BRING GREEN 真的不錯欸
,PM 3:06,선우,너무 앞광고 같겠지만,C:\Users\yuyao\Desktop\fromm抓取\fromm_dump\01\window_0181.xml,雖然會很像正大光明業配
,PM 3:07,선우,진짜 세럼 일주일만 써봐 진짜 느껴짐,C:\Users\yuyao\Desktop\fromm抓取\fromm_dump\01\window_0181.xml,真的 serum 你用一週看看，真的會有感
,PM 3:08,선우,ㅋㅋㅋㅋㅋㅋㅋㅋㅋㅋㅋ,C:\Users\yuyao\Desktop\fromm抓取\fromm_dump\01\window_0182.xml,ㅋㅋㅋㅋㅋㅋㅋㅋㅋㅋㅋ
,PM 3:08,선우,이제 더비 피부도 내가 책임진다,C:\Users\yuyao\Desktop\fromm抓取\fromm_dump\01\window_0182.xml,現在 DERBY 的皮膚也由我來負責
,PM 3:08,선우,근데 내가 건성인지 지성인지,C:\Users\yuyao\Desktop\fromm抓取\fromm_dump\01\window_0182.xml,可是我要怎麼知道我是乾性還是油性
,PM 3:09,선우,어케 판단해?,C:\Users\yuyao\Desktop\fromm抓取\fromm_dump\01\window_0182.xml,怎麼判斷？
,PM 3:09,선우,기름이 막 많지도 않은 것 같고 그렇다고,C:\Users\yuyao\Desktop\fromm抓取\fromm_dump\01\window_0183.xml,感覺油也沒有很多，而且
,PM 3:09,선우,엄청 건조하지도 않은 것 같음,C:\Users\yuyao\Desktop\fromm抓取\fromm_dump\01\window_0183.xml,好像也不是非常乾
,PM 3:09,선우,케바케임,C:\Users\yuyao\Desktop\fromm抓取\fromm_dump\01\window_0183.xml,因人而異啦
,PM 3:09,선우,복합성이구나 그런 건,C:\Users\yuyao\Desktop\fromm抓取\fromm_dump\01\window_0183.xml,原來那種叫混合性啊
,PM 3:09,선우,하지만 난,C:\Users\yuyao\Desktop\fromm抓取\fromm_dump\01\window_0184.xml,但是我
,PM 3:10,선우,광합성인 걸,C:\Users\yuyao\Desktop\fromm抓取\fromm_dump\01\window_0184.xml,是光合作用性
,PM 3:10,선우,세수하고 나면 땡기긴 함,C:\Users\yuyao\Desktop\fromm抓取\fromm_dump\01\window_0184.xml,洗完臉後是會緊繃
,PM 3:10,선우,근데 그런 밸런스를 맞춰주는 게,C:\Users\yuyao\Desktop\fromm抓取\fromm_dump\01\window_0184.xml,但能調整那種平衡的就是
,PM 3:10,선우,징크테카  ㅋ,C:\Users\yuyao\Desktop\fromm抓取\fromm_dump\01\window_0184.xml,ZINC TECA ㅋ
,PM 3:10,선우,이제 그만할개,C:\Users\yuyao\Desktop\fromm抓取\fromm_dump\01\window_0185.xml,現在我不講了
,PM 3:10,선우,게,C:\Users\yuyao\Desktop\fromm抓取\fromm_dump\01\window_0185.xml,「了」
,PM 3:11,선우,쨌든,C:\Users\yuyao\Desktop\fromm抓取\fromm_dump\01\window_0185.xml,總之
,PM 3:11,선우,더비들,C:\Users\yuyao\Desktop\fromm抓取\fromm_dump\01\window_0185.xml,DERBY 們
,PM 3:11,선우,잘 지내? ㅠㅜ,C:\Users\yuyao\Desktop\fromm抓取\fromm_dump\01\window_0185.xml,過得好嗎？ㅠㅜ
,PM 3:14,선우,나 최근에 엠비티아이 한번 더 해봤는데,C:\Users\yuyao\Desktop\fromm抓取\fromm_dump\01\window_0186.xml,我最近又測了一次 MBTI
,PM 3:14,선우,[media/no text],C:\Users\yuyao\Desktop\fromm抓取\fromm_dump\01\window_0186.xml,
,PM 3:14,선우,또 이거 나왔어,C:\Users\yuyao\Desktop\fromm抓取\fromm_dump\01\window_0187.xml,結果又出現這個
,PM 3:14,선우,좀 바뀌었다고 스스로,C:\Users\yuyao\Desktop\fromm抓取\fromm_dump\01\window_0187.xml,我本來自己覺得
,PM 3:14,선우,생각했었는데,C:\Users\yuyao\Desktop\fromm抓取\fromm_dump\01\window_0187.xml,好像有變一點
,PM 3:14,선우,왜냐면,C:\Users\yuyao\Desktop\fromm抓取\fromm_dump\01\window_0187.xml,因為
,PM 3:14,선우,좀,C:\Users\yuyao\Desktop\fromm抓取\fromm_dump\01\window_0187.xml,有點
,PM 3:14,선우,i가 된 것 같아서...ㅎㅎ,C:\Users\yuyao\Desktop\fromm抓取\fromm_dump\01\window_0188.xml,像變成 I 了...ㅎㅎ
,PM 3:15,선우,근데 엔팁이 e중에 제일i래,C:\Users\yuyao\Desktop\fromm抓取\fromm_dump\01\window_0188.xml,可是聽說 ENTP 是 E 裡面最像 I 的
,PM 3:15,선우,i가 되고 싶은 e,C:\Users\yuyao\Desktop\fromm抓取\fromm_dump\01\window_0188.xml,想成為 I 的 E
,PM 3:15,선우,엠비티아이로 사람을 판단할 순 없긴한데,C:\Users\yuyao\Desktop\fromm抓取\fromm_dump\01\window_0188.xml,雖然不能用 MBTI 判斷一個人
,PM 3:16,선우,살짝 뭐라하지,C:\Users\yuyao\Desktop\fromm抓取\fromm_dump\01\window_0188.xml,有點該怎麼說
,PM 3:16,선우,껍데기는 대충,C:\Users\yuyao\Desktop\fromm抓取\fromm_dump\01\window_0189.xml,外殼大概
,PM 3:16,선우,맞는 듯 ㅋㅋ,C:\Users\yuyao\Desktop\fromm抓取\fromm_dump\01\window_0189.xml,好像是準的ㅋㅋ
,PM 3:16,선우,성향 파악용으로는,C:\Users\yuyao\Desktop\fromm抓取\fromm_dump\01\window_0189.xml,用來掌握傾向的話
,PM 3:16,선우,이것만한 게 없어,C:\Users\yuyao\Desktop\fromm抓取\fromm_dump\01\window_0189.xml,沒有比這個更好用的了
,PM 3:16,선우,엠비티아이는 질리지 않아,C:\Users\yuyao\Desktop\fromm抓取\fromm_dump\01\window_0189.xml,MBTI 不會膩
,PM 3:16,선우,왜냐면,C:\Users\yuyao\Desktop\fromm抓取\fromm_dump\01\window_0190.xml,因為
,PM 3:16,선우,엠비티아이 싫어하는 사람들 보면,C:\Users\yuyao\Desktop\fromm抓取\fromm_dump\01\window_0190.xml,你看討厭 MBTI 的人
,PM 3:16,선우,다 똑같은 엠비티아이인 것도,C:\Users\yuyao\Desktop\fromm抓取\fromm_dump\01\window_0190.xml,他們幾乎都是同樣的 MBTI 這點
,PM 3:16,선우,엠비티아이의 신뢰도를 높여줌 ㅋㅋ,C:\Users\yuyao\Desktop\fromm抓取\fromm_dump\01\window_0190.xml,也提高了 MBTI 的可信度ㅋㅋ
,PM 3:17,선우,뭐더라,C:\Users\yuyao\Desktop\fromm抓取\fromm_dump\01\window_0191.xml,是什麼來著
,PM 3:17,선우,estj인가,C:\Users\yuyao\Desktop\fromm抓取\fromm_dump\01\window_0191.xml,ESTJ 嗎
,PM 3:17,선우,istj estj 들이,C:\Users\yuyao\Desktop\fromm抓取\fromm_dump\01\window_0191.xml,ISTJ、ESTJ 們
,PM 3:17,선우,엠비티아이 안 믿음 ㅋㅋ,C:\Users\yuyao\Desktop\fromm抓取\fromm_dump\01\window_0191.xml,不相信 MBTIㅋㅋ
,PM 3:17,선우,그것까지가 엠비티아이의 완성,C:\Users\yuyao\Desktop\fromm抓取\fromm_dump\01\window_0191.xml,連這點都是 MBTI 的完成
,PM 3:18,선우,근데 나도 그건 싫음 엠비티아이로,C:\Users\yuyao\Desktop\fromm抓取\fromm_dump\01\window_0192.xml,但我也不喜歡那種，用 MBTI
,PM 3:18,선우,아 너 그런 사람이네,C:\Users\yuyao\Desktop\fromm抓取\fromm_dump\01\window_0192.xml,說「啊你就是那種人」
,PM 3:18,선우,이렇게 판단하는 건 싫지만,C:\Users\yuyao\Desktop\fromm抓取\fromm_dump\01\window_0192.xml,這樣判斷我是不喜歡
,PM 3:18,선우,그래도 대충 틀은 보이는 게 개꿀잼💕,C:\Users\yuyao\Desktop\fromm抓取\fromm_dump\01\window_0192.xml,不過大概看得出框架這點超有趣💕
,PM 3:19,선우,"나랑 잘 맞는 엠비티아이라 ,,,",C:\Users\yuyao\Desktop\fromm抓取\fromm_dump\01\window_0193.xml,"跟我合得來的 MBTI 的話,,,"
,PM 3:19,선우,난 엔팁 ㅋㅋㅋㅋㅋㅋ,C:\Users\yuyao\Desktop\fromm抓取\fromm_dump\01\window_0193.xml,我是 ENTP ㅋㅋㅋㅋㅋㅋ
,PM 3:19,선우,아니면 인팁,C:\Users\yuyao\Desktop\fromm抓取\fromm_dump\01\window_0193.xml,不然就是 INTP
,PM 3:19,선우,이엔에프피도 재밌음,C:\Users\yuyao\Desktop\fromm抓取\fromm_dump\01\window_0193.xml,ENFP 也很有趣
,PM 3:20,선우,맨날 나 틱톡 찍어줬던 친구 엔프피인데,C:\Users\yuyao\Desktop\fromm抓取\fromm_dump\01\window_0193.xml,以前常常幫我拍 TikTok 的朋友是 ENFP
,PM 3:20,선우,놀리는 거 꿀잼,C:\Users\yuyao\Desktop\fromm抓取\fromm_dump\01\window_0194.xml,逗他超有趣
,PM 3:20,선우,뭐만하면 서운해하는 게 넘 웃김,C:\Users\yuyao\Desktop\fromm抓取\fromm_dump\01\window_0194.xml,動不動就委屈的樣子太好笑了
,PM 3:20,선우,리액션이 크고 눈망울이 맑으면 거의 엔프피더라,C:\Users\yuyao\Desktop\fromm抓取\fromm_dump\01\window_0194.xml,反應很大、眼神很清澈的話幾乎都是 ENFP
,PM 3:21,선우,엔프제도 잘 맞는 것 같고,C:\Users\yuyao\Desktop\fromm抓取\fromm_dump\01\window_0194.xml,感覺 ENFJ 也滿合的
,PM 3:21,선우,사실 난 다 잘 맞음,C:\Users\yuyao\Desktop\fromm抓取\fromm_dump\01\window_0195.xml,其實我跟誰都合
,PM 3:21,선우,근데 잇프제랑은 안 맞을 듯,C:\Users\yuyao\Desktop\fromm抓取\fromm_dump\01\window_0195.xml,但跟 ISFJ 好像不太合
,PM 3:21,선우,다 반대자나,C:\Users\yuyao\Desktop\fromm抓取\fromm_dump\01\window_0195.xml,不是全都相反嗎
,PM 3:21,선우,아닌가,C:\Users\yuyao\Desktop\fromm抓取\fromm_dump\01\window_0195.xml,不是嗎
,PM 3:21,선우,다 반대여서 흥미로울라나,C:\Users\yuyao\Desktop\fromm抓取\fromm_dump\01\window_0195.xml,會不會因為全都相反所以反而很有趣
,PM 3:22,선우,인프피 잘맞아,C:\Users\yuyao\Desktop\fromm抓取\fromm_dump\01\window_0196.xml,INFP 很合
,PM 3:22,선우,놀리고 위로해주고 웃겨주기 딱 좋음,C:\Users\yuyao\Desktop\fromm抓取\fromm_dump\01\window_0196.xml,很適合逗他、安慰他、把他逗笑
,PM 5:51,선우,"아 갑자기 일이
생겨섴",C:\Users\yuyao\Desktop\fromm抓取\fromm_dump\01\window_0196.xml,"啊突然有事
發生了ㅋㅋ"
,PM 5:51,선우,지금은 헤메 중,C:\Users\yuyao\Desktop\fromm抓取\fromm_dump\01\window_0196.xml,現在在做髮妝中
,PM 5:52,선우,왜 헤메하냐고는 뭐냐,C:\Users\yuyao\Desktop\fromm抓取\fromm_dump\01\window_0196.xml,問我為什麼做髮妝是什麼啦
,PM 5:52,선우,아돌라 하잖아아ㅏ아아아아ㅏ!!!!!!!!,C:\Users\yuyao\Desktop\fromm抓取\fromm_dump\01\window_0197.xml,不是要做 Idol Radio 嗎啊啊啊啊!!!!!!!!
,PM 5:52,선우,스파이 검거,C:\Users\yuyao\Desktop\fromm抓取\fromm_dump\01\window_0197.xml,抓到間諜
,PM 5:53,선우,오늘은 트뤠줘 나오는 날,C:\Users\yuyao\Desktop\fromm抓取\fromm_dump\01\window_0197.xml,今天是 TREASURE 來的日子
,PM 5:53,선우,지훈이랑 만나자만나자 했는데 바빠서 못 만났는데,C:\Users\yuyao\Desktop\fromm抓取\fromm_dump\01\window_0197.xml,一直說要跟志焄見面但因為太忙沒見到
,PM 5:53,선우,여기서 만나네 ㅋ,C:\Users\yuyao\Desktop\fromm抓取\fromm_dump\01\window_0198.xml,結果在這裡見到了ㅋ
,PM 5:53,선우,지훈이랑 맞짱까야지,C:\Users\yuyao\Desktop\fromm抓取\fromm_dump\01\window_0198.xml,我要跟志焄打一架
,PM 5:54,선우,지훈이 유도 배워서 옷깃만 안 잡히면 됨,C:\Users\yuyao\Desktop\fromm抓取\fromm_dump\01\window_0198.xml,志焄學過柔道，只要不被抓衣領就行
,PM 5:54,선우,난 이번 앨범 컨셉처럼 복싱으로 간다,C:\Users\yuyao\Desktop\fromm抓取\fromm_dump\01\window_0198.xml,我就像這次專輯概念一樣走拳擊路線
,PM 5:54,선우,응원해줘!,C:\Users\yuyao\Desktop\fromm抓取\fromm_dump\01\window_0198.xml,幫我加油！
,PM 5:54,선우,스텝 연습 많이 해서,C:\Users\yuyao\Desktop\fromm抓取\fromm_dump\01\window_0199.xml,我練了很多步伐
,PM 5:55,선우,빨리 도망갈 수 있을 듯,C:\Users\yuyao\Desktop\fromm抓取\fromm_dump\01\window_0199.xml,應該可以很快逃跑
,PM 6:00,선우,옷 갈중,C:\Users\yuyao\Desktop\fromm抓取\fromm_dump\01\window_0199.xml,換衣服中
,PM 6:01,선우,이거이거 안되겠네,C:\Users\yuyao\Desktop\fromm抓取\fromm_dump\01\window_0199.xml,這個這個不行欸
,PM 6:01,선우,중간과정좀 이 캐웃기네,C:\Users\yuyao\Desktop\fromm抓取\fromm_dump\01\window_0199.xml,中間過程有點超好笑耶
,PM 6:02,선우,이제 개는 캐로 표현하겠습니다,C:\Users\yuyao\Desktop\fromm抓取\fromm_dump\01\window_0200.xml,以後「개」我會用「캐」來表示
,PM 6:02,선우,개는 너무 현실말투,C:\Users\yuyao\Desktop\fromm抓取\fromm_dump\01\window_0200.xml,「개」太現實口語了
,PM 6:02,선우,댕으로 가자 그래,C:\Users\yuyao\Desktop\fromm抓取\fromm_dump\01\window_0200.xml,那走「댕」好了
,PM 6:02,선우,댕이 좋다,C:\Users\yuyao\Desktop\fromm抓取\fromm_dump\01\window_0200.xml,「댕」不錯
,PM 6:03,선우,댕이 좀 짜침몬스터라는 글을 봤는데,C:\Users\yuyao\Desktop\fromm抓取\fromm_dump\01\window_0201.xml,我看到有人說「댕」有點尷尬怪獸
,PM 6:04,선우,짜침 몬스터만큼 짜치는 말을 본 적이 없는 듯,C:\Users\yuyao\Desktop\fromm抓取\fromm_dump\01\window_0201.xml,但我好像沒看過比「尷尬怪獸」更尷尬的詞
,PM 6:04,선우,ㅋㅋㅋㅋㅋㅋㅋㅋㅋㅋㅋㅋㅋㅋㅋㅋㅋㅋㅋㅋㅋ,C:\Users\yuyao\Desktop\fromm抓取\fromm_dump\01\window_0201.xml,ㅋㅋㅋㅋㅋㅋㅋㅋㅋㅋㅋㅋㅋㅋㅋㅋㅋㅋㅋㅋㅋ
,PM 6:04,선우,짜침몬스터 킹받네,C:\Users\yuyao\Desktop\fromm抓取\fromm_dump\01\window_0201.xml,尷尬怪獸真讓人火大欸
,PM 6:07,선우,[media/no text],C:\Users\yuyao\Desktop\fromm抓取\fromm_dump\01\window_0202.xml,
,PM 6:07,선우,냠냠,C:\Users\yuyao\Desktop\fromm抓取\fromm_dump\01\window_0202.xml,嚼嚼
,PM 6:08,선우,운동 안하긴 하는데,C:\Users\yuyao\Desktop\fromm抓取\fromm_dump\01\window_0202.xml,雖然我沒有在運動
,PM 6:08,선우,담백한 걸 먹고 싶어서,C:\Users\yuyao\Desktop\fromm抓取\fromm_dump\01\window_0203.xml,但想吃清淡一點的東西
,PM 6:08,선우,단백한 걸 골랐어,C:\Users\yuyao\Desktop\fromm抓取\fromm_dump\01\window_0203.xml,所以選了蛋白質多的
,PM 6:08,선우,누가 나 운동한대?,C:\Users\yuyao\Desktop\fromm抓取\fromm_dump\01\window_0203.xml,誰說我有運動？
,PM 6:08,선우,나 운동 안하늗뎈,C:\Users\yuyao\Desktop\fromm抓取\fromm_dump\01\window_0203.xml,我沒有在運動欸ㅋㅋ
,PM 6:09,선우,"난 좀 여유로울 때 하고 싶어,, 아직 짬내서 운동할 정도로의 욕심은 없음",C:\Users\yuyao\Desktop\fromm抓取\fromm_dump\01\window_0204.xml,"我想等比較有餘裕的時候再做,, 還沒有到願意硬擠時間運動的慾望"
,PM 6:10,선우,나 유리몸이라 그거 보완할 등운동 어깨운동만 좀,C:\Users\yuyao\Desktop\fromm抓取\fromm_dump\01\window_0204.xml,我身體很玻璃，所以之後想做點能補強的背部運動、肩膀運動
,PM 6:10,선우,시간 여유롭고 좀 있을 때 천천히 시작해볼 거임,C:\Users\yuyao\Desktop\fromm抓取\fromm_dump\01\window_0204.xml,等時間比較寬裕、有空的時候慢慢開始
,PM 6:10,선우,응원해조,C:\Users\yuyao\Desktop\fromm抓取\fromm_dump\01\window_0204.xml,幫我加油
,PM 6:11,선우,운동하지말라해도 할 거임,C:\Users\yuyao\Desktop\fromm抓取\fromm_dump\01\window_0204.xml,就算你叫我不要運動我也會做
,PM 6:11,선우,이건 나으 건강 문제니까 ㅋ,C:\Users\yuyao\Desktop\fromm抓取\fromm_dump\01\window_0205.xml,因為這是我的健康問題ㅋ
,PM 6:12,선우,"벌크업(x)차피 하지도 못함
안 다칠 정도의 근육을 만들고 
핏은 더 예쁘게 얼굴 힘줘서 얼굴 안 커지게(O)",C:\Users\yuyao\Desktop\fromm抓取\fromm_dump\01\window_0205.xml,"增肌(x)反正也做不到
做出不會受傷程度的肌肉
版型更好看、臉用力控制不要變大(O)"
,PM 6:12,선우,됐지?,C:\Users\yuyao\Desktop\fromm抓取\fromm_dump\01\window_0205.xml,可以了吧？
,PM 6:12,선우,내가 원하는 걸 모를까봐~^^,C:\Users\yuyao\Desktop\fromm抓取\fromm_dump\01\window_0205.xml,怕你不知道我想要什麼～^^
,PM 6:12,선우,ㅎㅎ,C:\Users\yuyao\Desktop\fromm抓取\fromm_dump\01\window_0206.xml,ㅎㅎ
,PM 6:13,선우,내 몸자체가 짜피 우락부락이 안되는 몸이라서 ㅋ,C:\Users\yuyao\Desktop\fromm抓取\fromm_dump\01\window_0206.xml,反正我身體本身就不是會變壯碩的體質ㅋ
,PM 6:14,선우,댓글에도 있내,C:\Users\yuyao\Desktop\fromm抓取\fromm_dump\01\window_0206.xml,留言裡也有呢
,PM 6:14,선우,네,C:\Users\yuyao\Desktop\fromm抓取\fromm_dump\01\window_0206.xml,是的
,PM 6:14,선우,축그할 때도 허벅지만 굵어졌지,C:\Users\yuyao\Desktop\fromm抓取\fromm_dump\01\window_0207.xml,以前踢足球時也只是大腿變粗而已
,PM 6:14,선우,종아리는 에이블리 종아리임,C:\Users\yuyao\Desktop\fromm抓取\fromm_dump\01\window_0207.xml,小腿是 Ably 小腿
,PM 6:14,선우,"어떻게 아냐니,,, 그대들이 에이블리 종아리라고 하는 걸 이만번 정도는 들었어서,,",C:\Users\yuyao\Desktop\fromm抓取\fromm_dump\01\window_0207.xml,"問我怎麼知道,,, 因為聽你們說我是 Ably 小腿大概兩萬次了,,"
,PM 6:15,선우,나 트위터 안하는데,C:\Users\yuyao\Desktop\fromm抓取\fromm_dump\01\window_0207.xml,我不玩 Twitter
,PM 6:15,선우,x하는데 ㅋㅋ,C:\Users\yuyao\Desktop\fromm抓取\fromm_dump\01\window_0208.xml,我玩 X ㅋㅋ
,PM 6:15,선우,재밌음,C:\Users\yuyao\Desktop\fromm抓取\fromm_dump\01\window_0208.xml,很有趣
,PM 6:16,선우,반응보고 서로 피드백하고 팬들끼리 소통하고 좋다 싫다 하고 이런 거 보는 게 넘 재미떠,C:\Users\yuyao\Desktop\fromm抓取\fromm_dump\01\window_0208.xml,看反應、互相給回饋、粉絲之間交流、說喜歡不喜歡，這些看起來都超有趣
,PM 6:18,선우,근데 상처 안 받아,C:\Users\yuyao\Desktop\fromm抓取\fromm_dump\01\window_0208.xml,但我不會受傷
,PM 6:18,선우,맞말도 넘 많아서,C:\Users\yuyao\Desktop\fromm抓取\fromm_dump\01\window_0209.xml,因為很多也都是對的話
,PM 6:18,선우,그건 그렇네 저건 저렇네 이렇게 생각할 수 있겠구나 오호 이런 느낌이지,C:\Users\yuyao\Desktop\fromm抓取\fromm_dump\01\window_0209.xml,會覺得「那也是欸」「這又是那樣啊」「原來可以這樣想喔」這種感覺
,PM 6:22,선우,"이 일이 또 사람이 다 그런 거지 뭐,, 가십이 일상인 직업이라서",C:\Users\yuyao\Desktop\fromm抓取\fromm_dump\01\window_0209.xml,"這工作也是，人都那樣嘛,, 八卦是日常的職業"
,PM 6:22,선우,인정하고 넘기는 거지 머,C:\Users\yuyao\Desktop\fromm抓取\fromm_dump\01\window_0209.xml,承認然後放下就是了嘛
,PM 6:23,선우,솔직히 이제,C:\Users\yuyao\Desktop\fromm抓取\fromm_dump\01\window_0210.xml,老實說現在
,PM 6:23,선우,사랑하는 사람들의 따끔한 충고와,C:\Users\yuyao\Desktop\fromm抓取\fromm_dump\01\window_0210.xml,愛我的人們刺耳但中肯的忠告
,PM 6:23,선우,진심도 아니면서 비난만 해대는 건,C:\Users\yuyao\Desktop\fromm抓取\fromm_dump\01\window_0210.xml,和根本不是真心、只是在批評的話
,PM 6:23,선우,구분 할 줄 알아서,C:\Users\yuyao\Desktop\fromm抓取\fromm_dump\01\window_0210.xml,我已經分得出來了
,PM 6:23,선우,걱정마,C:\Users\yuyao\Desktop\fromm抓取\fromm_dump\01\window_0210.xml,別擔心
,PM 6:24,선우,상처는 너가 더 받을 듯 너도 상처 받지망🥰,C:\Users\yuyao\Desktop\fromm抓取\fromm_dump\01\window_0211.xml,受傷的可能反而是你，你也不要受傷🥰
,PM 6:24,선우,"더비들이 보여준 마음들이 있는데,,,,",C:\Users\yuyao\Desktop\fromm抓取\fromm_dump\01\window_0211.xml,"DERBY 們都展現過那樣的心意了,,,,"
,PM 6:25,선우,"함부로 판단안해,, 소중한 마음들이니까 진짜루",C:\Users\yuyao\Desktop\fromm抓取\fromm_dump\01\window_0211.xml,"我不會隨便判斷,, 因為都是珍貴的心意，真的"
,PM 6:25,선우,그래서 더 화나고 더 속상하고,C:\Users\yuyao\Desktop\fromm抓取\fromm_dump\01\window_0211.xml,所以才更生氣、更難過
,PM 6:25,선우,더 슬픈 거자나,C:\Users\yuyao\Desktop\fromm抓取\fromm_dump\01\window_0212.xml,也更傷心啊
,PM 6:25,선우,안 사랑하면 안 그래,C:\Users\yuyao\Desktop\fromm抓取\fromm_dump\01\window_0212.xml,不愛的話不會那樣
,PM 6:25,선우,사랑하면 더 바라게 되는 거야 쩔 수 없이,C:\Users\yuyao\Desktop\fromm抓取\fromm_dump\01\window_0212.xml,愛的話就會忍不住有更多期待
,PM 6:26,선우,한 50년 되면 바라는 게 없어지는 사랑의 형태가 되겠지 그 전까지는,C:\Users\yuyao\Desktop\fromm抓取\fromm_dump\01\window_0212.xml,大概過 50 年後會變成沒有任何期待的愛的形態吧，在那之前
,PM 6:26,선우,바라는 사랑의 형태가 맞는 거고,C:\Users\yuyao\Desktop\fromm抓取\fromm_dump\01\window_0213.xml,有期待的愛才是對的形態
,PM 6:26,선우,다 흐름이 있자나,C:\Users\yuyao\Desktop\fromm抓取\fromm_dump\01\window_0213.xml,一切都有流動嘛
,PM 6:26,선우,"그래서 많이 사랑해주는 구나,, 그래서 진짜 더비들이",C:\Users\yuyao\Desktop\fromm抓取\fromm_dump\01\window_0213.xml,"所以才給我這麼多愛啊,, 所以真的覺得 DERBY 們"
,PM 6:26,선우,"사랑에 강하고 사랑에 약하구나,,",C:\Users\yuyao\Desktop\fromm抓取\fromm_dump\01\window_0213.xml,"在愛裡很強，也在愛裡很脆弱啊,,"
,PM 6:26,선우,싶어,C:\Users\yuyao\Desktop\fromm抓取\fromm_dump\01\window_0214.xml,我是這樣想的
,PM 6:31,선우,그 맘 우리도 똑같으니까,C:\Users\yuyao\Desktop\fromm抓取\fromm_dump\01\window_0214.xml,那份心意我們也一樣
,PM 6:31,선우,지켜바바,C:\Users\yuyao\Desktop\fromm抓取\fromm_dump\01\window_0214.xml,你看著吧
,PM 6:36,선우,"근데 지금은 말만 할 수 밖에 없는 게 뭐가 수정이 되어도 시간차가 있으니까 기다려달라는 말 밖엔,,,,",C:\Users\yuyao\Desktop\fromm抓取\fromm_dump\01\window_0214.xml,"可是現在只能用說的，因為不管修正了什麼都會有時間差，所以只能說請再等等,,,,"
,PM 6:36,선우,ㅠ,C:\Users\yuyao\Desktop\fromm抓取\fromm_dump\01\window_0215.xml,ㅠ
,PM 6:38,선우,또 속는 것 같겠지먼,C:\Users\yuyao\Desktop\fromm抓取\fromm_dump\01\window_0215.xml,雖然可能又覺得像被騙了
,PM 6:38,선우,한 번만 더 속아봐,C:\Users\yuyao\Desktop\fromm抓取\fromm_dump\01\window_0215.xml,就再被騙一次看看吧
,PM 6:38,선우,아니 속인다는 건 아니곸,C:\Users\yuyao\Desktop\fromm抓取\fromm_dump\01\window_0215.xml,不是說我真的要騙你啦ㅋㅋ
,PM 6:40,선우,프롬주기 어때,C:\Users\yuyao\Desktop\fromm抓取\fromm_dump\01\window_0215.xml,Fromm 週期如何
,PM 6:40,선우,아 별로구나,C:\Users\yuyao\Desktop\fromm抓取\fromm_dump\01\window_0216.xml,啊，原來不太好啊
,PM 6:40,선우,ㅈㅅ,C:\Users\yuyao\Desktop\fromm抓取\fromm_dump\01\window_0216.xml,抱歉
,PM 6:41,선우,솔직히,C:\Users\yuyao\Desktop\fromm抓取\fromm_dump\01\window_0216.xml,老實說
,PM 6:43,선우,억지로 안 와 근데 아 이게 내가,C:\Users\yuyao\Desktop\fromm抓取\fromm_dump\01\window_0216.xml,我不會硬來，但啊這個我
,PM 6:43,선우,스몰토크 하는 습관 좀,C:\Users\yuyao\Desktop\fromm抓取\fromm_dump\01\window_0217.xml,得稍微培養一下
,PM 6:43,선우,길러야겠다,C:\Users\yuyao\Desktop\fromm抓取\fromm_dump\01\window_0217.xml,small talk 的習慣
,PM 6:43,선우,나 진짜 누가 뭐 오늘 어땠냐 인터뷰나 뭐나 부모님이 질문해도,C:\Users\yuyao\Desktop\fromm抓取\fromm_dump\01\window_0217.xml,我真的就算有人問我今天怎樣，不管採訪還是爸媽問
,PM 6:43,선우,그냥 그랬어,C:\Users\yuyao\Desktop\fromm抓取\fromm_dump\01\window_0217.xml,都只會說「就那樣」
,PM 6:43,선우,내 이야기를 세세하게 푸는 게 요새 넘 어려움,C:\Users\yuyao\Desktop\fromm抓取\fromm_dump\01\window_0217.xml,最近要細細講自己的故事變得很難
,PM 6:45,선우,선우의 하루처럼 일기를 여따 남겨볼까,C:\Users\yuyao\Desktop\fromm抓取\fromm_dump\01\window_0218.xml,要不要像「善旴的一天」一樣，把日記留在這裡
,PM 6:45,선우,그럼 이렇게 해보자,C:\Users\yuyao\Desktop\fromm抓取\fromm_dump\01\window_0218.xml,那就這樣試試看吧
,PM 6:45,선우,내 오늘 하루가 어땠는지 나도,C:\Users\yuyao\Desktop\fromm抓取\fromm_dump\01\window_0218.xml,我今天一天過得怎樣，我也
,PM 6:45,선우,되짚어보고,C:\Users\yuyao\Desktop\fromm抓取\fromm_dump\01\window_0218.xml,回頭想想
,PM 6:46,선우,생각할 겸,C:\Users\yuyao\Desktop\fromm抓取\fromm_dump\01\window_0219.xml,順便整理想法
,PM 6:46,선우,내 감정을 좀 써보는 것부터 해봐야겠다,C:\Users\yuyao\Desktop\fromm抓取\fromm_dump\01\window_0219.xml,先從寫下自己的情緒開始試試看
,PM 6:46,선우,물론 매일 그럴 수 있다는 건 아님,C:\Users\yuyao\Desktop\fromm抓取\fromm_dump\01\window_0219.xml,當然不是說每天都能這樣
,PM 6:46,선우,"나도 날 알아서 너도 나 알 듯이^.^.^.., ㅎㅎ",C:\Users\yuyao\Desktop\fromm抓取\fromm_dump\01\window_0219.xml,"我很了解我自己，你也像了解我一樣^.^.^.., ㅎㅎ"
,PM 6:49,선우,나도 말만 했다가 많이 혼나봐서 ㅋ,C:\Users\yuyao\Desktop\fromm抓取\fromm_dump\01\window_0220.xml,我也因為只說不做被罵過很多次ㅋ
,PM 6:49,선우,물론 말만 할 거라고 생각한 적 없고 진짜 그래야지 !! 라고 생각했지만ㅋ,C:\Users\yuyao\Desktop\fromm抓取\fromm_dump\01\window_0220.xml,當然我從沒想過只說不做，是真的想著「要那樣做!!」啦ㅋ
,PM 6:49,선우,그래두 나 오래 하자나💕💕💕💕💕,C:\Users\yuyao\Desktop\fromm抓取\fromm_dump\01\window_0220.xml,不過我會做很久嘛💕💕💕💕💕
,PM 6:50,선우,쨌든 난 오늘,C:\Users\yuyao\Desktop\fromm抓取\fromm_dump\01\window_0220.xml,總之我今天
,PM 6:50,선우,너무 졸려서,C:\Users\yuyao\Desktop\fromm抓取\fromm_dump\01\window_0221.xml,太睏了
,PM 6:50,선우,낮에 밥 안 먹구,C:\Users\yuyao\Desktop\fromm抓取\fromm_dump\01\window_0221.xml,白天沒吃飯
,PM 6:50,선우,멤버들 밥 먹을 때 자고 연습하구,C:\Users\yuyao\Desktop\fromm抓取\fromm_dump\01\window_0221.xml,成員們吃飯的時候我睡覺，然後練習
,PM 6:51,선우,배 안고파서 닭바스트 먹고,C:\Users\yuyao\Desktop\fromm抓取\fromm_dump\01\window_0221.xml,肚子不餓，所以吃了雞胸肉
,PM 6:51,선우,아돌라 가는 중,C:\Users\yuyao\Desktop\fromm抓取\fromm_dump\01\window_0221.xml,現在在去 Idol Radio 的路上
,PM 6:51,선우,나 어제는,C:\Users\yuyao\Desktop\fromm抓取\fromm_dump\01\window_0222.xml,我昨天是
,PM 6:51,선우,고기에 껍데기에 냉면에 김치볶음밥에,C:\Users\yuyao\Desktop\fromm抓取\fromm_dump\01\window_0222.xml,肉、豬皮、冷麵、泡菜炒飯
,PM 6:51,선우,그냥 청소기처럼 다 먹음,C:\Users\yuyao\Desktop\fromm抓取\fromm_dump\01\window_0222.xml,像吸塵器一樣全吃了
,PM 6:51,선우,고기 불닭소스 사서,C:\Users\yuyao\Desktop\fromm抓取\fromm_dump\01\window_0222.xml,買了火雞辣醬
,PM 6:52,선우,찍어먹어 껍데기랑,C:\Users\yuyao\Desktop\fromm抓取\fromm_dump\01\window_0222.xml,拿來沾肉和豬皮吃
,PM 6:52,선우,세상에사 제일 맛있어,C:\Users\yuyao\Desktop\fromm抓取\fromm_dump\01\window_0223.xml,世界上最好吃
,PM 6:52,선우,너는 뭐 먹었냐,C:\Users\yuyao\Desktop\fromm抓取\fromm_dump\01\window_0223.xml,你吃了什麼
,PM 6:52,선우,나보다 잘 먹은 사람 나와봐,C:\Users\yuyao\Desktop\fromm抓取\fromm_dump\01\window_0223.xml,有誰吃得比我好，站出來看看
,PM 6:55,선우,더 먹어라,C:\Users\yuyao\Desktop\fromm抓取\fromm_dump\01\window_0223.xml,多吃點
,PM 6:55,선우,그게 뭐냐?,C:\Users\yuyao\Desktop\fromm抓取\fromm_dump\01\window_0223.xml,那是什麼啊？
,PM 6:55,선우,그게 끼니냐,C:\Users\yuyao\Desktop\fromm抓取\fromm_dump\01\window_0224.xml,那算一餐嗎
,PM 6:55,선우,아 어머니 밥상이라고,C:\Users\yuyao\Desktop\fromm抓取\fromm_dump\01\window_0224.xml,啊你說那是媽媽煮的飯喔
,PM 6:55,선우,진짜,C:\Users\yuyao\Desktop\fromm抓取\fromm_dump\01\window_0224.xml,真的
,PM 6:55,선우,진수성찬,C:\Users\yuyao\Desktop\fromm抓取\fromm_dump\01\window_0224.xml,根本山珍海味
,PM 6:55,선우,예전에 왕들도 그렇게 식사하셨을 듯 ㅋㅋ,C:\Users\yuyao\Desktop\fromm抓取\fromm_dump\01\window_0224.xml,以前的王應該也是那樣吃飯的ㅋㅋ
,PM 6:56,선우,탈ㄹ룰라는 늘 당황스러워,C:\Users\yuyao\Desktop\fromm抓取\fromm_dump\01\window_0225.xml,這種塔露拉總是讓人很慌張
,PM 6:57,선우,난 엄마 집 밥 못 먹은지 15년은 넘었지,C:\Users\yuyao\Desktop\fromm抓取\fromm_dump\01\window_0225.xml,我沒吃媽媽做的家常菜應該超過15年了吧
,PM 6:58,선우,다 으른들의 사정이 있는 거야 ~,C:\Users\yuyao\Desktop\fromm抓取\fromm_dump\01\window_0225.xml,大人們都有各自的原因啦～
,PM 6:58,선우,울 엄마 밥 맛있음,C:\Users\yuyao\Desktop\fromm抓取\fromm_dump\01\window_0225.xml,我媽煮飯很好吃
,PM 6:58,선우,나 요리,C:\Users\yuyao\Desktop\fromm抓取\fromm_dump\01\window_0226.xml,料理
,PM 6:58,선우,배우고 싶더라,C:\Users\yuyao\Desktop\fromm抓取\fromm_dump\01\window_0226.xml,我也想學
,PM 6:58,선우,나중에,C:\Users\yuyao\Desktop\fromm抓取\fromm_dump\01\window_0226.xml,以後
,PM 6:59,선우,그래도 혼자 기본적인 건 해야히지 않나,C:\Users\yuyao\Desktop\fromm抓取\fromm_dump\01\window_0226.xml,我想說至少基本的東西自己也該會做吧
,PM 6:59,선우,싶어서,C:\Users\yuyao\Desktop\fromm抓取\fromm_dump\01\window_0226.xml,所以
,PM 6:59,선우,왜내면 내가 요리 잘하면,C:\Users\yuyao\Desktop\fromm抓取\fromm_dump\01\window_0227.xml,因為如果我很會做菜的話
,PM 6:59,선우,섹시할 것 같아서,C:\Users\yuyao\Desktop\fromm抓取\fromm_dump\01\window_0227.xml,感覺會很性感
,PM 6:59,선우,컨텐츠 보면 알겠지만,C:\Users\yuyao\Desktop\fromm抓取\fromm_dump\01\window_0227.xml,看內容就知道
,PM 7:00,선우,내가 손이 큰 편이더라,C:\Users\yuyao\Desktop\fromm抓取\fromm_dump\01\window_0227.xml,我好像是手很大方的類型
,PM 7:00,선우,미역국 하는데 검정고무신 마냥 마을 사람 다 모여야 딱 맞는 양이더라고,C:\Users\yuyao\Desktop\fromm抓取\fromm_dump\01\window_0228.xml,煮海帶湯的時候，量多到像《黑色橡膠鞋》那樣要全村的人都集合才剛好
,PM 7:00,선우,내가 만든 미역국 먹으면 물 마시면 미역 다 불어서 입으로 나올 정도임,C:\Users\yuyao\Desktop\fromm抓取\fromm_dump\01\window_0228.xml,吃我煮的海帶湯再喝水的話，海帶會膨脹到從嘴巴跑出來的程度
,PM 7:01,선우,그래도 맛있어서 깜놀 ㅋㅋ,C:\Users\yuyao\Desktop\fromm抓取\fromm_dump\01\window_0228.xml,但很好吃所以嚇一跳ㅋㅋ
,PM 7:01,선우,요리까지 잘하면 어쩌려고 김선우,C:\Users\yuyao\Desktop\fromm抓取\fromm_dump\01\window_0228.xml,連料理都做得好，金善旴你是想怎樣
,PM 7:01,선우,적당히 해,C:\Users\yuyao\Desktop\fromm抓取\fromm_dump\01\window_0228.xml,適可而止吧
,PM 7:01,선우,그만 완벽해져,C:\Users\yuyao\Desktop\fromm抓取\fromm_dump\01\window_0229.xml,不要再變完美了
,PM 7:02,선우,이러면 밸런스가 안 맞잖아 ㅋㅋ,C:\Users\yuyao\Desktop\fromm抓取\fromm_dump\01\window_0229.xml,這樣平衡會被破壞欸ㅋㅋ
,PM 7:02,선우,나 그정도 아니야?,C:\Users\yuyao\Desktop\fromm抓取\fromm_dump\01\window_0229.xml,我沒到那種程度嗎？
,PM 7:02,선우,아라쪄 헤헤헤💕,C:\Users\yuyao\Desktop\fromm抓取\fromm_dump\01\window_0229.xml,知道啦 嘿嘿嘿💕
,PM 7:03,선우,자의식 과잉,C:\Users\yuyao\Desktop\fromm抓取\fromm_dump\01\window_0230.xml,自我意識過剩
,PM 7:03,선우,엔팁 특,C:\Users\yuyao\Desktop\fromm抓取\fromm_dump\01\window_0230.xml,ENTP 特徵
,PM 7:03,선우,엠비티아이 또 돌아오네,C:\Users\yuyao\Desktop\fromm抓取\fromm_dump\01\window_0230.xml,MBTI 又回來了
,PM 7:03,선우,지겹겠다,C:\Users\yuyao\Desktop\fromm抓取\fromm_dump\01\window_0230.xml,應該很膩吧
,PM 7:03,선우,어 알아 안 지겨운 거,C:\Users\yuyao\Desktop\fromm抓取\fromm_dump\01\window_0230.xml,喔 我知道你們不膩
,PM 7:03,선우,그냥 하는 말이야,C:\Users\yuyao\Desktop\fromm抓取\fromm_dump\01\window_0231.xml,只是說說而已
,PM 7:06,선우,누가 밴드부 합격 했대,C:\Users\yuyao\Desktop\fromm抓取\fromm_dump\01\window_0231.xml,有人說他考上樂團社了
,PM 7:06,선우,박수,C:\Users\yuyao\Desktop\fromm抓取\fromm_dump\01\window_0231.xml,拍手
,PM 7:06,선우,밴드부 선배로서 말할게,C:\Users\yuyao\Desktop\fromm抓取\fromm_dump\01\window_0231.xml,作為樂團社前輩來說一句
,PM 7:07,선우,"밴드부는 ,, 언어가 악기야,, 소통은 ,,,, 합주로 하는 거야,,skrr",C:\Users\yuyao\Desktop\fromm抓取\fromm_dump\01\window_0231.xml,"樂團社啊，，語言就是樂器，，溝通啊，，，，就是用合奏來做的,,skrr"
,PM 7:08,선우,댄스부 합격했대,C:\Users\yuyao\Desktop\fromm抓取\fromm_dump\01\window_0232.xml,說是考上舞蹈社了
,PM 7:08,선우,박수,C:\Users\yuyao\Desktop\fromm抓取\fromm_dump\01\window_0232.xml,拍手
,PM 7:08,선우,댄스부 선배로서 말할게,C:\Users\yuyao\Desktop\fromm抓取\fromm_dump\01\window_0232.xml,作為舞蹈社前輩來說一句
,PM 7:09,선우,"댄스부는,, 언어가 춤이야,, 소통은",C:\Users\yuyao\Desktop\fromm抓取\fromm_dump\01\window_0232.xml,舞蹈社啊，，語言就是舞蹈，，溝通是
,PM 7:09,선우,소통할 땐 말로 해 걍 댄스부는,C:\Users\yuyao\Desktop\fromm抓取\fromm_dump\01\window_0233.xml,溝通的時候就用嘴巴講吧，舞蹈社就
,PM 7:10,선우,방송부 합격 했어?,C:\Users\yuyao\Desktop\fromm抓取\fromm_dump\01\window_0233.xml,考上廣播社了？
,PM 7:10,선우,더보이즈 영상만 틀어라,C:\Users\yuyao\Desktop\fromm抓取\fromm_dump\01\window_0233.xml,只准播 THE BOYZ 的影片
,PM 7:10,선우,실시,C:\Users\yuyao\Desktop\fromm抓取\fromm_dump\01\window_0233.xml,執行
,PM 7:10,선우,합격한 게 아무 것도 없다고?,C:\Users\yuyao\Desktop\fromm抓取\fromm_dump\01\window_0233.xml,說什麼都沒考上？
,PM 7:11,선우,ㅋㅋ 넌 내 여자 합격,C:\Users\yuyao\Desktop\fromm抓取\fromm_dump\01\window_0234.xml,ㅋㅋ 你考上當我的女人
,PM 7:11,선우,skrr,C:\Users\yuyao\Desktop\fromm抓取\fromm_dump\01\window_0234.xml,skrr
,PM 7:11,선우,아 그만 할래,C:\Users\yuyao\Desktop\fromm抓取\fromm_dump\01\window_0234.xml,啊我不玩了
,PM 7:11,선우,못하겠다 이 컨셉은,C:\Users\yuyao\Desktop\fromm抓取\fromm_dump\01\window_0234.xml,這個人設我撐不下去
,PM 7:11,선우,나 졸리면 이상한 소리 하는 거 알지,C:\Users\yuyao\Desktop\fromm抓取\fromm_dump\01\window_0234.xml,你知道我一睏就會講怪話吧
,PM 7:11,선우,그냥 넘겨,C:\Users\yuyao\Desktop\fromm抓取\fromm_dump\01\window_0235.xml,直接跳過吧
,PM 7:12,선우,자 뇌 깨웠으니까,C:\Users\yuyao\Desktop\fromm抓取\fromm_dump\01\window_0235.xml,好，既然把腦子叫醒了
,PM 7:12,선우,아돌라를 하러 가볼까,C:\Users\yuyao\Desktop\fromm抓取\fromm_dump\01\window_0235.xml,要不要去做 Idol Radio 了呢
,PM 7:13,선우,"더비: 카톡으로 오늘 많이 추운 것 같다고 하니
""우리 같이 바람마귀살까?
라고 답장 올 때
정 떨어짐 vs 괜찮음",C:\Users\yuyao\Desktop\fromm抓取\fromm_dump\01\window_0235.xml,"THE B：用 KakaoTalk 說今天好像很冷
「我們要不要一起買擋風鬼？」
收到這種回覆時
瞬間冷掉 vs 還可以"
,PM 7:13,선우,저는 떨어지는 편인 것 같습니다,C:\Users\yuyao\Desktop\fromm抓取\fromm_dump\01\window_0236.xml,我是會冷掉的那一邊
,PM 7:13,선우,누가 따귀 맞고 싶은 건가? 이러네,C:\Users\yuyao\Desktop\fromm抓取\fromm_dump\01\window_0236.xml,有人說「是想被賞巴掌嗎？」
,PM 7:13,선우,ㅋㅋㅋㅋㅋㅋㅋㅋㅋㅋㅋㅋㅋㅋ 너무 조폭 스타일이에오,C:\Users\yuyao\Desktop\fromm抓取\fromm_dump\01\window_0236.xml,ㅋㅋㅋㅋㅋㅋㅋㅋㅋㅋㅋㅋㅋㅋ 太黑幫風格了啦
,PM 7:14,선우,내가 립아이 병장 너무 내 스타일이라고 좋다고 하면 어떨 것 같아,C:\Users\yuyao\Desktop\fromm抓取\fromm_dump\01\window_0236.xml,如果我說「Ribeye 兵長太是我的菜了，我好喜歡」你們會怎樣
,PM 7:14,선우,립아이는 봐줄 거니,C:\Users\yuyao\Desktop\fromm抓取\fromm_dump\01\window_0237.xml,Ribeye 的話會放過我嗎
,PM 7:15,선우,폭립 이름이라 괜찮다네,C:\Users\yuyao\Desktop\fromm抓取\fromm_dump\01\window_0237.xml,說是豬肋排的名字所以沒關係
,PM 7:15,선우,맞춤법은 중요한 것 같아요,C:\Users\yuyao\Desktop\fromm抓取\fromm_dump\01\window_0237.xml,拼字好像真的很重要
,PM 7:16,선우,뇨끼를 산낙지라고 얘기한 건 언제까지 언급할 거냐,C:\Users\yuyao\Desktop\fromm抓取\fromm_dump\01\window_0237.xml,把 gnocchi 說成活章魚這件事你們到底要提到什麼時候
,PM 7:16,선우,그건 창의력의 문제야,C:\Users\yuyao\Desktop\fromm抓取\fromm_dump\01\window_0237.xml,那是創意力的問題
,PM 7:16,선우,뇨끼를 낙지라고 읽는 건 창의성이야,C:\Users\yuyao\Desktop\fromm抓取\fromm_dump\01\window_0238.xml,把 gnocchi 讀成章魚，那是創造性
,PM 7:17,선우,그녹취는 정떨이고 낙지는 개그라고 알겠어?,C:\Users\yuyao\Desktop\fromm抓取\fromm_dump\01\window_0238.xml,知道了嗎，「그녹취」是冷掉，章魚是搞笑
,PM 7:17,선우,방금 저 말까지 해서 추잡한 거 완성인 듯,C:\Users\yuyao\Desktop\fromm抓取\fromm_dump\01\window_0238.xml,加上剛剛那句話，感覺把寒酸感完成了
,PM 7:18,선우,나 내가 이상한 말 하는 거 다 아는데도 못 멈추겠어,C:\Users\yuyao\Desktop\fromm抓取\fromm_dump\01\window_0238.xml,我明明知道自己在講怪話，卻停不下來
,PM 7:19,선우,뇌 빼고 얘기하는 게 젤 재밌어~!~!~!😆,C:\Users\yuyao\Desktop\fromm抓取\fromm_dump\01\window_0239.xml,放空腦袋聊天最好玩了～!～!～!😆
,PM 7:19,선우,왜냐면 아까 더비한테 진심 얘기할 때,C:\Users\yuyao\Desktop\fromm抓取\fromm_dump\01\window_0239.xml,因為剛才跟 THE B 講真心話的時候
,PM 7:19,선우,뇌에 힘을 너무 줌,C:\Users\yuyao\Desktop\fromm抓取\fromm_dump\01\window_0239.xml,腦袋太用力了
,PM 7:20,선우,뇌 배터리 다 씀,C:\Users\yuyao\Desktop\fromm抓取\fromm_dump\01\window_0239.xml,腦袋電量用完了
,PM 7:20,선우,오늘 아돌라 큰일남,C:\Users\yuyao\Desktop\fromm抓取\fromm_dump\01\window_0240.xml,今天 Idol Radio 大事不妙
,PM 7:20,선우,나 준비하러 간다,C:\Users\yuyao\Desktop\fromm抓取\fromm_dump\01\window_0240.xml,我去準備了
,PM 7:20,선우,ㅋ 수고요~,C:\Users\yuyao\Desktop\fromm抓取\fromm_dump\01\window_0240.xml,ㅋ 辛苦囉～
,PM 7:21,선우,💕,C:\Users\yuyao\Desktop\fromm抓取\fromm_dump\01\window_0240.xml,💕
,PM 11:10,선우,play_video,C:\Users\yuyao\Desktop\fromm抓取\fromm_dump\01\window_0241.xml,播放影片
,PM 11:10,선우,술 취한 선우 리미티드 에디션,C:\Users\yuyao\Desktop\fromm抓取\fromm_dump\01\window_0242.xml,醉酒善旴限定版
,PM 11:10,선우,보내드립니다,C:\Users\yuyao\Desktop\fromm抓取\fromm_dump\01\window_0242.xml,送給你們
,PM 11:11,선우,얼굴이 너무 빨개서 찍었는데 까매서 안 보여,C:\Users\yuyao\Desktop\fromm抓取\fromm_dump\01\window_0242.xml,臉太紅了所以拍了，但太黑看不出來
,PM 11:12,선우,힝,C:\Users\yuyao\Desktop\fromm抓取\fromm_dump\01\window_0242.xml,嚶
,PM 11:12,선우,저때 누형이랑 하이볼 술내기 했는데,C:\Users\yuyao\Desktop\fromm抓取\fromm_dump\01\window_0242.xml,那時候跟 Nu 哥玩 highball 酒量賭局
,PM 11:12,선우,비김,C:\Users\yuyao\Desktop\fromm抓取\fromm_dump\01\window_0243.xml,平手
,PM 11:13,선우,가게 마감시간 때문에 네잔 빠르게 3-40분 안에 원샷하고 나와써,C:\Users\yuyao\Desktop\fromm抓取\fromm_dump\01\window_0243.xml,因為店快打烊，3、40 分鐘內快速乾了四杯就出來了
,PM 11:14,선우,다 네잔씩,C:\Users\yuyao\Desktop\fromm抓取\fromm_dump\01\window_0243.xml,大家都是四杯
,PM 11:14,선우,밖에 못 먹었어 나 반도 안왔는데,C:\Users\yuyao\Desktop\fromm抓取\fromm_dump\01\window_0243.xml,我只喝了四杯而已，連一半都還沒到
,PM 11:14,선우,그래서 아쉽다 하고 다음을 기약,C:\Users\yuyao\Desktop\fromm抓取\fromm_dump\01\window_0244.xml,所以覺得可惜，就約下次
,PM 11:15,선우,큰 컵에 네잔이지 당연히!!!!!!!!!!!!!!!!!!,C:\Users\yuyao\Desktop\fromm抓取\fromm_dump\01\window_0244.xml,當然是大杯的四杯啊!!!!!!!!!!!!!!!!!!
,PM 11:16,선우,난 이제 씻는다 빠이 ㅋ,C:\Users\yuyao\Desktop\fromm抓取\fromm_dump\01\window_0244.xml,我現在要去洗澡了 掰ㅋ
,PM 7:22,선우,요,C:\Users\yuyao\Desktop\fromm抓取\fromm_dump\01\window_0244.xml,唷
,PM 7:23,선우,아,C:\Users\yuyao\Desktop\fromm抓取\fromm_dump\01\window_0245.xml,啊
,PM 7:23,선우,정,C:\Users\yuyao\Desktop\fromm抓取\fromm_dump\01\window_0245.xml,好
,PM 7:23,선우,먹ㄱ고싶당,C:\Users\yuyao\Desktop\fromm抓取\fromm_dump\01\window_0245.xml,想吃ㄌ
,PM 7:23,선우,상그이 보고싶다,C:\Users\yuyao\Desktop\fromm抓取\fromm_dump\01\window_0245.xml,想見 Sangyeon
,PM 7:25,선우,자꾸 지금 뭐하고 있을라나 적응은 벌써 했을라나,C:\Users\yuyao\Desktop\fromm抓取\fromm_dump\01\window_0245.xml,一直會想他現在在做什麼、是不是已經適應了
,PM 7:25,선우,한참 어린 동기들이랑 아직 어색하려나,C:\Users\yuyao\Desktop\fromm抓取\fromm_dump\01\window_0246.xml,跟小很多的同期們是不是還很尷尬呢
,PM 7:25,선우,자꾸 생각하게 돼,C:\Users\yuyao\Desktop\fromm抓取\fromm_dump\01\window_0246.xml,一直會想到
,PM 7:26,선우,쨌든 반장은 반장이니 가서도 에이스이긴 할 듯,C:\Users\yuyao\Desktop\fromm抓取\fromm_dump\01\window_0246.xml,總之班長就是班長，去那裡應該也會是王牌
,PM 7:27,선우,그리고 컴백,C:\Users\yuyao\Desktop\fromm抓取\fromm_dump\01\window_0246.xml,然後回歸
,PM 7:28,선우,곡이 어떤 스타일이던 어떤 컨셉이건 그걸 잘 소화하는 게 내 역할이니 최선을 다해서 해보께 ㅎㅎ,C:\Users\yuyao\Desktop\fromm抓取\fromm_dump\01\window_0247.xml,不管歌是什麼風格、什麼概念，好好消化它就是我的角色，所以我會盡全力試試看ㅎㅎ
,PM 7:28,선우,그리고 주연이 형이 말한 선우가 주인공이다 이런 농담은,C:\Users\yuyao\Desktop\fromm抓取\fromm_dump\01\window_0247.xml,還有柱延哥說的「善旴是主角」那種玩笑
,PM 7:28,선우,뮤비엔 안 나와,C:\Users\yuyao\Desktop\fromm抓取\fromm_dump\01\window_0247.xml,MV 裡不會出現
,PM 7:29,선우,안무 엔딩에 나와^^,C:\Users\yuyao\Desktop\fromm抓取\fromm_dump\01\window_0247.xml,會出現在舞蹈 ending 裡^^
,PM 7:30,선우,막싸 안무 닉네임 그렇게 짓지마라,C:\Users\yuyao\Desktop\fromm抓取\fromm_dump\01\window_0248.xml,不要把 Mackssa 編舞暱稱取成那樣
,PM 7:30,선우,그 침 말고 시계침이라고 해줄래,C:\Users\yuyao\Desktop\fromm抓取\fromm_dump\01\window_0248.xml,不是那個口水，能不能說是時針
,PM 7:32,선우,하지만?,C:\Users\yuyao\Desktop\fromm抓取\fromm_dump\01\window_0248.xml,可是？
,PM 7:32,선우,뭐라부르던 잘 하면 되지 ㅋ,C:\Users\yuyao\Desktop\fromm抓取\fromm_dump\01\window_0248.xml,不管怎麼叫，只要做得好就行ㅋ
,PM 7:32,선우,의왕하는 거,C:\Users\yuyao\Desktop\fromm抓取\fromm_dump\01\window_0248.xml,義王那個
,PM 7:32,선우,제대로 침 놔드림,C:\Users\yuyao\Desktop\fromm抓取\fromm_dump\01\window_0249.xml,我會好好幫你們扎針
,PM 7:32,선우,의래,C:\Users\yuyao\Desktop\fromm抓取\fromm_dump\01\window_0249.xml,是「醫」啦
,PM 7:32,선우,이,C:\Users\yuyao\Desktop\fromm抓取\fromm_dump\01\window_0249.xml,醫
,PM 7:33,선우,실수야 실수..^^,C:\Users\yuyao\Desktop\fromm抓取\fromm_dump\01\window_0249.xml,是失誤 失誤..^^
,PM 7:33,선우,고새 달려들어서 놀리는 것 보소,C:\Users\yuyao\Desktop\fromm抓取\fromm_dump\01\window_0250.xml,看你們馬上撲上來笑我
,PM 7:34,선우,막싸 안무로 공격한다,C:\Users\yuyao\Desktop\fromm抓取\fromm_dump\01\window_0250.xml,我要用 Mackssa 編舞攻擊了
,PM 7:34,선우,맞짱뜨자,C:\Users\yuyao\Desktop\fromm抓取\fromm_dump\01\window_0250.xml,來打一架
,PM 7:35,선우,히히,C:\Users\yuyao\Desktop\fromm抓取\fromm_dump\01\window_0250.xml,嘻嘻
,PM 7:35,선우,나는,C:\Users\yuyao\Desktop\fromm抓取\fromm_dump\01\window_0250.xml,我
,PM 7:35,선우,락앤롤,C:\Users\yuyao\Desktop\fromm抓取\fromm_dump\01\window_0251.xml,Rock and roll
,PM 7:35,선우,내 랩파트가 좋아,C:\Users\yuyao\Desktop\fromm抓取\fromm_dump\01\window_0251.xml,喜歡我的 rap part
,PM 7:35,선우,깔✨롱✨져서 좋아,C:\Users\yuyao\Desktop\fromm抓取\fromm_dump\01\window_0251.xml,喜歡它很有✨帥✨氣✨感
,PM 7:37,선우,필더베 랩 좋아해주는 거 보고 느꼈어,C:\Users\yuyao\Desktop\fromm抓取\fromm_dump\01\window_0251.xml,看到你們喜歡 Feel The Bass 的 rap，我有感覺到
,PM 7:37,선우,어느샌가 음악 방향성도 그렇고 해서,C:\Users\yuyao\Desktop\fromm抓取\fromm_dump\01\window_0251.xml,不知不覺音樂方向也是那樣
,PM 7:37,선우,"빡 랩을 많이 안했었는데 마니 해줘야게따,, 하고",C:\Users\yuyao\Desktop\fromm抓取\fromm_dump\01\window_0252.xml,"很久沒有做很猛的 rap 了，所以想說要多做一點,,"
,PM 7:38,선우,"근데 넘 예쁘다 더비들,, 이렇게 뭐 좋다 뭐 해줘라 하는 게",C:\Users\yuyao\Desktop\fromm抓取\fromm_dump\01\window_0252.xml,"可是 THE B 們太漂亮了,, 說喜歡這個、想要我做那個的樣子"
,PM 7:38,선우,넘 예뻐 보여오,C:\Users\yuyao\Desktop\fromm抓取\fromm_dump\01\window_0252.xml,看起來好漂亮喔
,PM 7:39,선우,그냥 내 목소리 무대 좋아해주는 게 왤케 예뻐 보이지,C:\Users\yuyao\Desktop\fromm抓取\fromm_dump\01\window_0252.xml,為什麼你們喜歡我的聲音和舞台會看起來這麼漂亮呢
,PM 7:40,선우,얼굴 좋아해주는 것도 땡큐지만 그건 살짝 잉 서누 그정도 아닌데 라는 부담은 있지만 무대랑 랩 노래 조아해주는 건 지쨔!?💕💕 더 줄게 더!!!💕 이런 느낌이야 ㅋ,C:\Users\yuyao\Desktop\fromm抓取\fromm_dump\01\window_0253.xml,喜歡我的臉也謝謝，但那有點「咦 善旴沒到那種程度啦」的負擔；可是喜歡我的舞台、rap、歌的話，就是「真的嗎!?💕💕 那我再給你更多!!!💕」這種感覺ㅋ
,PM 7:41,선우,고마오 난 이래서 너네가 넘 조아,C:\Users\yuyao\Desktop\fromm抓取\fromm_dump\01\window_0253.xml,謝謝，我就是因為這樣才超喜歡你們
,PM 7:41,선우,아후 예뻐,C:\Users\yuyao\Desktop\fromm抓取\fromm_dump\01\window_0253.xml,唉唷 漂亮
,PM 7:41,선우,아우우우ㅜ 예뻐,C:\Users\yuyao\Desktop\fromm抓取\fromm_dump\01\window_0253.xml,唉唷嗚嗚嗚 漂亮
,PM 7:42,선우,아구 그냥 확 다 꼬깃꼬깃 꾸겨서 그냥 주머니에 넣고 다녀?,C:\Users\yuyao\Desktop\fromm抓取\fromm_dump\01\window_0254.xml,哎古，乾脆全部揉成皺皺一團放進口袋帶著走嗎？
,PM 7:42,선우,그럴 순 없으니 마음만,C:\Users\yuyao\Desktop\fromm抓取\fromm_dump\01\window_0254.xml,不能那樣，所以我只收下心意
,PM 7:42,선우,가질게,C:\Users\yuyao\Desktop\fromm抓取\fromm_dump\01\window_0254.xml,我會收下的
,PM 7:43,선우,어제 깜장콩,C:\Users\yuyao\Desktop\fromm抓取\fromm_dump\01\window_0254.xml,昨天的黑豆
,PM 7:43,선우,사진,C:\Users\yuyao\Desktop\fromm抓取\fromm_dump\01\window_0255.xml,照片
,PM 7:43,선우,드림,C:\Users\yuyao\Desktop\fromm抓取\fromm_dump\01\window_0255.xml,送你們
,PM 7:43,선우,인스타에 올릴까 했는데,C:\Users\yuyao\Desktop\fromm抓取\fromm_dump\01\window_0255.xml,本來想發到 Instagram 的
,PM 7:43,선우,걍 너네 줄래,C:\Users\yuyao\Desktop\fromm抓取\fromm_dump\01\window_0255.xml,算了給你們吧
,PM 7:53,선우,기다랴바,C:\Users\yuyao\Desktop\fromm抓取\fromm_dump\01\window_0255.xml,等一下
,PM 7:53,선우,ㅋㅋㅋㅋㅋㅋㅋ,C:\Users\yuyao\Desktop\fromm抓取\fromm_dump\01\window_0256.xml,ㅋㅋㅋㅋㅋㅋㅋ
,PM 7:56,선우,일단 그건 이따 줄게,C:\Users\yuyao\Desktop\fromm抓取\fromm_dump\01\window_0256.xml,總之那個等一下給你們
,PM 7:58,선우,ㅋㅋㅋㅋㅋㅋ,C:\Users\yuyao\Desktop\fromm抓取\fromm_dump\01\window_0256.xml,ㅋㅋㅋㅋㅋㅋ
,PM 7:58,선우,일단 인스타에 올릴 거 맛보기로 하나 드릴게요,C:\Users\yuyao\Desktop\fromm抓取\fromm_dump\01\window_0256.xml,先把要發 IG 的其中一張當試吃給你們
,PM 7:58,선우,마트 시식코너 느낌으로,C:\Users\yuyao\Desktop\fromm抓取\fromm_dump\01\window_0256.xml,像超市試吃攤那種感覺
,PM 8:00,선우,play_video,C:\Users\yuyao\Desktop\fromm抓取\fromm_dump\01\window_0257.xml,播放影片
,PM 8:17,선우,play_video,C:\Users\yuyao\Desktop\fromm抓取\fromm_dump\01\window_0258.xml,播放影片
,PM 8:17,선우,멤버 꾸려다가 기깔나게 주려고 따놨어 어제 ㅋ,C:\Users\yuyao\Desktop\fromm抓取\fromm_dump\01\window_0259.xml,本來想把成員們抓來拍，剪好好給你們的，昨天就先存起來了ㅋ
,PM 8:21,선우,슬로우 안 걸었는데,C:\Users\yuyao\Desktop\fromm抓取\fromm_dump\01\window_0259.xml,沒有加慢動作
,PM 8:21,선우,"7초짜리로 자른 것 뿌닝데,,",C:\Users\yuyao\Desktop\fromm抓取\fromm_dump\01\window_0259.xml,"只是剪成7秒而已,,"
,PM 8:23,선우,나혼자 춘 버전도 있는데 디테일 연습이 좀 안되어있어서 힘도 빠져있고 그래서 나중에 영상 올리고 따로 주께💕💕,C:\Users\yuyao\Desktop\fromm抓取\fromm_dump\01\window_0259.xml,也有我自己一個人跳的版本，但細節還沒練得很好，力量也有點掉，所以之後上傳影片再另外給你們💕💕
,PM 8:58,선우,나 뭐 좀 다녀옴,C:\Users\yuyao\Desktop\fromm抓取\fromm_dump\01\window_0260.xml,我去辦點事
,PM 8:58,선우,먼저 자,C:\Users\yuyao\Desktop\fromm抓取\fromm_dump\01\window_0260.xml,你先睡
,PM 8:58,선우,좀 걸려,C:\Users\yuyao\Desktop\fromm抓取\fromm_dump\01\window_0260.xml,會花點時間
,PM 8:58,선우,ㅋ,C:\Users\yuyao\Desktop\fromm抓取\fromm_dump\01\window_0260.xml,ㅋ
,PM 8:58,선우,오늘도 고생해쪼💕,C:\Users\yuyao\Desktop\fromm抓取\fromm_dump\01\window_0260.xml,今天也辛苦了唷💕
,PM 8:58,선우,굿나잇,C:\Users\yuyao\Desktop\fromm抓取\fromm_dump\01\window_0261.xml,Good night
,PM 8:59,선우,잘 자 아무 생각말고 푹자🫶,C:\Users\yuyao\Desktop\fromm抓取\fromm_dump\01\window_0261.xml,晚安，什麼都別想，好好睡🫶
,PM 11:54,선우,아니,C:\Users\yuyao\Desktop\fromm抓取\fromm_dump\01\window_0261.xml,不是
,PM 11:54,선우,진짜,C:\Users\yuyao\Desktop\fromm抓取\fromm_dump\01\window_0261.xml,真的
,PM 11:54,선우,아씨,C:\Users\yuyao\Desktop\fromm抓取\fromm_dump\01\window_0261.xml,啊西
,PM 11:55,선우,하,C:\Users\yuyao\Desktop\fromm抓取\fromm_dump\01\window_0262.xml,唉
,PM 11:55,선우,직원분 전화와서 알게 됐는데,C:\Users\yuyao\Desktop\fromm抓取\fromm_dump\01\window_0262.xml,工作人員打電話來我才知道
,PM 11:55,선우,ㅋㅋㅋㅋㅋ아니 뭔데 저게,C:\Users\yuyao\Desktop\fromm抓取\fromm_dump\01\window_0262.xml,ㅋㅋㅋㅋㅋ不是，那到底是什麼啊
,PM 11:56,선우,아니 이름이 좀 불안한데 이상한 거 아니지? 나 이상한 거 안 본다 진짜,C:\Users\yuyao\Desktop\fromm抓取\fromm_dump\01\window_0262.xml,不是，名字有點不安，不是奇怪的東西吧？我真的沒有看奇怪的東西
,PM 11:56,선우,릴스 내리다 눌렸나봄,C:\Users\yuyao\Desktop\fromm抓取\fromm_dump\01\window_0263.xml,應該是滑 Reels 的時候不小心按到了
,PM 11:56,선우,아니 왤케 수상해서 이름도,C:\Users\yuyao\Desktop\fromm抓取\fromm_dump\01\window_0263.xml,不是，名字怎麼也這麼可疑
,PM 11:56,선우,간 떨어질 뻔 했네,C:\Users\yuyao\Desktop\fromm抓取\fromm_dump\01\window_0263.xml,差點嚇到魂飛魄散
,PM 11:56,선우,아니 나 릴스 내리다가 잘 못 누른 것 같은데,C:\Users\yuyao\Desktop\fromm抓取\fromm_dump\01\window_0263.xml,不是，我好像是滑 Reels 的時候按錯了
,PM 11:56,선우,이름이 하필 언니들의 비밀노트임,C:\Users\yuyao\Desktop\fromm抓取\fromm_dump\01\window_0263.xml,名字偏偏叫「姐姐們的秘密筆記」
,PM 11:57,선우,뭔가 비밀 노트라니까 보면 안될 것 같은,C:\Users\yuyao\Desktop\fromm抓取\fromm_dump\01\window_0264.xml,一說秘密筆記就感覺像是不該看的東西
,PM 11:57,선우,언니들 내가 꿀팁 알려주께,C:\Users\yuyao\Desktop\fromm抓取\fromm_dump\01\window_0264.xml,姐姐們，我來告訴你們小撇步
,PM 11:57,선우,선우생정,C:\Users\yuyao\Desktop\fromm抓取\fromm_dump\01\window_0264.xml,善旴生活情報
,PM 11:58,선우,미안하다,C:\Users\yuyao\Desktop\fromm抓取\fromm_dump\01\window_0264.xml,抱歉啦
,PM 11:58,선우,소란일으켜서,C:\Users\yuyao\Desktop\fromm抓取\fromm_dump\01\window_0264.xml,造成騷動
,PM 11:58,선우,"얼른 자라,, 나도 방금 들와서 씻고 나왔는데 비밀노트 전화 받고",C:\Users\yuyao\Desktop\fromm抓取\fromm_dump\01\window_0265.xml,"快點睡吧,, 我也剛回來洗完澡，接到秘密筆記的電話後"
,PM 11:58,선우,심장 좀 가라 앉히고,C:\Users\yuyao\Desktop\fromm抓取\fromm_dump\01\window_0265.xml,先讓心臟平復一下
,PM 11:58,선우,잘게,C:\Users\yuyao\Desktop\fromm抓取\fromm_dump\01\window_0265.xml,再睡
,PM 11:58,선우,잘 자 ㅋ 컴백 사랑해줘 안녕💕^^,C:\Users\yuyao\Desktop\fromm抓取\fromm_dump\01\window_0265.xml,晚安ㅋ 好好愛這次回歸喔 掰💕^^
,PM 4:08,선우,[media/no text],C:\Users\yuyao\Desktop\fromm抓取\fromm_dump\01\window_0266.xml,
,PM 4:08,선우,자 콩알 사진,C:\Users\yuyao\Desktop\fromm抓取\fromm_dump\01\window_0267.xml,來，豆豆照片
,PM 9:16,선우,머해,C:\Users\yuyao\Desktop\fromm抓取\fromm_dump\01\window_0267.xml,在幹嘛
,PM 9:16,선우,라잌제니도 올라가고 어제 스페샬 스테이지도 하고,C:\Users\yuyao\Desktop\fromm抓取\fromm_dump\01\window_0267.xml,Like Jennie 也上了，昨天 Special Stage 也做了
,PM 9:16,선우,워크맨도 올라오구,C:\Users\yuyao\Desktop\fromm抓取\fromm_dump\01\window_0267.xml,Workman 也上了
,PM 9:16,선우,볼 거 많지!!!,C:\Users\yuyao\Desktop\fromm抓取\fromm_dump\01\window_0268.xml,有很多可以看吧!!!
,PM 9:31,선우,아,C:\Users\yuyao\Desktop\fromm抓取\fromm_dump\01\window_0268.xml,啊
,PM 9:31,선우,짐종국도 나오고,C:\Users\yuyao\Desktop\fromm抓取\fromm_dump\01\window_0268.xml,GYM Jong Kook 也出了
,PM 9:31,선우,주먹이 운다도,C:\Users\yuyao\Desktop\fromm抓取\fromm_dump\01\window_0268.xml,《拳頭哭了》也
,PM 9:31,선우,나왔넼,C:\Users\yuyao\Desktop\fromm抓取\fromm_dump\01\window_0268.xml,出來了耶ㅋ
,PM 9:31,선우,짐종국 이후로 운동 안 하긴 해,C:\Users\yuyao\Desktop\fromm抓取\fromm_dump\01\window_0269.xml,GYM Jong Kook 之後確實沒有運動
,PM 9:31,선우,시간 없어서 ㄹㅇ,C:\Users\yuyao\Desktop\fromm抓取\fromm_dump\01\window_0269.xml,因為真的沒時間
,PM 9:32,선우,그리고 춤춰야하는데 짐종국하고 5일은 가슴이랑 어깨 근육통 때문에,C:\Users\yuyao\Desktop\fromm抓取\fromm_dump\01\window_0269.xml,而且還要跳舞，但拍完 GYM Jong Kook 後，胸跟肩膀肌肉痠痛了5天
,PM 9:32,선우,손을 못 올려서,C:\Users\yuyao\Desktop\fromm抓取\fromm_dump\01\window_0269.xml,手都舉不起來
,PM 9:32,선우,지금 시도 조차 못하는 중 ㅋ,C:\Users\yuyao\Desktop\fromm抓取\fromm_dump\01\window_0269.xml,所以現在連嘗試都沒辦法ㅋ
,AM 5:15,선우,지금 끝났다,C:\Users\yuyao\Desktop\fromm抓取\fromm_dump\01\window_0270.xml,現在結束了
,AM 5:15,선우,아침인데 하루 시작하는 사람들은 화이팅하고 자는 사람들은 잘 자구 나도 라디오 이따ㅏ 가야해서 바로 잘게 ㅎㅎ 잘 자 !!🫶,C:\Users\yuyao\Desktop\fromm抓取\fromm_dump\01\window_0270.xml,雖然是早上了，開始一天的人加油，要睡的人晚安，我等一下還要去電台，所以馬上睡ㅎㅎ 晚安!!🫶
,AM 5:17,선우,너도 고생했어 그리구 오늘도 같이 힘내보자 예쁜 말 예쁜 풍경 예쁜 것들 더 많이 발견하고 듣는 하루가 되길 바라💕 사랑합니다 굿나잇 peace,C:\Users\yuyao\Desktop\fromm抓取\fromm_dump\01\window_0271.xml,你也辛苦了，還有今天也一起加油吧。希望這會是能發現、聽見更多漂亮的話、漂亮的風景、漂亮事物的一天💕 我愛你們 good night peace
,PM 11:11,선우,오늘도 고생했오!!! 내일 길게 얘기해여 굿나잇✨😆👋💕,C:\Users\yuyao\Desktop\fromm抓取\fromm_dump\01\window_0271.xml,今天也辛苦了！！！明天再好好聊，晚安✨😆👋💕
,PM 11:12,선우,잘 자구 ~~ 즐거운 주말 보내 ㅎㅎㅎ,C:\Users\yuyao\Desktop\fromm抓取\fromm_dump\01\window_0271.xml,好好睡～～祝你週末愉快ㅎㅎㅎ
,PM 10:51,선우,여,C:\Users\yuyao\Desktop\fromm抓取\fromm_dump\01\window_0272.xml,喲
,PM 10:51,선우,밥 먹음,C:\Users\yuyao\Desktop\fromm抓取\fromm_dump\01\window_0272.xml,吃飯了
,PM 10:51,선우,안 알랴줌,C:\Users\yuyao\Desktop\fromm抓取\fromm_dump\01\window_0272.xml,不告訴你
,PM 10:51,선우,맞추셈,C:\Users\yuyao\Desktop\fromm抓取\fromm_dump\01\window_0272.xml,你猜啊
,PM 10:52,선우,맞춘 분은,C:\Users\yuyao\Desktop\fromm抓取\fromm_dump\01\window_0272.xml,猜對的人
,PM 10:52,선우,닉네임을 읽어드리겠습니다,C:\Users\yuyao\Desktop\fromm抓取\fromm_dump\01\window_0273.xml,我會念出你的暱稱
,PM 10:52,선우,안되는 분은 안 맞추면 됨,C:\Users\yuyao\Desktop\fromm抓取\fromm_dump\01\window_0273.xml,不想被念的人不要猜就好
,PM 10:53,선우,정확히 식당 상표이름까지 입니더,C:\Users\yuyao\Desktop\fromm抓取\fromm_dump\01\window_0273.xml,要連餐廳品牌名都完全猜中才行
,PM 10:53,선우,닉네임 여보 님께서,C:\Users\yuyao\Desktop\fromm抓取\fromm_dump\01\window_0273.xml,暱稱「老公／老婆」的這位
,PM 10:53,선우,엽기떡볶이 맞추셨습니더,C:\Users\yuyao\Desktop\fromm抓取\fromm_dump\01\window_0273.xml,猜中了엽기떡볶이
,PM 10:53,선우,여보 축하해,C:\Users\yuyao\Desktop\fromm抓取\fromm_dump\01\window_0274.xml,親愛的恭喜你
,PM 10:54,선우,아니 닉네임 읽은 겁니다,C:\Users\yuyao\Desktop\fromm抓取\fromm_dump\01\window_0274.xml,不是啦，我是在念暱稱
,PM 10:59,선우,나 정말 미안한데,C:\Users\yuyao\Desktop\fromm抓取\fromm_dump\01\window_0274.xml,我真的很抱歉
,PM 10:59,선우,아 아니다,C:\Users\yuyao\Desktop\fromm抓取\fromm_dump\01\window_0274.xml,啊 算了
,PM 10:59,선우,ㅋㅋㅋㅋㅋㅋㅋㅋㅋㅋ,C:\Users\yuyao\Desktop\fromm抓取\fromm_dump\01\window_0274.xml,ㅋㅋㅋㅋㅋㅋㅋㅋㅋㅋ
,PM 10:59,선우,미안,C:\Users\yuyao\Desktop\fromm抓取\fromm_dump\01\window_0275.xml,抱歉
,PM 11:00,선우,잼얘할까 잼얘,C:\Users\yuyao\Desktop\fromm抓取\fromm_dump\01\window_0275.xml,來講有趣的事嗎 有趣的事
,PM 11:02,선우,님선 만 연속으로 6개가 왔네,C:\Users\yuyao\Desktop\fromm抓取\fromm_dump\01\window_0275.xml,連續來了 6 個「님선」欸
,PM 11:02,선우,나부터 할게,C:\Users\yuyao\Desktop\fromm抓取\fromm_dump\01\window_0275.xml,我先來
,PM 11:02,선우,그래,C:\Users\yuyao\Desktop\fromm抓取\fromm_dump\01\window_0275.xml,好
,PM 11:03,선우,흠,C:\Users\yuyao\Desktop\fromm抓取\fromm_dump\01\window_0276.xml,嗯
,PM 11:03,선우,아 재밌는 얘기가 없는데,C:\Users\yuyao\Desktop\fromm抓取\fromm_dump\01\window_0276.xml,啊 沒有什麼有趣的事耶
,PM 11:03,선우,요즘 재밌는 일이 없는데 어캄,C:\Users\yuyao\Desktop\fromm抓取\fromm_dump\01\window_0276.xml,最近沒什麼有趣的事怎麼辦
,PM 11:04,선우,흠,C:\Users\yuyao\Desktop\fromm抓取\fromm_dump\01\window_0276.xml,嗯
,PM 11:04,선우,생각 좀,C:\Users\yuyao\Desktop\fromm抓取\fromm_dump\01\window_0276.xml,我想一下
,PM 11:04,선우,아 라스 비하인드,C:\Users\yuyao\Desktop\fromm抓取\fromm_dump\01\window_0277.xml,啊 Radio Star 的幕後
,PM 11:04,선우,좀 말해주께,C:\Users\yuyao\Desktop\fromm抓取\fromm_dump\01\window_0277.xml,跟你們講一點
,PM 11:04,선우,잼얘는 아님,C:\Users\yuyao\Desktop\fromm抓取\fromm_dump\01\window_0277.xml,不是什麼有趣的事
,PM 11:04,선우,일단,C:\Users\yuyao\Desktop\fromm抓取\fromm_dump\01\window_0277.xml,首先
,PM 11:04,선우,구라 아저씨가 신기했어,C:\Users\yuyao\Desktop\fromm抓取\fromm_dump\01\window_0278.xml,具羅大叔讓我覺得很神奇
,PM 11:05,선우,원래는 백스테이지에서 조금 차분하고 카메라 돌면 톤 올라가고 웃는 얼굴이 되는 게 일반적인데,C:\Users\yuyao\Desktop\fromm抓取\fromm_dump\01\window_0278.xml,一般來說在後台會比較沉穩，鏡頭一開才會語氣變高、變成笑臉
,PM 11:06,선우,구라 아저씨는 대기실에서 인사드리러 갔는데 어어 그래~~!! 하시면서 방송에서 보지 못했던 웃음과 톤으로 손을 흔들어주셨고,C:\Users\yuyao\Desktop\fromm抓取\fromm_dump\01\window_0278.xml,但具羅大叔我去休息室打招呼時，他用我在節目上沒看過的笑容和語氣說「喔喔 好～～！！」還跟我揮手
,PM 11:06,선우,카메라가 켜지면 인상을 쓰시는 모습에,C:\Users\yuyao\Desktop\fromm抓取\fromm_dump\01\window_0278.xml,結果攝影機一開，他又變成皺著眉的樣子
,PM 11:06,선우,프로시구나,C:\Users\yuyao\Desktop\fromm抓取\fromm_dump\01\window_0279.xml,我就覺得
,PM 11:06,선우,싶었음,C:\Users\yuyao\Desktop\fromm抓取\fromm_dump\01\window_0279.xml,真的是專業人士啊
,PM 11:07,선우,진짜 겉바속촉이신 느낌,C:\Users\yuyao\Desktop\fromm抓取\fromm_dump\01\window_0279.xml,真的有種外冷內熱的感覺
,PM 11:07,선우,되게 인사 받아주시는데 포근한 아빠 같은 느낌을 받았어,C:\Users\yuyao\Desktop\fromm抓取\fromm_dump\01\window_0279.xml,他很親切地回應我的問候，給我一種溫暖爸爸的感覺
,PM 11:07,선우,그래서 구라삼촌 되게 친절하셔서 좋았던 기억이,C:\Users\yuyao\Desktop\fromm抓取\fromm_dump\01\window_0280.xml,所以對具羅叔叔很親切這件事留下了很好的記憶
,PM 11:09,선우,수근이 삼촌은 앞 뒤 톤이 같으셔 뒤에서도 웃겨주시고 앞에서도 웃겨주심 드립이 쉬질 암ㅎ으심,C:\Users\yuyao\Desktop\fromm抓取\fromm_dump\01\window_0280.xml,壽根叔叔台前台後語氣都一樣，在後面也逗大家笑，在前面也逗大家笑，梗完全停不下來
,PM 11:10,선우,자꾸 다른 얘기 하자고 하는 더비는,C:\Users\yuyao\Desktop\fromm抓取\fromm_dump\01\window_0280.xml,一直叫我講別的事的 DERBY
,PM 11:10,선우,내 말을 듣고 싶지 않은 거야?,C:\Users\yuyao\Desktop\fromm抓取\fromm_dump\01\window_0280.xml,是不想聽我講話嗎？
,PM 11:10,선우,혼날래?,C:\Users\yuyao\Desktop\fromm抓取\fromm_dump\01\window_0281.xml,想被罵嗎？
,PM 11:11,선우,혼내줘 이러네,C:\Users\yuyao\Desktop\fromm抓取\fromm_dump\01\window_0281.xml,竟然說「罵我吧」
,PM 11:11,선우,됐거든 ㅋ,C:\Users\yuyao\Desktop\fromm抓取\fromm_dump\01\window_0281.xml,不用了啦ㅋ
,PM 11:11,선우,ㅋㅋㅋㅋㅋㅋ 쨌든,C:\Users\yuyao\Desktop\fromm抓取\fromm_dump\01\window_0281.xml,ㅋㅋㅋㅋㅋㅋ 總之
,PM 11:11,선우,모두 친절하시고,C:\Users\yuyao\Desktop\fromm抓取\fromm_dump\01\window_0281.xml,大家都很親切
,PM 11:11,선우,좋았어,C:\Users\yuyao\Desktop\fromm抓取\fromm_dump\01\window_0282.xml,很棒
,PM 11:12,선우,생각보다 떨리진 않았는데,C:\Users\yuyao\Desktop\fromm抓取\fromm_dump\01\window_0282.xml,比想像中不緊張
,PM 11:12,선우,그냥 내내 신기했던 기억이,C:\Users\yuyao\Desktop\fromm抓取\fromm_dump\01\window_0282.xml,只是一直覺得很神奇
,PM 11:12,선우,계속 스튜디오 보면서 우왕 내가 여기있넹,C:\Users\yuyao\Desktop\fromm抓取\fromm_dump\01\window_0282.xml,一直看著錄影棚想：哇，我竟然在這裡耶
,PM 11:12,선우,그리고 영단어 퀴즈는 조크였어,C:\Users\yuyao\Desktop\fromm抓取\fromm_dump\01\window_0283.xml,還有英文單字 Quiz 是開玩笑的
,PM 11:12,선우,사실 냉장고는 진짜 몰랐어,C:\Users\yuyao\Desktop\fromm抓取\fromm_dump\01\window_0283.xml,其實 refrigerator 我真的不知道
,PM 11:13,선우,사실 킨더가든도 몰랐음,C:\Users\yuyao\Desktop\fromm抓取\fromm_dump\01\window_0283.xml,其實 kindergarten 也不知道
,PM 11:13,선우,진공청소기도 몰랐음,C:\Users\yuyao\Desktop\fromm抓取\fromm_dump\01\window_0283.xml,vacuum cleaner 也不知道
,PM 11:13,선우,카더가든은 앎,C:\Users\yuyao\Desktop\fromm抓取\fromm_dump\01\window_0283.xml,"我知道 Car, the garden"
,PM 11:13,선우,어쩌라고,C:\Users\yuyao\Desktop\fromm抓取\fromm_dump\01\window_0284.xml,那又怎樣
,PM 11:13,선우,ㅋㅋㅋㅋㅋㅋㅋㅋㅋㅋㅋ장난💕,C:\Users\yuyao\Desktop\fromm抓取\fromm_dump\01\window_0284.xml,ㅋㅋㅋㅋㅋㅋㅋㅋㅋㅋㅋ開玩笑💕
,PM 11:14,선우,그래도,C:\Users\yuyao\Desktop\fromm抓取\fromm_dump\01\window_0284.xml,不過
,PM 11:14,선우,뜻은 통하게 답변했어 아마도,C:\Users\yuyao\Desktop\fromm抓取\fromm_dump\01\window_0284.xml,意思應該還是有傳達到啦，大概
,PM 11:14,선우,어떤 더비가 내가 거북이를 자라 라고 할 줄 알았댄다,C:\Users\yuyao\Desktop\fromm抓取\fromm_dump\01\window_0284.xml,有個 DERBY 說她以為我會把烏龜說成 자라
,PM 11:14,선우,미치겠다 진짜,C:\Users\yuyao\Desktop\fromm抓取\fromm_dump\01\window_0285.xml,真的快瘋了
,PM 11:15,선우,망했어,C:\Users\yuyao\Desktop\fromm抓取\fromm_dump\01\window_0285.xml,完蛋了
,PM 11:15,선우,자존심 상했어,C:\Users\yuyao\Desktop\fromm抓取\fromm_dump\01\window_0285.xml,自尊心受傷了
,PM 11:15,선우,아워너비 얼로오온,C:\Users\yuyao\Desktop\fromm抓取\fromm_dump\01\window_0285.xml,I wanna be alone
,PM 11:15,선우,니 친구들 전부다 재쉅서~...,C:\Users\yuyao\Desktop\fromm抓取\fromm_dump\01\window_0285.xml,你朋友們全部都很煩～...
,PM 11:16,선우,라스보고 아빠한테도 답변 왔어,C:\Users\yuyao\Desktop\fromm抓取\fromm_dump\01\window_0286.xml,看了 Radio Star 後爸爸也回覆我了
,PM 11:16,선우,부족하지도 넘치지도 않게 잘하고 왔다,C:\Users\yuyao\Desktop\fromm抓取\fromm_dump\01\window_0286.xml,說我做得不多不少剛剛好
,PM 11:16,선우,래,C:\Users\yuyao\Desktop\fromm抓取\fromm_dump\01\window_0286.xml,他說
,PM 11:16,선우,그게 젤 어려운 건데 잘했대,C:\Users\yuyao\Desktop\fromm抓取\fromm_dump\01\window_0286.xml,那才是最難的，說我做得很好
,PM 11:16,선우,내 개그의 스승은 아빠거든,C:\Users\yuyao\Desktop\fromm抓取\fromm_dump\01\window_0287.xml,我搞笑的老師是爸爸
,PM 11:16,선우,한마디씩 툭툭 던져서 웃기는 건 아빠가 1티어,C:\Users\yuyao\Desktop\fromm抓取\fromm_dump\01\window_0287.xml,那種一句一句丟出來逗笑人的，爸爸是 1 tier
,PM 11:17,선우,내가2티어,C:\Users\yuyao\Desktop\fromm抓取\fromm_dump\01\window_0287.xml,我是 2 tier
,PM 11:17,선우,아니다 동생하고 아빠가 1티어,C:\Users\yuyao\Desktop\fromm抓取\fromm_dump\01\window_0287.xml,不對，弟弟和爸爸是 1 tier
,PM 11:17,선우,내가 2티어임,C:\Users\yuyao\Desktop\fromm抓取\fromm_dump\01\window_0287.xml,我是 2 tier
,PM 11:17,선우,집내려가면 항상 아빠랑 동생 툭툭 던지는 날 향한 조롱 개그에 웃다가만 옴,C:\Users\yuyao\Desktop\fromm抓取\fromm_dump\01\window_0288.xml,回家後總是聽爸爸和弟弟一句一句丟出來針對我的嘲諷笑話，我就只負責笑
,PM 11:17,선우,내가 뭘 하지를 못함,C:\Users\yuyao\Desktop\fromm抓取\fromm_dump\01\window_0288.xml,我什麼都做不了
,PM 11:18,선우,가족들한테 마이크만 채우면 쇼미 본선 진출인데 ㄹㅇ,C:\Users\yuyao\Desktop\fromm抓取\fromm_dump\01\window_0288.xml,只要給我家人戴上麥克風，根本能進 Show Me the Money 本選，真的
,PM 11:18,선우,내가 집가서 집안에서의 대화도 진짜 더비들 궁굼하긴 하겠다,C:\Users\yuyao\Desktop\fromm抓取\fromm_dump\01\window_0289.xml,我回家後家裡的對話，DERBY 們應該也真的會很好奇
,PM 11:19,선우,내 말투가 어떤지 가족들이 어떤 톤인지,C:\Users\yuyao\Desktop\fromm抓取\fromm_dump\01\window_0289.xml,我的語氣是怎樣、家人們是什麼語調
,PM 11:19,선우,나중에 기회되면 함 해볼게,C:\Users\yuyao\Desktop\fromm抓取\fromm_dump\01\window_0289.xml,以後有機會的話我試試看
,PM 11:19,선우,몰래 녹취로,C:\Users\yuyao\Desktop\fromm抓取\fromm_dump\01\window_0289.xml,偷偷錄音
,PM 11:19,선우,또 수줍이들이라 대놓고 카메라 돌리면 암말 안할 듯,C:\Users\yuyao\Desktop\fromm抓取\fromm_dump\01\window_0289.xml,但他們也都很害羞，如果正大光明開鏡頭應該一句話都不會說
,PM 11:20,선우,엄마따라하는 잼민이 영상,C:\Users\yuyao\Desktop\fromm抓取\fromm_dump\01\window_0290.xml,模仿媽媽的小屁孩影片
,PM 11:20,선우,찾아야하는데,C:\Users\yuyao\Desktop\fromm抓取\fromm_dump\01\window_0290.xml,我得找找看
,PM 11:20,선우,ㄱㄷ 친구한테 물어보고 옴,C:\Users\yuyao\Desktop\fromm抓取\fromm_dump\01\window_0290.xml,ㄱㄷ 我去問朋友再回來
,PM 11:20,선우,친그 폰에 있았던 거라,C:\Users\yuyao\Desktop\fromm抓取\fromm_dump\01\window_0290.xml,因為那是在朋友手機裡的
,PM 11:25,선우,폰에 없고,C:\Users\yuyao\Desktop\fromm抓取\fromm_dump\01\window_0290.xml,手機裡沒有
,PM 11:25,선우,컴터에 있다고 다 보내준대 나중에 집가면,C:\Users\yuyao\Desktop\fromm抓取\fromm_dump\01\window_0291.xml,說是在電腦裡，以後回家會全部傳給我
,PM 11:25,선우,받으면 검수 후에 올려드림,C:\Users\yuyao\Desktop\fromm抓取\fromm_dump\01\window_0291.xml,收到之後我審核完再上傳給你們
,PM 11:25,선우,초딩때부터 친구라,C:\Users\yuyao\Desktop\fromm抓取\fromm_dump\01\window_0291.xml,因為是從小學開始的朋友
,PM 11:26,선우,난 연옌되고 친구 먹은애들 빼고는 다 지금,C:\Users\yuyao\Desktop\fromm抓取\fromm_dump\01\window_0291.xml,除了我成為藝人後交到的朋友以外，現在我的朋友
,PM 11:26,선우,15년 넘은 친구들만 있음,C:\Users\yuyao\Desktop\fromm抓取\fromm_dump\01\window_0292.xml,都是認識超過 15 年的朋友
,PM 11:26,선우,내 친구들 다 잘생김,C:\Users\yuyao\Desktop\fromm抓取\fromm_dump\01\window_0292.xml,我的朋友們都很帥
,PM 11:26,선우,ㄹㅇ,C:\Users\yuyao\Desktop\fromm抓取\fromm_dump\01\window_0292.xml,真的
,PM 11:27,선우,동네 친구들 다 잘생기기 쉽지않은데,C:\Users\yuyao\Desktop\fromm抓取\fromm_dump\01\window_0292.xml,鄰居朋友們要全都帥也不容易欸
,PM 11:27,선우,다는 아니긴 한데,C:\Users\yuyao\Desktop\fromm抓取\fromm_dump\01\window_0292.xml,雖然也不是全部啦
,PM 11:27,선우,쨌든,C:\Users\yuyao\Desktop\fromm抓取\fromm_dump\01\window_0293.xml,總之
,PM 11:27,선우,ㅋㅋㅋㅋㅋㅋㅋㅋㅋㅋ,C:\Users\yuyao\Desktop\fromm抓取\fromm_dump\01\window_0293.xml,ㅋㅋㅋㅋㅋㅋㅋㅋㅋㅋ
,PM 11:27,선우,내가 내 친구를 더비한테 소개시켜주겠냐!!!!!!,C:\Users\yuyao\Desktop\fromm抓取\fromm_dump\01\window_0293.xml,我會把我的朋友介紹給 DERBY 嗎！！！！！！
,PM 11:27,선우,너가 아까워서 안돼,C:\Users\yuyao\Desktop\fromm抓取\fromm_dump\01\window_0293.xml,你太珍貴了，不行
,PM 11:29,선우,근데 만약 애인이 같이 아이돌 좋아하는 팬이면 연애 가능해?,C:\Users\yuyao\Desktop\fromm抓取\fromm_dump\01\window_0294.xml,但如果戀人也是一起喜歡偶像的粉絲，可以談戀愛嗎？
,PM 11:29,선우,나 라고 장난치지말고,C:\Users\yuyao\Desktop\fromm抓取\fromm_dump\01\window_0294.xml,不要開玩笑說「是我」
,PM 11:29,선우,진지하게,C:\Users\yuyao\Desktop\fromm抓取\fromm_dump\01\window_0294.xml,認真地
,PM 11:29,선우,답변해봐,C:\Users\yuyao\Desktop\fromm抓取\fromm_dump\01\window_0294.xml,回答看看
,PM 11:29,선우,오 싫다는 사람도 있고 오히려 좋다는 사람도 있네,C:\Users\yuyao\Desktop\fromm抓取\fromm_dump\01\window_0294.xml,喔，有人說不喜歡，也有人說反而很好
,PM 11:29,선우,신기하다,C:\Users\yuyao\Desktop\fromm抓取\fromm_dump\01\window_0295.xml,好神奇
,PM 11:30,선우,같이 나를 좋아하면 가능?,C:\Users\yuyao\Desktop\fromm抓取\fromm_dump\01\window_0295.xml,如果一起喜歡我就可以？
,PM 11:30,선우,오 그건 안된다가 더 많네,C:\Users\yuyao\Desktop\fromm抓取\fromm_dump\01\window_0295.xml,喔，這個說不行的人更多欸
,PM 11:31,선우,아니 나는 입장 바꿔수 생각해보면,C:\Users\yuyao\Desktop\fromm抓取\fromm_dump\01\window_0295.xml,不是，我換位思考一下的話
,PM 11:31,선우,내가 더보이즈를 좋아하는데 남자친구가 여자아이돌을 좋아하면,C:\Users\yuyao\Desktop\fromm抓取\fromm_dump\01\window_0296.xml,如果我喜歡 THE BOYZ，但男朋友喜歡女偶像
,PM 11:31,선우,내로남불 마인드로,C:\Users\yuyao\Desktop\fromm抓取\fromm_dump\01\window_0296.xml,以雙標心態來說
,PM 11:31,선우,질투날 것 같은데,C:\Users\yuyao\Desktop\fromm抓取\fromm_dump\01\window_0296.xml,我應該會吃醋
,PM 11:32,선우,ㅇㅇ 내가 남자인 상황으로 얘기하면 또 더비들 화낼 것 같아서,C:\Users\yuyao\Desktop\fromm抓取\fromm_dump\01\window_0296.xml,嗯嗯，如果用我是男生的情況來講，DERBY 們好像又會生氣
,PM 11:32,선우,내가 여자로 변신함,C:\Users\yuyao\Desktop\fromm抓取\fromm_dump\01\window_0296.xml,所以我變身成女生了
,PM 11:33,선우,더비들 노하시면 안되는데 짤 뜨고 며칠 안되서 더비들 노했던 사건 아직도 기억나네,C:\Users\yuyao\Desktop\fromm抓取\fromm_dump\01\window_0297.xml,DERBY 們不能生氣，但那張圖出來沒幾天 DERBY 們生氣的事件，我到現在還記得
,PM 11:34,선우,"항상 미안하고 고맙다 더비들,,",C:\Users\yuyao\Desktop\fromm抓取\fromm_dump\01\window_0297.xml,"一直都很抱歉，也很感謝 DERBY 們,,"
,PM 11:34,선우,ㅠㅠ,C:\Users\yuyao\Desktop\fromm抓取\fromm_dump\01\window_0297.xml,ㅠㅠ
,PM 11:34,선우,ㅋㅋㅋㅋㅋㅋㅋㅋㅋㅋㅋㅋㅋㅋㅋㅋㅋ,C:\Users\yuyao\Desktop\fromm抓取\fromm_dump\01\window_0297.xml,ㅋㅋㅋㅋㅋㅋㅋㅋㅋㅋㅋㅋㅋㅋㅋㅋㅋ
,PM 11:36,선우,근데 팬싸 그거는 좀 오해야 우리가 나갔다가 오는 건 대부분 수정 받고 오는 겨 물론 화장실도 있지만 ㅋ,C:\Users\yuyao\Desktop\fromm抓取\fromm_dump\01\window_0298.xml,不過粉絲簽售那件事有點誤會，我們出去再回來大多是去補妝，當然也有去洗手間的ㅋ
,PM 11:37,선우,사녹하고 무대하고 와서 얼굴 흘러내리기 싫어서,C:\Users\yuyao\Desktop\fromm抓取\fromm_dump\01\window_0298.xml,因為預錄、上完舞台回來後，不想讓臉垮掉
,PM 11:39,선우,그래서 그 시간들도 사실 더비들은 더 보고싶어하겠구나 싶다고 느끼는 게 당연하구나 라고 깨달아서,C:\Users\yuyao\Desktop\fromm抓取\fromm_dump\01\window_0298.xml,所以我才意識到，DERBY 們連那些時間其實也會想多看我們一眼，這樣想是很自然的
,PM 11:39,선우,그걸 놓치고 있었구나 싶어서,C:\Users\yuyao\Desktop\fromm抓取\fromm_dump\01\window_0299.xml,我才覺得原來我忽略了那一點
,PM 11:39,선우,꼭 미안하다구 말해주고 싶었엉,C:\Users\yuyao\Desktop\fromm抓取\fromm_dump\01\window_0299.xml,所以一定想跟你們說聲抱歉
,PM 11:40,선우,"또 예민해서 뭐 언급하지 말자!! 이럴 수 있겠지만 그래도.,, 말은 해야지",C:\Users\yuyao\Desktop\fromm抓取\fromm_dump\01\window_0299.xml,"也許又會有人因為敏感說「不要提這個！！」，但還是,, 該說的要說"
,PM 11:40,선우,아니 예민하다는 게 너 말곸ㅋㅋㅋㅋㅋㅋㅋㅋㅋ,C:\Users\yuyao\Desktop\fromm抓取\fromm_dump\01\window_0299.xml,不是啦，我說敏感不是說你ㅋㅋㅋㅋㅋㅋㅋㅋㅋ
,PM 11:40,선우,이런 문제에 대해 말하는 거얔ㅋㅋㅋㅋ,C:\Users\yuyao\Desktop\fromm抓取\fromm_dump\02\window_0001.xml,我是說關於這種問題ㅋㅋㅋㅋ
,PM 11:41,선우,ㅋㅋㅋㅋㅋㅋㅋㅋㅋㅋㅋㅋㅋㅋㅋㅋㅋㅋㅋㅋㅋㅋㅋㅋ,C:\Users\yuyao\Desktop\fromm抓取\fromm_dump\02\window_0001.xml,ㅋㅋㅋㅋㅋㅋㅋㅋㅋㅋㅋㅋㅋㅋㅋㅋㅋㅋㅋㅋㅋㅋㅋㅋ
,PM 11:42,선우,몰라 잘못하면 사과하고 되돌아보고 하자 옛날 방식으로 그냥 넘기고 이런 거 넘 시러이제,C:\Users\yuyao\Desktop\fromm抓取\fromm_dump\02\window_0001.xml,不知道啦，做錯了就道歉、回頭檢討吧，我現在很討厭像以前那樣直接帶過去
,PM 11:42,선우,우리 안지도 오래됐자나,C:\Users\yuyao\Desktop\fromm抓取\fromm_dump\02\window_0002.xml,我們認識也很久了嘛
,PM 11:43,선우,고치면서 가자잉,C:\Users\yuyao\Desktop\fromm抓取\fromm_dump\02\window_0002.xml,邊改邊走吧
,PM 11:43,선우,사랑해,C:\Users\yuyao\Desktop\fromm抓取\fromm_dump\02\window_0002.xml,我愛你
,PM 11:44,선우,다음 주 락앤롤도 꼭 더비들 보여주고 싶어서,C:\Users\yuyao\Desktop\fromm抓取\fromm_dump\02\window_0002.xml,下週的 Rock and Roll 也是因為真的很想讓 DERBY 們看到
,PM 11:44,선우,덥즈가 요청하고 말해서 들어주신 거니까,C:\Users\yuyao\Desktop\fromm抓取\fromm_dump\02\window_0003.xml,是 THE BOYZ 主動請求、提出後對方答應的
,PM 11:44,선우,마니 봐주고 즐겨줭,C:\Users\yuyao\Desktop\fromm抓取\fromm_dump\02\window_0003.xml,所以請多多觀看，好好享受
,PM 11:45,선우,근데 2번 밖에 못해서 아쉽긴 하지만,C:\Users\yuyao\Desktop\fromm抓取\fromm_dump\02\window_0003.xml,但只能做 2 次確實有點可惜
,PM 11:45,선우,나중에 콘서트나,C:\Users\yuyao\Desktop\fromm抓取\fromm_dump\02\window_0003.xml,之後在演唱會或
,PM 11:45,선우,행사 같은 곳에서도 할 수 있으니까!!!,C:\Users\yuyao\Desktop\fromm抓取\fromm_dump\02\window_0003.xml,活動之類的地方也可以表演嘛！！！
,PM 11:45,선우,많관부 ㅎㅎ,C:\Users\yuyao\Desktop\fromm抓取\fromm_dump\02\window_0004.xml,請多多關注ㅎㅎ
,PM 11:46,선우,정면돌파 좋긴 한데 미스디미너로 음방 무대 정면돌파는 아직 그정도 깡은 없어서,C:\Users\yuyao\Desktop\fromm抓取\fromm_dump\02\window_0004.xml,正面突破雖然不錯，但用 Misdemeanor 正面突破音放舞台，我還沒有那種膽量
,PM 11:46,선우,콘서트나 나중에 기허ㅣ가 된다면,C:\Users\yuyao\Desktop\fromm抓取\fromm_dump\02\window_0004.xml,在演唱會或之後有機會的話
,PM 11:46,선우,ㅋ,C:\Users\yuyao\Desktop\fromm抓取\fromm_dump\02\window_0004.xml,ㅋ
,PM 11:47,선우,음악엔 답이 없자나 이런 노래 저런 노래도 있는 거지 뭐!,C:\Users\yuyao\Desktop\fromm抓取\fromm_dump\02\window_0005.xml,音樂沒有標準答案嘛，有這種歌也有那種歌
,PM 11:47,선우,취향도 다 다르고,C:\Users\yuyao\Desktop\fromm抓取\fromm_dump\02\window_0005.xml,每個人的喜好也都不同
,PM 11:47,선우,덥즈 활동하면서 못 볼만한 스타일의 곡 하나 남곀ㅅ다고 생각하면,C:\Users\yuyao\Desktop\fromm抓取\fromm_dump\02\window_0005.xml,就當作在 THE BOYZ 活動中留下了一首平常不太會看到的風格歌曲
,PM 11:47,선우,그것도 다 소중한 거야 ~,C:\Users\yuyao\Desktop\fromm抓取\fromm_dump\02\window_0005.xml,那也都是很珍貴的～
,PM 11:48,선우,그래서 롹앤롤로 도는 거잖아 쨌든^^,C:\Users\yuyao\Desktop\fromm抓取\fromm_dump\02\window_0006.xml,所以才會用 Rock and Roll 跑活動嘛，總之^^
,PM 11:48,선우,내가 기깔나게,C:\Users\yuyao\Desktop\fromm抓取\fromm_dump\02\window_0006.xml,我會很帥氣地
,PM 11:48,선우,무대 말아드림,C:\Users\yuyao\Desktop\fromm抓取\fromm_dump\02\window_0006.xml,把舞台做好給你們看
,PM 11:48,선우,기대하셈,C:\Users\yuyao\Desktop\fromm抓取\fromm_dump\02\window_0006.xml,期待吧
,PM 11:48,선우,실력으로 보여주겠어,C:\Users\yuyao\Desktop\fromm抓取\fromm_dump\02\window_0006.xml,我會用實力證明
,PM 11:49,선우,그리고 1위 후보 만들어준 것도 너무너무너무,C:\Users\yuyao\Desktop\fromm抓取\fromm_dump\02\window_0007.xml,還有把我們送上一位候補這件事，真的真的真的
,PM 11:49,선우,고맙고,C:\Users\yuyao\Desktop\fromm抓取\fromm_dump\02\window_0007.xml,很感謝
,PM 11:49,선우,진심으로,C:\Users\yuyao\Desktop\fromm抓取\fromm_dump\02\window_0007.xml,真心地
,PM 11:49,선우,1위 못시켜줘서 미안 이라는 얼탱이 없는 소리는 하지마셈,C:\Users\yuyao\Desktop\fromm抓取\fromm_dump\02\window_0007.xml,不要說什麼「對不起，沒能讓你們拿一位」這種荒唐的話
,PM 11:49,선우,미안할게 대체 어딨니,C:\Users\yuyao\Desktop\fromm抓取\fromm_dump\02\window_0007.xml,到底有什麼好對不起的
,PM 11:50,선우,그냥 재밌고 행복하게 무대하고 좋아해주고 추억 쌓자 시간은 흐르자나,C:\Users\yuyao\Desktop\fromm抓取\fromm_dump\02\window_0008.xml,就開開心心幸福地表演、喜歡著彼此、累積回憶吧，時間會流逝嘛
,PM 11:50,선우,마음은 영원해도 시간은 영원하지 않으니까,C:\Users\yuyao\Desktop\fromm抓取\fromm_dump\02\window_0008.xml,即使心意是永遠的，時間也不是永遠的
,PM 11:52,선우,언제나 더비가 자랑스러움,C:\Users\yuyao\Desktop\fromm抓取\fromm_dump\02\window_0008.xml,我一直都為 DERBY 感到驕傲
,PM 11:52,선우,누가 밖에서 뭐라하고 욕하고 어쩌고 해도,C:\Users\yuyao\Desktop\fromm抓取\fromm_dump\02\window_0008.xml,不管外面有人說什麼、罵什麼、怎樣怎樣
,PM 11:52,선우,그들은 진짜 너넬 몰라,C:\Users\yuyao\Desktop\fromm抓取\fromm_dump\02\window_0009.xml,那些人根本不了解你們
,PM 11:52,선우,그런 거에 휘둘리지마,C:\Users\yuyao\Desktop\fromm抓取\fromm_dump\02\window_0009.xml,不要被那種事動搖
,PM 11:52,선우,누군갈 응원해주고 좋아해주는 사람을 욕할 수 있는 사람이 이세상에 어딨음,C:\Users\yuyao\Desktop\fromm抓取\fromm_dump\02\window_0009.xml,這世界上哪有人有資格罵一個支持、喜歡某個人的人
,PM 11:52,선우,더비는 덥즈가 지켜주께,C:\Users\yuyao\Desktop\fromm抓取\fromm_dump\02\window_0009.xml,DERBY 由 THE BOYZ 來守護
,PM 11:54,선우,그러니까 울 더비들도,C:\Users\yuyao\Desktop\fromm抓取\fromm_dump\02\window_0010.xml,所以我們 DERBY 們也
,PM 11:54,선우,현생도 힘내구,C:\Users\yuyao\Desktop\fromm抓取\fromm_dump\02\window_0010.xml,現實生活也要加油
,PM 11:54,선우,힘 마니 받아가,C:\Users\yuyao\Desktop\fromm抓取\fromm_dump\02\window_0010.xml,多帶走一點力量
,PM 11:55,선우,힘든 거 있으면 털어놓구여,C:\Users\yuyao\Desktop\fromm抓取\fromm_dump\02\window_0010.xml,有辛苦的事就說出來吧
,PM 11:56,선우,막무가내로 응원만 받으려고 가수하고 싶었던 거 아니니께,C:\Users\yuyao\Desktop\fromm抓取\fromm_dump\02\window_0010.xml,我不是只想一味地接受應援才想當歌手的
,PM 11:56,선우,사람이 느끼는 마음들 솔직하게 공유하고 감정 나누자,C:\Users\yuyao\Desktop\fromm抓取\fromm_dump\02\window_0011.xml,人所感受到的心情，誠實地分享、交換情感吧
,PM 11:58,선우,팬도 아이돌도 직업의 조금의 입장차이일 뿐이지 하늘아래 다 똑같은 사람이니까,C:\Users\yuyao\Desktop\fromm抓取\fromm_dump\02\window_0011.xml,粉絲也好、偶像也好，只是職業上有一點立場差異，在天空之下大家都是一樣的人
,PM 11:58,선우,난 팬덤을 응원해주고 싶은 게 아니라 가냥 한명 한명이 힘냈으면 좋겠는 마음이야,C:\Users\yuyao\Desktop\fromm抓取\fromm_dump\02\window_0011.xml,我不是想為「粉絲團」加油，而是希望每一個人都能打起精神
,PM 11:59,선우,*그냥,C:\Users\yuyao\Desktop\fromm抓取\fromm_dump\02\window_0011.xml,*是「只是」
,AM 12:01,선우,성격도 살아온 삶도 다다른 사람들끼리 같은 마음으로 하루하루를 이어나간다는 게 당연히 쉽지 않은 일이구,C:\Users\yuyao\Desktop\fromm抓取\fromm_dump\02\window_0012.xml,性格和走過的人生都完全不同的人，卻以同樣的心情一天天走下去，當然不是容易的事
,AM 12:01,선우,다 다른,C:\Users\yuyao\Desktop\fromm抓取\fromm_dump\02\window_0012.xml,是「都不同」
,AM 12:01,선우,당장 내 친구 내 직장 동료와도 잘 안 맞을 수 있는 건데,C:\Users\yuyao\Desktop\fromm抓取\fromm_dump\02\window_0012.xml,就連眼前的朋友、職場同事都可能合不來
,AM 12:01,선우,당연히 우당탕탕 쉽지 않지,C:\Users\yuyao\Desktop\fromm抓取\fromm_dump\02\window_0013.xml,所以當然會跌跌撞撞、不容易啊
,AM 12:01,선우,사람이 다 그런 건데,C:\Users\yuyao\Desktop\fromm抓取\fromm_dump\02\window_0013.xml,人本來就是這樣
,AM 12:02,선우,그러니까 더비들끼리도 너도 나도,C:\Users\yuyao\Desktop\fromm抓取\fromm_dump\02\window_0013.xml,所以 DERBY 們彼此之間也，你也好我也好
,AM 12:02,선우,맞춰나가보자,C:\Users\yuyao\Desktop\fromm抓取\fromm_dump\02\window_0013.xml,一起慢慢磨合吧
,AM 12:02,선우,그것도 사랑하니까 사랑해야 맞춰나갈 수 있는 거니깡,C:\Users\yuyao\Desktop\fromm抓取\fromm_dump\02\window_0013.xml,那也是因為相愛，因為要相愛才能磨合嘛
,AM 12:03,선우,그리고 방금 글 중에 봤는데,C:\Users\yuyao\Desktop\fromm抓取\fromm_dump\02\window_0014.xml,還有剛剛看到一段文字
,AM 12:03,선우,즐겜 하자는 마인드로 하자는 거 좋아,C:\Users\yuyao\Desktop\fromm抓取\fromm_dump\02\window_0014.xml,用「開心玩遊戲」的心態來做，我覺得很好
,AM 12:03,선우,즐겜 하자 ㅋ,C:\Users\yuyao\Desktop\fromm抓取\fromm_dump\02\window_0014.xml,開心玩吧ㅋ
,AM 12:04,선우,스겜은 안됨,C:\Users\yuyao\Desktop\fromm抓取\fromm_dump\02\window_0014.xml,不能速通
,AM 12:04,선우,스겜은 뭔가 어감이,C:\Users\yuyao\Desktop\fromm抓取\fromm_dump\02\window_0015.xml,速通這個詞感覺
,AM 12:04,선우,스겜하고 다른 사람 좋아할 것 같은 느낌,C:\Users\yuyao\Desktop\fromm抓取\fromm_dump\02\window_0015.xml,有種速通完就去喜歡別人的感覺
,AM 12:04,선우,ㅋㅋㅋㅋㅋㅋㅋㅋㅋㅋㅋㅋㅋㅋㅋㅋㅋㅋㅋㅋㅋ,C:\Users\yuyao\Desktop\fromm抓取\fromm_dump\02\window_0015.xml,ㅋㅋㅋㅋㅋㅋㅋㅋㅋㅋㅋㅋㅋㅋㅋㅋㅋㅋㅋㅋㅋ
,AM 12:05,선우,나도 스겜이 좋긴 한데,C:\Users\yuyao\Desktop\fromm抓取\fromm_dump\02\window_0015.xml,我也滿喜歡速通的
,AM 12:05,선우,우리 사이에서는 안되지^^,C:\Users\yuyao\Desktop\fromm抓取\fromm_dump\02\window_0015.xml,但在我們之間不行^^
,AM 12:06,선우,근데 더비가 다른 사람도 좋아할 수도 있지 뭐! 난 그런 건 질투 안 느껴서,C:\Users\yuyao\Desktop\fromm抓取\fromm_dump\02\window_0016.xml,不過 DERBY 也可以喜歡別人嘛！我不會因為那種事吃醋
,AM 12:06,선우,더비가 행복한 거 해여,C:\Users\yuyao\Desktop\fromm抓取\fromm_dump\02\window_0016.xml,做讓 DERBY 幸福的事吧
,AM 12:06,선우,(훌쩍이며),C:\Users\yuyao\Desktop\fromm抓取\fromm_dump\02\window_0016.xml,（吸鼻子）
,AM 12:13,선우,잠시만,C:\Users\yuyao\Desktop\fromm抓取\fromm_dump\02\window_0016.xml,等一下
,AM 12:13,선우,나 1퍼,C:\Users\yuyao\Desktop\fromm抓取\fromm_dump\02\window_0016.xml,我剩 1%
,AM 12:13,선우,폰꺼진다,C:\Users\yuyao\Desktop\fromm抓取\fromm_dump\02\window_0017.xml,手機要關機了
,AM 12:13,선우,야,C:\Users\yuyao\Desktop\fromm抓取\fromm_dump\02\window_0017.xml,喂
,AM 12:13,선우,나 씻고 와야하니까,C:\Users\yuyao\Desktop\fromm抓取\fromm_dump\02\window_0017.xml,我得去洗澡了
,AM 12:13,선우,자기 잔에,C:\Users\yuyao\Desktop\fromm抓取\fromm_dump\02\window_0017.xml,睡前
,AM 12:13,선우,아,C:\Users\yuyao\Desktop\fromm抓取\fromm_dump\02\window_0018.xml,啊
,AM 12:13,선우,노래들으면서,C:\Users\yuyao\Desktop\fromm抓取\fromm_dump\02\window_0018.xml,一邊聽歌
,AM 12:13,선우,씻으랴구햏는데,C:\Users\yuyao\Desktop\fromm抓取\fromm_dump\02\window_0018.xml,本來想去洗澡的
,AM 12:13,선우,젠장,C:\Users\yuyao\Desktop\fromm抓取\fromm_dump\02\window_0018.xml,可惡
,AM 12:14,선우,나 ㅋ삿고,C:\Users\yuyao\Desktop\fromm抓取\fromm_dump\02\window_0018.xml,我買了ㅋㅋ
,AM 12:14,선우,씻고,C:\Users\yuyao\Desktop\fromm抓取\fromm_dump\02\window_0019.xml,洗完澡
,AM 12:14,선우,충전시키고,C:\Users\yuyao\Desktop\fromm抓取\fromm_dump\02\window_0019.xml,充個電
,AM 12:14,선우,잘 땨,C:\Users\yuyao\Desktop\fromm抓取\fromm_dump\02\window_0019.xml,睡覺的時候
,AM 12:14,선우,말해줌,C:\Users\yuyao\Desktop\fromm抓取\fromm_dump\02\window_0019.xml,再跟你說
,AM 12:14,선우,안녕,C:\Users\yuyao\Desktop\fromm抓取\fromm_dump\02\window_0019.xml,掰啦
,AM 12:14,선우,ㅅㄹㅎ,C:\Users\yuyao\Desktop\fromm抓取\fromm_dump\02\window_0020.xml,愛你
,AM 12:14,선우,ㅃ2,C:\Users\yuyao\Desktop\fromm抓取\fromm_dump\02\window_0020.xml,掰2
,AM 12:14,선우,아 노래들으면서 씻으려고래효느대ㅜ유ㅠㅜ뉴ㅠ유우ㅠㅠ 하지만,C:\Users\yuyao\Desktop\fromm抓取\fromm_dump\02\window_0020.xml,啊本來想一邊聽歌一邊洗澡的ㅠㅠㅠㅠ 但是
,AM 12:14,선우,후회는 업따✨💕,C:\Users\yuyao\Desktop\fromm抓取\fromm_dump\02\window_0020.xml,不後悔✨💕
,AM 12:14,선우,빠이,C:\Users\yuyao\Desktop\fromm抓取\fromm_dump\02\window_0020.xml,掰
,AM 1:21,선우,더비들 나 이제 잔다!!,C:\Users\yuyao\Desktop\fromm抓取\fromm_dump\02\window_0021.xml,DERBY們我現在要睡了！！
,AM 1:21,선우,굿밤 하구,C:\Users\yuyao\Desktop\fromm抓取\fromm_dump\02\window_0021.xml,晚安
,AM 1:21,선우,좋은 꿈꿔👋😆👋,C:\Users\yuyao\Desktop\fromm抓取\fromm_dump\02\window_0021.xml,做個好夢👋😆👋
,AM 1:21,선우,오늘 나 놀아줘서 고마워~~~~~,C:\Users\yuyao\Desktop\fromm抓取\fromm_dump\02\window_0021.xml,謝謝你今天陪我玩～～～～～
,AM 1:21,선우,🤭굿나잇,C:\Users\yuyao\Desktop\fromm抓取\fromm_dump\02\window_0021.xml,🤭Good night
,AM 1:23,선우,사랑합니다,C:\Users\yuyao\Desktop\fromm抓取\fromm_dump\02\window_0022.xml,我愛你們
,PM 3:55,선우,오늘 날씨 좋은 척하면서 댕추우니까,C:\Users\yuyao\Desktop\fromm抓取\fromm_dump\02\window_0022.xml,今天天氣裝得很好，但其實超冷
,PM 3:55,선우,따뜻하게 입고 댕기셈,C:\Users\yuyao\Desktop\fromm抓取\fromm_dump\02\window_0022.xml,穿暖一點再出門
,PM 3:56,선우,창문보고 어머~! 완전 봄이자나~💕 하고 나왔다가 콧물 질질 엔딩,C:\Users\yuyao\Desktop\fromm抓取\fromm_dump\02\window_0022.xml,不要看著窗外「哎呀～！完全是春天嘛～💕」就跑出去，結果變成鼻水直流的結局
,PM 3:56,선우,하지말고,C:\Users\yuyao\Desktop\fromm抓取\fromm_dump\02\window_0023.xml,不要那樣
,PM 3:56,선우,그게 나야,C:\Users\yuyao\Desktop\fromm抓取\fromm_dump\02\window_0023.xml,那就是我
,PM 3:56,선우,뚜밥 두밥,C:\Users\yuyao\Desktop\fromm抓取\fromm_dump\02\window_0023.xml,嘟 bap 嘟 bap
,PM 3:56,선우,두비두밥,C:\Users\yuyao\Desktop\fromm抓取\fromm_dump\02\window_0023.xml,嘟比嘟 bap
,PM 3:56,선우,아 그거 해본 사람,C:\Users\yuyao\Desktop\fromm抓取\fromm_dump\02\window_0023.xml,啊，有人做過那個嗎
,PM 3:56,선우,그 뭐야,C:\Users\yuyao\Desktop\fromm抓取\fromm_dump\02\window_0024.xml,就是那個啊
,PM 3:56,선우,알러지 검사 더 다양하게ㅜ나오는 거,C:\Users\yuyao\Desktop\fromm抓取\fromm_dump\02\window_0024.xml,過敏檢測，可以測出更多種類的那個
,PM 3:57,선우,그거 근거 없다는 소리도 있긴 한데,C:\Users\yuyao\Desktop\fromm抓取\fromm_dump\02\window_0024.xml,雖然也有人說那個沒什麼根據
,PM 3:57,선우,막 붓는 음식 안 먹었는데도,C:\Users\yuyao\Desktop\fromm抓取\fromm_dump\02\window_0024.xml,但明明沒吃會腫的食物
,PM 3:57,선우,평소 보다 붓고 이런 것들이,C:\Users\yuyao\Desktop\fromm抓取\fromm_dump\02\window_0025.xml,卻比平常還腫之類的
,PM 3:57,선우,안 맞는 음식들을 나도 모르게 먹어서 그런 거일 수도 있대,C:\Users\yuyao\Desktop\fromm抓取\fromm_dump\02\window_0025.xml,聽說也可能是因為不知不覺吃了跟自己不合的食物
,PM 3:58,선우,지연성 알러지검사,C:\Users\yuyao\Desktop\fromm抓取\fromm_dump\02\window_0025.xml,延遲性過敏檢測
,PM 3:58,선우,ㅇㅇ,C:\Users\yuyao\Desktop\fromm抓取\fromm_dump\02\window_0025.xml,嗯嗯
,PM 3:58,선우,왜냐면 나도 막 라면 먹고 해도 안 붓는 날이 있는데 붓는 거 일부러 안 먹고 이런 날에 막 다음날에 이상하게 붓고 그럴 때도 있더라고,C:\Users\yuyao\Desktop\fromm抓取\fromm_dump\02\window_0026.xml,因為我也有吃泡麵之類的卻不腫的日子，也有刻意不吃會腫的東西，結果隔天莫名其妙腫起來的時候
,PM 3:58,선우,확실히 그런 게 있나봄,C:\Users\yuyao\Desktop\fromm抓取\fromm_dump\02\window_0026.xml,好像確實有那種東西
,PM 3:58,선우,피검사하면,C:\Users\yuyao\Desktop\fromm抓取\fromm_dump\02\window_0026.xml,做血液檢查的話
,PM 3:58,선우,나온대,C:\Users\yuyao\Desktop\fromm抓取\fromm_dump\02\window_0026.xml,聽說就會知道
,PM 3:59,선우,뭐 염분 때문에도 있지만,C:\Users\yuyao\Desktop\fromm抓取\fromm_dump\02\window_0026.xml,雖然也有可能是因為鹽分
,PM 3:59,선우,내 몸에 염증 반응 일으키는 음식들도,C:\Users\yuyao\Desktop\fromm抓取\fromm_dump\02\window_0027.xml,但讓我身體產生發炎反應的食物
,PM 3:59,선우,좀 알아낼 수 있고,C:\Users\yuyao\Desktop\fromm抓取\fromm_dump\02\window_0027.xml,好像也能稍微查出來
,PM 3:59,선우,그런 거여서,C:\Users\yuyao\Desktop\fromm抓取\fromm_dump\02\window_0027.xml,就是那樣的東西
,PM 3:59,선우,해볼라고,C:\Users\yuyao\Desktop\fromm抓取\fromm_dump\02\window_0027.xml,所以想去做看看
,PM 3:59,선우,나부터 하고,C:\Users\yuyao\Desktop\fromm抓取\fromm_dump\02\window_0027.xml,我先去做
,PM 3:59,선우,후기 알려드림,C:\Users\yuyao\Desktop\fromm抓取\fromm_dump\02\window_0028.xml,再告訴你們心得
,PM 3:59,선우,근데,C:\Users\yuyao\Desktop\fromm抓取\fromm_dump\02\window_0028.xml,可是
,PM 3:59,선우,문제는,C:\Users\yuyao\Desktop\fromm抓取\fromm_dump\02\window_0028.xml,問題是
,PM 4:00,선우,어디서 해야함?,C:\Users\yuyao\Desktop\fromm抓取\fromm_dump\02\window_0028.xml,要去哪裡做？
,PM 4:00,선우,대학병원이랑 피부과 둘 중에 하나인 것 같은데,C:\Users\yuyao\Desktop\fromm抓取\fromm_dump\02\window_0028.xml,感覺是在大學醫院或皮膚科兩個其中之一
,PM 4:01,선우,내과?,C:\Users\yuyao\Desktop\fromm抓取\fromm_dump\02\window_0029.xml,內科？
,PM 4:01,선우,몰라 네이버에 쳐서,C:\Users\yuyao\Desktop\fromm抓取\fromm_dump\02\window_0029.xml,不知道，我去 Naver 查一下
,PM 4:01,선우,해보고 올게 시간날 때,C:\Users\yuyao\Desktop\fromm抓取\fromm_dump\02\window_0029.xml,有時間做完再回來
,PM 4:01,선우,근데 비쌈,C:\Users\yuyao\Desktop\fromm抓取\fromm_dump\02\window_0029.xml,不過很貴
,PM 4:02,선우,20부터 시작인 듯,C:\Users\yuyao\Desktop\fromm抓取\fromm_dump\02\window_0029.xml,好像從 20 萬起跳
,PM 4:02,선우,더 많이 보려면 더 내야하고,C:\Users\yuyao\Desktop\fromm抓取\fromm_dump\02\window_0030.xml,想測更多就要付更多
,PM 4:02,선우,추첨해서 두명 내가 내줌,C:\Users\yuyao\Desktop\fromm抓取\fromm_dump\02\window_0030.xml,抽兩個人我幫出
,PM 4:02,선우,근데 당첨됐는데 그걸로 화장품 사면,C:\Users\yuyao\Desktop\fromm抓取\fromm_dump\02\window_0030.xml,但如果中獎了卻拿去買化妝品
,PM 4:03,선우,가만 안도,C:\Users\yuyao\Desktop\fromm抓取\fromm_dump\02\window_0030.xml,我不會放過你
,PM 4:03,선우,브링그린 이러네,C:\Users\yuyao\Desktop\fromm抓取\fromm_dump\02\window_0031.xml,還說 Bring Green 呢
,PM 4:03,선우,ㅋㅋ 넌 합격이다 ~!,C:\Users\yuyao\Desktop\fromm抓取\fromm_dump\02\window_0031.xml,ㅋㅋ 你合格了～！
,PM 4:04,선우,처음이자 마지막으로 한 번 추첨 해볼게요 다들 계좌 적어보세요 대신 진짜 검사로만 써야함,C:\Users\yuyao\Desktop\fromm抓取\fromm_dump\02\window_0031.xml,第一次也是最後一次，我來抽看看吧，大家把帳戶寫一下，不過真的只能拿去做檢查
,PM 4:04,선우,ㅇㅇ 어차피 한 번 하고 막힐 짓임,C:\Users\yuyao\Desktop\fromm抓取\fromm_dump\02\window_0031.xml,嗯嗯，反正這是做一次就會被擋的事
,PM 4:05,선우,하고 온 거 인증까지 해야함,C:\Users\yuyao\Desktop\fromm抓取\fromm_dump\02\window_0032.xml,還要認證有去做完
,PM 4:13,선우,아 근데 이거 뭐 병원에 대한 거에 뭐 이해는 못했지만 복잡하게 뭐가 걸릴 수도 있다고 해서 제지 당함,C:\Users\yuyao\Desktop\fromm抓取\fromm_dump\02\window_0032.xml,啊可是這個好像牽涉到醫院什麼的，雖然我沒聽懂，但說可能會有複雜問題，所以被制止了
,PM 4:13,선우,다음에 재밌는 도움되는 공식 이벤트로,C:\Users\yuyao\Desktop\fromm抓取\fromm_dump\02\window_0032.xml,下次用有趣又有幫助的官方活動
,PM 4:13,선우,찾아오겠습니다,C:\Users\yuyao\Desktop\fromm抓取\fromm_dump\02\window_0032.xml,再來找大家
,PM 4:13,선우,ㅋㅋㅋㅋㅋㅋㅋㅋㅋㅋㅋㅋㅋㅋㅋㅋㅋㅋㅋㅋㅋ,C:\Users\yuyao\Desktop\fromm抓取\fromm_dump\02\window_0033.xml,ㅋㅋㅋㅋㅋㅋㅋㅋㅋㅋㅋㅋㅋㅋㅋㅋㅋㅋㅋㅋㅋ
,PM 4:13,선우,아니 연락이 불 같이 바로 와서 막혔어,C:\Users\yuyao\Desktop\fromm抓取\fromm_dump\02\window_0033.xml,不是，訊息像火一樣馬上就來了，所以被擋了
,PM 4:14,선우,ㅈㅅ,C:\Users\yuyao\Desktop\fromm抓取\fromm_dump\02\window_0033.xml,抱歉
,PM 4:14,선우,담에 더 많은 더비들이,C:\Users\yuyao\Desktop\fromm抓取\fromm_dump\02\window_0033.xml,下次讓更多 DERBY
,PM 4:14,선우,이득 볼 수 있는,C:\Users\yuyao\Desktop\fromm抓取\fromm_dump\02\window_0033.xml,可以得到好處的
,PM 4:14,선우,무언가로 함 다시 찾아오겠습니다~!,C:\Users\yuyao\Desktop\fromm抓取\fromm_dump\02\window_0034.xml,某種東西，我會再來找大家～！
,PM 4:14,선우,선우의 깜짝 이벤트~! 첫번째,C:\Users\yuyao\Desktop\fromm抓取\fromm_dump\02\window_0034.xml,善旴的驚喜活動～！第一彈
,PM 4:14,선우,실패 !,C:\Users\yuyao\Desktop\fromm抓取\fromm_dump\02\window_0034.xml,失敗！
,PM 4:15,선우,내가 미리 점찍어둔 두분께는,C:\Users\yuyao\Desktop\fromm抓取\fromm_dump\02\window_0034.xml,對我本來已經先看好的兩位
,PM 4:15,선우,죄송합니다,C:\Users\yuyao\Desktop\fromm抓取\fromm_dump\02\window_0034.xml,不好意思
,PM 4:15,선우,그게 당신이었을 수도 있다는 희망,C:\Users\yuyao\Desktop\fromm抓取\fromm_dump\02\window_0035.xml,你覺得那可能就是你的那份希望
,PM 4:15,선우,잘 알고 있습니다,C:\Users\yuyao\Desktop\fromm抓取\fromm_dump\02\window_0035.xml,我很清楚
,PM 4:16,선우,도박의 위험성을 다시 한 번 깨닫는 순간이었길 바라며,C:\Users\yuyao\Desktop\fromm抓取\fromm_dump\02\window_0035.xml,希望這是讓大家再次體會到賭博危險性的瞬間
,PM 4:16,선우,다음에 건전한 도박으로 찾아오겠습니다,C:\Users\yuyao\Desktop\fromm抓取\fromm_dump\02\window_0035.xml,下次我會帶著健康的賭博回來
,PM 4:17,선우,ㅋㅋㅋㅋㅋㅋ아니,C:\Users\yuyao\Desktop\fromm抓取\fromm_dump\02\window_0036.xml,ㅋㅋㅋㅋㅋㅋ不是
,PM 4:17,선우,간만에 도파민 터졌는데 하면서 아쉬워하는 더비들 왤케 웃기냐,C:\Users\yuyao\Desktop\fromm抓取\fromm_dump\02\window_0036.xml,好久沒這麼多巴胺爆發了，還在可惜的 DERBY 們怎麼這麼好笑
,PM 4:17,선우,나만으 아기 개그우먼,C:\Users\yuyao\Desktop\fromm抓取\fromm_dump\02\window_0036.xml,只屬於我的小寶寶女諧星
,PM 4:17,선우,더비,C:\Users\yuyao\Desktop\fromm抓取\fromm_dump\02\window_0036.xml,DERBY
,PM 4:18,선우,형 개그맨은요 라는 댓글이 있는데,C:\Users\yuyao\Desktop\fromm抓取\fromm_dump\02\window_0037.xml,有留言說「哥，那男諧星呢？」
,PM 4:18,선우,넌 아기 아냐 인마,C:\Users\yuyao\Desktop\fromm抓取\fromm_dump\02\window_0037.xml,你不是寶寶啊，小子
,PM 4:18,선우,다 커가지고,C:\Users\yuyao\Desktop\fromm抓取\fromm_dump\02\window_0037.xml,都長這麼大了
,PM 4:18,선우,뭔 애기야,C:\Users\yuyao\Desktop\fromm抓取\fromm_dump\02\window_0037.xml,還什麼寶寶啊
,PM 4:19,선우,"(더비소녀) 울 아가 더비들~ 거ㅐㄴ차나 우쭈쭈💕
(더비소년) 짜샤 고맙다 ㅋ 오래가자 ~",C:\Users\yuyao\Desktop\fromm抓取\fromm_dump\02\window_0038.xml,"（DERBY少女）我們寶寶 DERBY們～沒關係，呼呼乖乖💕
（DERBY少年）小子，謝啦ㅋ 一起走久一點吧～"
,PM 4:20,선우,근데 남자팬분들 진짜 많이 없긴 해,C:\Users\yuyao\Desktop\fromm抓取\fromm_dump\02\window_0038.xml,不過男粉絲真的不多
,PM 4:20,선우,형님들 왜 나 안좋아해주냐,C:\Users\yuyao\Desktop\fromm抓取\fromm_dump\02\window_0038.xml,哥哥們為什麼不喜歡我
,PM 4:20,선우,어이없네,C:\Users\yuyao\Desktop\fromm抓取\fromm_dump\02\window_0038.xml,真無語欸
,PM 4:21,선우,너네 주변 남사친들 영업 좀 해봐,C:\Users\yuyao\Desktop\fromm抓取\fromm_dump\02\window_0038.xml,你們去把身邊的男生朋友也拉進坑看看
,PM 4:21,선우,이형 이 동생 웃기다고,C:\Users\yuyao\Desktop\fromm抓取\fromm_dump\02\window_0039.xml,就說這哥、這弟弟很好笑
,PM 4:22,선우,다른 감정 말고 그냥 친동생 친형 느낌으로,C:\Users\yuyao\Desktop\fromm抓取\fromm_dump\02\window_0039.xml,不是別的感情，就是親弟弟、親哥哥那種感覺
,PM 4:22,선우,근데 남자팬이 팬싸와서 선우형 코~! 하면,C:\Users\yuyao\Desktop\fromm抓取\fromm_dump\02\window_0039.xml,可是如果男粉來簽售，對我說「善旴哥，鼻子～！」
,PM 4:22,선우,내 아이돌적 면모를 그때 시험 가능할 듯,C:\Users\yuyao\Desktop\fromm抓取\fromm_dump\02\window_0039.xml,那時候應該就能考驗我的偶像面貌了
,PM 4:23,선우,너 어디살아? 바로 나올 듯,C:\Users\yuyao\Desktop\fromm抓取\fromm_dump\02\window_0040.xml,「你住哪？」可能會直接冒出來
,PM 4:23,선우,장난이고 다 똑같은 팬분들이라서,C:\Users\yuyao\Desktop\fromm抓取\fromm_dump\02\window_0040.xml,開玩笑的，因為大家都是一樣的粉絲
,PM 4:23,선우,무조건 할 거야 난,C:\Users\yuyao\Desktop\fromm抓取\fromm_dump\02\window_0040.xml,我一定會做的
,PM 4:24,선우,팬싸 와줬는데 코 ~! 하면 해줘야지,C:\Users\yuyao\Desktop\fromm抓取\fromm_dump\02\window_0040.xml,都來簽售了，如果說鼻子～！那就要做給他看啊
,PM 4:24,선우,대신,C:\Users\yuyao\Desktop\fromm抓取\fromm_dump\02\window_0040.xml,但是
,PM 4:24,선우,"이글거리는 눈빛으로,,",C:\Users\yuyao\Desktop\fromm抓取\fromm_dump\02\window_0041.xml,要用炙熱的眼神，，
,PM 4:25,선우,뭐 장난식으로 말했지만 난 다 감사해서 모두 더보이즈 하세요~!🫶남녀노소~!,C:\Users\yuyao\Desktop\fromm抓取\fromm_dump\02\window_0041.xml,雖然是開玩笑講的，但我對大家都很感謝，所以大家都來做 THE BOYZ 吧～！🫶男女老少～！
,PM 4:26,선우,남팬 오면 하고 싶은 거,C:\Users\yuyao\Desktop\fromm抓取\fromm_dump\02\window_0041.xml,男粉來的話想做的事
,PM 4:26,선우,팔씨름 뜨기,C:\Users\yuyao\Desktop\fromm抓取\fromm_dump\02\window_0041.xml,比腕力
,PM 4:26,선우,지면 그날 팬싸 망칠 것 같긴 해 ~,C:\Users\yuyao\Desktop\fromm抓取\fromm_dump\02\window_0042.xml,要是輸了，那天簽售好像會完蛋～
,PM 4:27,선우,남자 후배애들한테 연락이 너무 많이 와서,C:\Users\yuyao\Desktop\fromm抓取\fromm_dump\02\window_0042.xml,男後輩們聯絡我太多了
,PM 4:27,선우,기특하고,C:\Users\yuyao\Desktop\fromm抓取\fromm_dump\02\window_0042.xml,覺得很乖
,PM 4:27,선우,챙겨주고 싶고,C:\Users\yuyao\Desktop\fromm抓取\fromm_dump\02\window_0042.xml,也想照顧他們
,PM 4:28,선우,내가 진짜 맏형이었으면,C:\Users\yuyao\Desktop\fromm抓取\fromm_dump\02\window_0042.xml,如果我真的是大哥的話
,PM 4:28,선우,동생들 진짜 잘 다룰 텐데,C:\Users\yuyao\Desktop\fromm抓取\fromm_dump\02\window_0043.xml,我應該會很會管弟弟們
,PM 4:28,선우,하필 막내여가지고,C:\Users\yuyao\Desktop\fromm抓取\fromm_dump\02\window_0043.xml,偏偏我是忙內
,PM 4:28,선우,난 늘 동생들과 지냈는데,C:\Users\yuyao\Desktop\fromm抓取\fromm_dump\02\window_0043.xml,我一直都是跟弟弟們一起長大的
,PM 4:28,선우,막내노릇 힘들다 ~!,C:\Users\yuyao\Desktop\fromm抓取\fromm_dump\02\window_0043.xml,當忙內好辛苦啊～！
,PM 4:28,선우,(하는 거 없음),C:\Users\yuyao\Desktop\fromm抓取\fromm_dump\02\window_0043.xml,（其實什麼都沒做）
,PM 4:29,선우,진짜 댕편해~! 꺄핳,C:\Users\yuyao\Desktop\fromm抓取\fromm_dump\02\window_0044.xml,真的超級舒服～！呀哈哈
,PM 4:29,선우,막💕내💕조💕아💕,C:\Users\yuyao\Desktop\fromm抓取\fromm_dump\02\window_0044.xml,忙💕內💕真💕好💕
,PM 4:29,선우,형아들한테ㅔ미안하지만 좀 챙김받고 예쁨 받고 웃겨주고~ 분위기 풀어주고~,C:\Users\yuyao\Desktop\fromm抓取\fromm_dump\02\window_0044.xml,雖然對哥哥們不好意思，但被照顧、被疼愛、逗大家笑～炒熱氣氛～
,PM 4:30,선우,그게 막내 노릇이지 뭐><,C:\Users\yuyao\Desktop\fromm抓取\fromm_dump\02\window_0044.xml,那就是忙內的工作吧><
,PM 4:30,선우,내가 너무 의젓한 모습을 보이면 형들이 심란해질까봐,C:\Users\yuyao\Desktop\fromm抓取\fromm_dump\02\window_0045.xml,如果我表現得太穩重，怕哥哥們會心煩
,PM 4:30,선우,일부러 안 그러는 거야 ~,C:\Users\yuyao\Desktop\fromm抓取\fromm_dump\02\window_0045.xml,所以我是故意不那樣的～
,PM 4:31,선우,그래서 가끔 자아충돌 옴 ㄹㅇ,C:\Users\yuyao\Desktop\fromm抓取\fromm_dump\02\window_0045.xml,所以偶爾真的會自我衝突
,PM 4:31,선우,난 이제 우리끼리 있을 때도 나서서 막 웃갸주고 그러고 싶지 않고 얌전히 그냥 있고 싶은 날도 있는데,C:\Users\yuyao\Desktop\fromm抓取\fromm_dump\02\window_0045.xml,現在就算是我們自己人在一起，我也會有不想主動逗大家笑，只想安靜待著的日子
,PM 4:31,선우,그런 상황이 오면,C:\Users\yuyao\Desktop\fromm抓取\fromm_dump\02\window_0046.xml,但一遇到那種情況
,PM 4:32,선우,반사적으로 말과 행동이 튀어나옴,C:\Users\yuyao\Desktop\fromm抓取\fromm_dump\02\window_0046.xml,話和行動就反射性地冒出來
,PM 4:32,선우,이제 어쩔 수 없는 거임,C:\Users\yuyao\Desktop\fromm抓取\fromm_dump\02\window_0046.xml,現在已經沒辦法了
,PM 4:32,선우,내 몸과 생각이 따로 놀아,C:\Users\yuyao\Desktop\fromm抓取\fromm_dump\02\window_0046.xml,我的身體和想法各玩各的
,PM 4:32,선우,광대자처 하기,C:\Users\yuyao\Desktop\fromm抓取\fromm_dump\02\window_0046.xml,自願當小丑
,PM 4:32,선우,에릭은 피지컬 광대,C:\Users\yuyao\Desktop\fromm抓取\fromm_dump\02\window_0047.xml,ERIC 是體能型小丑
,PM 4:32,선우,난 뇌지컬 광대,C:\Users\yuyao\Desktop\fromm抓取\fromm_dump\02\window_0047.xml,我是腦力型小丑
,PM 4:33,선우,난 상황 판단 한 후에 툭툭 이고,C:\Users\yuyao\Desktop\fromm抓取\fromm_dump\02\window_0047.xml,我是判斷狀況後再一下一下出手
,PM 4:33,선우,에릭은 그냥 상황 그딴 거 없이 얼탱이 없게 밀어붙여서,C:\Users\yuyao\Desktop\fromm抓取\fromm_dump\02\window_0047.xml,ERIC 則是不管狀況如何，莫名其妙地硬推過去
,PM 4:33,선우,결국엔 웃게 만드는,C:\Users\yuyao\Desktop\fromm抓取\fromm_dump\02\window_0048.xml,最後讓人笑出來的
,PM 4:33,선우,탱크 스타일,C:\Users\yuyao\Desktop\fromm抓取\fromm_dump\02\window_0048.xml,坦克風格
,PM 4:34,선우,난 유도미사일,C:\Users\yuyao\Desktop\fromm抓取\fromm_dump\02\window_0048.xml,我是導引飛彈
,PM 4:34,선우,나 원딜 에릭 탱커,C:\Users\yuyao\Desktop\fromm抓取\fromm_dump\02\window_0048.xml,我遠程輸出，ERIC 坦克
,PM 4:34,선우,제이콥 서포터,C:\Users\yuyao\Desktop\fromm抓取\fromm_dump\02\window_0048.xml,JACOB 輔助
,PM 4:34,선우,현재 딜러,C:\Users\yuyao\Desktop\fromm抓取\fromm_dump\02\window_0049.xml,賢在輸出
,PM 4:35,선우,상연 게임 만든 주인장,C:\Users\yuyao\Desktop\fromm抓取\fromm_dump\02\window_0049.xml,尚淵是製作遊戲的主人
,PM 4:35,선우,뉴는 상점 주인,C:\Users\yuyao\Desktop\fromm抓取\fromm_dump\02\window_0049.xml,NEW 是商店老闆
,PM 4:36,선우,제이콥이 힐러다,C:\Users\yuyao\Desktop\fromm抓取\fromm_dump\02\window_0049.xml,JACOB 是補師
,PM 4:36,선우,서포터는 학년 느낌,C:\Users\yuyao\Desktop\fromm抓取\fromm_dump\02\window_0049.xml,輔助比較像學年那種感覺
,PM 4:36,선우,그리고 게임 안에 혼자 이상하게 돌아다니는 엔피씨,C:\Users\yuyao\Desktop\fromm抓取\fromm_dump\02\window_0050.xml,然後遊戲裡獨自奇怪地到處走的 NPC
,PM 4:36,선우,케빈,C:\Users\yuyao\Desktop\fromm抓取\fromm_dump\02\window_0050.xml,KEVIN
,PM 4:36,선우,창민이는 그 게임 리액션 유튜버임,C:\Users\yuyao\Desktop\fromm抓取\fromm_dump\02\window_0050.xml,昌珉是那個遊戲的反應型 YouTuber
,PM 4:36,선우,창민이래,C:\Users\yuyao\Desktop\fromm抓取\fromm_dump\02\window_0050.xml,我說成昌珉了
,PM 4:36,선우,창민이 형 ㅋㅋ,C:\Users\yuyao\Desktop\fromm抓取\fromm_dump\02\window_0050.xml,昌珉哥ㅋㅋ
,PM 4:37,선우,주연이 형은 원딜이긴 한데,C:\Users\yuyao\Desktop\fromm抓取\fromm_dump\02\window_0051.xml,柱延哥算是遠程輸出
,PM 4:37,선우,두번째 주자 느낌임,C:\Users\yuyao\Desktop\fromm抓取\fromm_dump\02\window_0051.xml,但感覺是第二棒
,PM 4:37,선우,후보선수,C:\Users\yuyao\Desktop\fromm抓取\fromm_dump\02\window_0051.xml,替補選手
,PM 4:37,선우,왜냐면 덜 웃긴게 아니라,C:\Users\yuyao\Desktop\fromm抓取\fromm_dump\02\window_0051.xml,不是因為他比較不好笑
,PM 4:37,선우,아니다,C:\Users\yuyao\Desktop\fromm抓取\fromm_dump\02\window_0051.xml,不是
,PM 4:37,선우,주연은 감독임,C:\Users\yuyao\Desktop\fromm抓取\fromm_dump\02\window_0052.xml,柱延是導演
,PM 4:37,선우,주연이 형은 이 흐름을 알아서,C:\Users\yuyao\Desktop\fromm抓取\fromm_dump\02\window_0052.xml,柱延哥知道這個節奏
,PM 4:38,선우,본인이 당하거나 주도하는 흐름을 알아서 만듦,C:\Users\yuyao\Desktop\fromm抓取\fromm_dump\02\window_0052.xml,會自己創造被弄或主導的節奏
,PM 4:38,선우,그래서 노잼도 본인이 의도하고 노잼으로 만듦,C:\Users\yuyao\Desktop\fromm抓取\fromm_dump\02\window_0052.xml,所以無聊也是他有意讓它變無聊的
,PM 4:38,선우,큰그림을 그림 주연이형은,C:\Users\yuyao\Desktop\fromm抓取\fromm_dump\02\window_0053.xml,柱延哥是在畫大局
,PM 4:38,선우,근데 그걸 알아보고 받아줄 수 있는 인재가 몇 없을 뿐,C:\Users\yuyao\Desktop\fromm抓取\fromm_dump\02\window_0053.xml,只是能看懂並接住的人不多而已
,PM 4:39,선우,영훈이 형은 그냥 주최자 아들임,C:\Users\yuyao\Desktop\fromm抓取\fromm_dump\02\window_0053.xml,泳勳哥就是主辦方的兒子
,PM 4:39,선우,이 모든 걸 보며 그냥,C:\Users\yuyao\Desktop\fromm抓取\fromm_dump\02\window_0053.xml,看著這一切
,PM 4:39,선우,행복하게 깔깔 웃는,C:\Users\yuyao\Desktop\fromm抓取\fromm_dump\02\window_0054.xml,只是幸福地哈哈大笑的
,PM 4:39,선우,걱정없는 주최자 아들,C:\Users\yuyao\Desktop\fromm抓取\fromm_dump\02\window_0054.xml,無憂無慮的主辦方兒子
,PM 4:39,선우,뉴형은 말했잖아,C:\Users\yuyao\Desktop\fromm抓取\fromm_dump\02\window_0054.xml,NEW哥我剛剛說過了啊
,PM 4:39,선우,게임 상점 주인 ㅋㅋ,C:\Users\yuyao\Desktop\fromm抓取\fromm_dump\02\window_0054.xml,遊戲商店老闆ㅋㅋ
,PM 4:40,선우,"더비는 ,,",C:\Users\yuyao\Desktop\fromm抓取\fromm_dump\02\window_0054.xml,DERBY 是，，
,PM 4:40,선우,다른 뜻으로 말하는 거 아님 비유법임,C:\Users\yuyao\Desktop\fromm抓取\fromm_dump\02\window_0055.xml,不是用別的意思說的，是比喻法
,PM 4:40,선우,"투자자,,,야",C:\Users\yuyao\Desktop\fromm抓取\fromm_dump\02\window_0055.xml,投資人，，，啊
,PM 4:41,선우,비..비유법..,C:\Users\yuyao\Desktop\fromm抓取\fromm_dump\02\window_0055.xml,比..比喻法..
,PM 4:41,선우,끼잉..,C:\Users\yuyao\Desktop\fromm抓取\fromm_dump\02\window_0055.xml,嚶..
,PM 4:42,선우,그냥 모든 게 돌아가게 만드는 이유라는 거지 ㅋ,C:\Users\yuyao\Desktop\fromm抓取\fromm_dump\02\window_0055.xml,就是讓一切能運轉的理由啦ㅋ
,PM 4:42,선우,투자가 중점이 아냐~^^!!,C:\Users\yuyao\Desktop\fromm抓取\fromm_dump\02\window_0056.xml,重點不是投資～^^！！
,PM 4:42,선우,선우의 오랜만에,C:\Users\yuyao\Desktop\fromm抓取\fromm_dump\02\window_0056.xml,善旴久違的
,PM 4:42,선우,돌아온,C:\Users\yuyao\Desktop\fromm抓取\fromm_dump\02\window_0056.xml,回歸的
,PM 4:42,선우,캐해,C:\Users\yuyao\Desktop\fromm抓取\fromm_dump\02\window_0056.xml,角色解析
,PM 4:42,선우,시간,C:\Users\yuyao\Desktop\fromm抓取\fromm_dump\02\window_0056.xml,時間
,PM 4:42,선우,끝,C:\Users\yuyao\Desktop\fromm抓取\fromm_dump\02\window_0057.xml,結束
,PM 4:42,선우,ㅋㅋㅋㅋㅋㅋㅋㅋㅋㅋㅋㅋㅋㅋㅋㅋㅋㅋㅋㅋㅋㅋㅋ,C:\Users\yuyao\Desktop\fromm抓取\fromm_dump\02\window_0057.xml,ㅋㅋㅋㅋㅋㅋㅋㅋㅋㅋㅋㅋㅋㅋㅋㅋㅋㅋㅋㅋㅋㅋㅋ
,PM 4:43,선우,급마무리,C:\Users\yuyao\Desktop\fromm抓取\fromm_dump\02\window_0057.xml,突然收尾
,PM 4:43,선우,밥 추천 함 때리바라,C:\Users\yuyao\Desktop\fromm抓取\fromm_dump\02\window_0057.xml,來推薦一下飯吧
,PM 4:48,선우,잘 들었다,C:\Users\yuyao\Desktop\fromm抓取\fromm_dump\02\window_0057.xml,我聽得很好
,PM 4:48,선우,밥 마이 묵으께 ~,C:\Users\yuyao\Desktop\fromm抓取\fromm_dump\02\window_0058.xml,我會多吃飯的～
,PM 4:48,선우,간단한 거 먹을래 배 안 고픔,C:\Users\yuyao\Desktop\fromm抓取\fromm_dump\02\window_0058.xml,想吃簡單的，不餓
,PM 4:19,선우,요 ~,C:\Users\yuyao\Desktop\fromm抓取\fromm_dump\02\window_0058.xml,唷～
,PM 4:19,선우,나 요즘 자주 오지,C:\Users\yuyao\Desktop\fromm抓取\fromm_dump\02\window_0058.xml,我最近常來吧
,PM 4:19,선우,예쁘지!!!!!!!,C:\Users\yuyao\Desktop\fromm抓取\fromm_dump\02\window_0059.xml,很漂亮吧！！！！！！！
,PM 4:19,선우,예쁘다고 해,C:\Users\yuyao\Desktop\fromm抓取\fromm_dump\02\window_0059.xml,快說我漂亮
,PM 4:20,선우,오늘 아돌라도 잘 봐주고 ㅎㅎ,C:\Users\yuyao\Desktop\fromm抓取\fromm_dump\02\window_0059.xml,今天 Idol Radio 也謝謝你們看得開心ㅎㅎ
,PM 4:21,선우,난 뭐 수정 녹음하고 왔어 아돌라 가기 전엥,C:\Users\yuyao\Desktop\fromm抓取\fromm_dump\02\window_0059.xml,我去 Idol Radio 之前，剛做完修正錄音回來
,PM 5:25,선우,나  아돌라 준비 중!!!,C:\Users\yuyao\Desktop\fromm抓取\fromm_dump\02\window_0060.xml,我正在準備 Idol Radio！！！
,PM 6:23,선우,내일,C:\Users\yuyao\Desktop\fromm抓取\fromm_dump\02\window_0060.xml,明天
,PM 6:23,선우,락앤롤 첫방이당,C:\Users\yuyao\Desktop\fromm抓取\fromm_dump\02\window_0060.xml,是 Rock and Roll 初放送
,PM 6:23,선우,씬난당✨,C:\Users\yuyao\Desktop\fromm抓取\fromm_dump\02\window_0060.xml,好興奮✨
,PM 6:24,선우,음중은 사녹이니까!!,C:\Users\yuyao\Desktop\fromm抓取\fromm_dump\02\window_0060.xml,音中是預錄嘛！！
,PM 6:24,선우,아닌가?,C:\Users\yuyao\Desktop\fromm抓取\fromm_dump\02\window_0061.xml,不是嗎？
,PM 6:24,선우,사실 잘 몰라 내일은 생방이구!!,C:\Users\yuyao\Desktop\fromm抓取\fromm_dump\02\window_0061.xml,其實我也不太清楚，明天是直播！！
,PM 6:25,선우,공지 나오면 바바 내가 먼저 알아서 말하면 안되는 걸 수도!!!,C:\Users\yuyao\Desktop\fromm抓取\fromm_dump\02\window_0061.xml,公告出來就看看吧，可能我先知道也不能先說！！！
,PM 6:25,선우,사녹이길!!!,C:\Users\yuyao\Desktop\fromm抓取\fromm_dump\02\window_0061.xml,希望是預錄！！！
,PM 6:26,선우,락앤롤 노래도 취향이긴 하지만 무엇보다 난,C:\Users\yuyao\Desktop\fromm抓取\fromm_dump\02\window_0062.xml,Rock and Roll 這首歌也是我的取向，但最重要的是我
,PM 6:26,선우,미디움 템포를 좋아해,C:\Users\yuyao\Desktop\fromm抓取\fromm_dump\02\window_0062.xml,喜歡中板節奏
,PM 6:27,선우,노래에 호흡이 있어야 그 사이 사이에 느낌을 주고 이어갈 수 있다고 생각해서 노래에 틈이 있는 게 조아,C:\Users\yuyao\Desktop\fromm抓取\fromm_dump\02\window_0062.xml,我覺得歌裡要有呼吸，才能在那中間放進感覺並延續下去，所以我喜歡歌裡有空隙
,PM 6:27,선우,노래가 빠르면 그냥 준비 땅! 해서 그 첫 호흡으로 한 번에 가는 단거리 달리기 같은 느낌이라고 생각하구,C:\Users\yuyao\Desktop\fromm抓取\fromm_dump\02\window_0062.xml,如果歌很快，就像『預備，砰！』然後用第一口氣一次衝到底的短跑一樣
,PM 6:28,선우,미디움 템포는 마라톤이야 중간에 물도 마시고 다른 느낌과 생각도 들어갈 수 있구 여유가 있어서 조아,C:\Users\yuyao\Desktop\fromm抓取\fromm_dump\02\window_0063.xml,中板節奏就像馬拉松，中間可以喝水，也可以放進不同的感覺和想法，因為有餘裕所以喜歡
,PM 6:28,선우,갠취,C:\Users\yuyao\Desktop\fromm抓取\fromm_dump\02\window_0063.xml,個人取向
,PM 6:28,선우,ㅋㅋ,C:\Users\yuyao\Desktop\fromm抓取\fromm_dump\02\window_0063.xml,ㅋㅋ
,PM 6:29,선우,내가 좋아하는 더보이즈 미듐 템포 곡은,C:\Users\yuyao\Desktop\fromm抓取\fromm_dump\02\window_0063.xml,我喜歡的 THE BOYZ 中板節奏歌曲是
,PM 6:29,선우,인새니티,C:\Users\yuyao\Desktop\fromm抓取\fromm_dump\02\window_0064.xml,Insanity
,PM 6:29,선우,러샨룰렛,C:\Users\yuyao\Desktop\fromm抓取\fromm_dump\02\window_0064.xml,Russian Roulette
,PM 6:29,선우,또 그거,C:\Users\yuyao\Desktop\fromm抓取\fromm_dump\02\window_0064.xml,還有那個
,PM 6:29,선우,제목 뭐야,C:\Users\yuyao\Desktop\fromm抓取\fromm_dump\02\window_0064.xml,歌名是什麼啊
,PM 6:30,선우,풀려가는 긴장가아아아아암~,C:\Users\yuyao\Desktop\fromm抓取\fromm_dump\02\window_0064.xml,逐漸放鬆的緊張感啊啊啊啊～
,PM 6:30,선우,어쩌구 저쩌구 시티 라아아아ㅏ아잇,C:\Users\yuyao\Desktop\fromm抓取\fromm_dump\02\window_0065.xml,什麼什麼 city light～～
,PM 6:30,선우,아 무중력,C:\Users\yuyao\Desktop\fromm抓取\fromm_dump\02\window_0065.xml,啊 無重力
,PM 6:30,선우,허니,C:\Users\yuyao\Desktop\fromm抓取\fromm_dump\02\window_0065.xml,Honey
,PM 6:30,선우,허니는 좀 애매하긴 하지만,C:\Users\yuyao\Desktop\fromm抓取\fromm_dump\02\window_0065.xml,Honey 有點微妙就是了
,PM 6:31,선우,중간에 풀어지는 훅이 있어서,C:\Users\yuyao\Desktop\fromm抓取\fromm_dump\02\window_0065.xml,因為中間有放鬆下來的副歌
,PM 6:31,선우,쫄깃한 느낌 ㅋ,C:\Users\yuyao\Desktop\fromm抓取\fromm_dump\02\window_0066.xml,有種很有嚼勁的感覺ㅋ
,PM 6:31,선우,메베엔도 좋아,C:\Users\yuyao\Desktop\fromm抓取\fromm_dump\02\window_0066.xml,Merry Bad Ending 也喜歡
,PM 6:33,선우,구리고 그리고,C:\Users\yuyao\Desktop\fromm抓取\fromm_dump\02\window_0066.xml,然後然後
,PM 6:33,선우,베드,C:\Users\yuyao\Desktop\fromm抓取\fromm_dump\02\window_0066.xml,Bed
,PM 6:34,선우,배드,C:\Users\yuyao\Desktop\fromm抓取\fromm_dump\02\window_0067.xml,Bad
,PM 6:36,선우,양치 좀 ㅋㅋ,C:\Users\yuyao\Desktop\fromm抓取\fromm_dump\02\window_0067.xml,去刷牙啦ㅋㅋ
,PM 7:01,선우,나는 아돌라 가는 즁~~~,C:\Users\yuyao\Desktop\fromm抓取\fromm_dump\02\window_0067.xml,我正在去 Idol Radio 的路上~~~
,PM 7:07,선우,열시미 하구 올테니 울 더비들도 오늘 넘 고생했구,C:\Users\yuyao\Desktop\fromm抓取\fromm_dump\02\window_0067.xml,我會努力做好再回來，所以我們 DERBY 今天也辛苦了
,PM 7:07,선우,하는 거 다 힘내서 잘 마무리행💕💕💕💕,C:\Users\yuyao\Desktop\fromm抓取\fromm_dump\02\window_0068.xml,正在做的事都加油，好好收尾喔💕💕💕💕
,PM 10:37,선우,아니 다 에어팟에어팟 거려서 그게 머야 하고 영상 봤는데 진짜 그냥 인사안하고 예의없게 받기만 하는 거로 보이는데 나 팬분이 뭐라고 소리치셨는데 뭐가 떨어진지 모른 상태여서 어리둥절하다가 에어팟인 거 알구 내 에어팟!! 하고 눈으로 찾다가 못찾구 주워주신 거 받으면서 고개 숙이지 않고 감사합니다..! 라고 한 상황이여서,C:\Users\yuyao\Desktop\fromm抓取\fromm_dump\02\window_0068.xml,不是，大家一直 AirPods、AirPods 的，我就想那是什麼去看影片，真的看起來就像我沒打招呼、很沒禮貌地只收下東西一樣。其實那位粉絲有喊什麼，但我不知道掉了什麼所以一臉懵，後來知道是 AirPods，就說『我的 AirPods』這樣。
,PM 10:37,선우,충분히 그리 보일 수 있다고 인지했고!!!!!,C:\Users\yuyao\Desktop\fromm抓取\fromm_dump\02\window_0069.xml,我知道那樣看起來完全可能會被這樣理解!!!!!
,PM 10:37,선우,나 뒤에서도 문잡아주시거나 할 때 항상 안 빼먹고 감사합니다! 하고 지나가고 인사 잘해~..^^ 걱정하지마  ㅋ,C:\Users\yuyao\Desktop\fromm抓取\fromm_dump\02\window_0069.xml,我在後面如果有人幫我扶門之類的，也都一定會說謝謝再經過，我很會打招呼的~..^^ 別擔心ㅋ
,PM 10:40,선우,"이런 거 언제까지 내가 다 해명하고 할 순 없지만 그리 보인 게 내 잘못이 있으니까 인지하구 있으께~~ 근데 나 음방이나 어디서나 청소해주시는 분들께도 빠짐없이 안녕하세요! 하고 싹싹하게 잘하니까,, 이런 억울한 얘기 안나오게 잘 행동할게 ㅋ",C:\Users\yuyao\Desktop\fromm抓取\fromm_dump\02\window_0069.xml,"這種事我不可能每次都一直出來解釋，但既然看起來會那樣，就是我也有做得不好的地方，我會記在心上~~ 可是我在音放或任何地方，連對幫忙打掃的人也都會一個不漏地說您好！很親切地打招呼，所以,, 這種委屈的話題希望大家可以少一點ㅠ"
,PM 10:42,선우,그렇게 보일 순 있는 잘 못 인정하고 더 생각해서 행동해야할 것 같구 단편적인 걸로 선넘는 욕하는 사람들은 정작 예의있는 건가 잘 모르겠지만 뭐 각자 잘해보는 걸로 ㅋㅋ,C:\Users\yuyao\Desktop\fromm抓取\fromm_dump\02\window_0070.xml,我承認看起來可能會那樣，是我沒做好，也覺得以後要更思考後再行動。至於只看片段就越線罵人的人，到底算不算有禮貌我也不太知道啦，總之大家各自好好做吧ㅋㅋ
,PM 10:43,선우,아돌라 봐줫서 고맙구 낼 음방도 잘 봐줭💕💕💕💕,C:\Users\yuyao\Desktop\fromm抓取\fromm_dump\02\window_0070.xml,謝謝你看 Idol Radio，明天的音放也要好好看喔💕💕💕💕
,PM 10:51,선우,그리고 감사 인사할땐 어떤 상황이던 고개를 숙이며 하도록 하겠읍니다!!! 그게 맞으니까! 요거 내가 이런 허튼 소리 안듣도록 더 진짜 신경써볼게 난 진짜 괜찮고 그냥 더 생각하고 행동하면 되는 쉬운 일인거라!!! 나 걱정말고 더비들 얼른 푹 자!!!💕 난 낼 음방에서 잘할지가 젤 신경쓰이니까 💕💕,C:\Users\yuyao\Desktop\fromm抓取\fromm_dump\02\window_0071.xml,還有以後道謝時，不管什麼情況我都會低頭道謝!!! 因為那才是對的！這點我會真的更注意，不讓自己聽到這種亂七八糟的話。我真的沒事，這只是多想一下再行動就好的簡單事情!!! 我
,PM 10:52,선우,좋은 꿈꿔💕💕💕💕💕💕,C:\Users\yuyao\Desktop\fromm抓取\fromm_dump\02\window_0071.xml,做個好夢💕💕💕💕💕💕
,PM 11:04,선우,아 잠깐,C:\Users\yuyao\Desktop\fromm抓取\fromm_dump\02\window_0071.xml,啊 等一下
,PM 11:04,선우,더비생일,C:\Users\yuyao\Desktop\fromm抓取\fromm_dump\02\window_0071.xml,DERBY 生日
,PM 11:04,선우,축하해💕💕💕💕,C:\Users\yuyao\Desktop\fromm抓取\fromm_dump\02\window_0072.xml,生日快樂💕💕💕💕
,PM 11:04,선우,💕,C:\Users\yuyao\Desktop\fromm抓取\fromm_dump\02\window_0072.xml,💕
,PM 11:04,선우,💕💕💕💕💕💕💕💕,C:\Users\yuyao\Desktop\fromm抓取\fromm_dump\02\window_0073.xml,💕💕💕💕💕💕💕💕
,PM 11:04,선우,💕💕💕💕💕💕,C:\Users\yuyao\Desktop\fromm抓取\fromm_dump\02\window_0073.xml,💕💕💕💕💕💕
,PM 11:05,선우,못챙기고 그냥 갈 뻔,C:\Users\yuyao\Desktop\fromm抓取\fromm_dump\02\window_0073.xml,差點沒慶祝就走了
,PM 11:05,선우,더비야 더비 이름이 탄생한 순간부터,C:\Users\yuyao\Desktop\fromm抓取\fromm_dump\02\window_0073.xml,DERBY 啊，從 DERBY 這個名字誕生的那一刻開始
,PM 11:05,선우,나한테 4월중 가장 소중한 날이 3일이 되었어,C:\Users\yuyao\Desktop\fromm抓取\fromm_dump\02\window_0073.xml,對我來說 4 月裡最珍貴的日子就變成 3 號了
,PM 11:05,선우,있어줘서 고맙구,C:\Users\yuyao\Desktop\fromm抓取\fromm_dump\02\window_0074.xml,謝謝你存在
,PM 11:07,선우,더비 덕에 세상을 바라보는 시선이나 생각들이 더 긍정적으로 더 진취적으로 변할 수 있었고!,C:\Users\yuyao\Desktop\fromm抓取\fromm_dump\02\window_0074.xml,多虧 DERBY，讓我看世界的視線和想法都能變得更正面、更積極！
,PM 11:08,선우,삶의 반 정도를 게으르게 살아온 나를 움직이게 해줘서 너무 고맙다 ㅠ,C:\Users\yuyao\Desktop\fromm抓取\fromm_dump\02\window_0074.xml,謝謝你們讓大概半輩子都懶懶散散活著的我動起來ㅠ
,PM 11:08,선우,사랑합니다 더비,C:\Users\yuyao\Desktop\fromm抓取\fromm_dump\02\window_0075.xml,我愛 DERBY
,PM 11:49,선우,"더비 생일 끝났다,,",C:\Users\yuyao\Desktop\fromm抓取\fromm_dump\02\window_0075.xml,"DERBY 生日結束了,,"
,PM 11:50,선우,락앤롤 무대 잘 봤어? ㅎㅎ,C:\Users\yuyao\Desktop\fromm抓取\fromm_dump\02\window_0075.xml,Rock and Roll 舞台有好好看嗎ㅎㅎ
,PM 11:51,선우,난 감추면 감출 수록 섹쉬하다고 생각하는 사람이라  여매고 올라갈라고 했는데 까먹고 열어버렸어💕,C:\Users\yuyao\Desktop\fromm抓取\fromm_dump\02\window_0075.xml,我是覺得越遮越性感的人，所以本來想扣起來上台，結果忘記就打開了💕
,AM 12:00,선우,ㅋㅋㅋㅋㅋㅋㅋㅋㅋㅋㅋ,C:\Users\yuyao\Desktop\fromm抓取\fromm_dump\02\window_0076.xml,ㅋㅋㅋㅋㅋㅋㅋㅋㅋㅋㅋ
,AM 12:00,선우,쨌든 락앤롤 무대 하나 더 남았으니까,C:\Users\yuyao\Desktop\fromm抓取\fromm_dump\02\window_0076.xml,總之 Rock and Roll 舞台還剩一個
,AM 12:00,선우,잼게 봐죠,C:\Users\yuyao\Desktop\fromm抓取\fromm_dump\02\window_0076.xml,要有趣地看喔
,AM 12:02,선우,아까 인스타 스포는,C:\Users\yuyao\Desktop\fromm抓取\fromm_dump\02\window_0076.xml,剛剛 Instagram 劇透的是
,AM 12:02,선우,생일컨텐츠 스포야,C:\Users\yuyao\Desktop\fromm抓取\fromm_dump\02\window_0077.xml,生日內容的劇透啦
,AM 12:07,선우,커버곡이야!!!! 아주 아주 조금씩만 개사해서 곡 해석 다르게 해서 촬영해써 ㅎㅎ,C:\Users\yuyao\Desktop\fromm抓取\fromm_dump\02\window_0077.xml,是 Cover 曲!!!! 有一點點改詞，把歌曲解讀換成不同方向去拍了ㅎㅎ
,AM 12:07,선우,많관부 ~,C:\Users\yuyao\Desktop\fromm抓取\fromm_dump\02\window_0077.xml,多多關注～
,AM 12:08,선우,힌트는,C:\Users\yuyao\Desktop\fromm抓取\fromm_dump\02\window_0077.xml,提示是
,AM 12:08,선우,뭐라카지,C:\Users\yuyao\Desktop\fromm抓取\fromm_dump\02\window_0077.xml,該怎麼說呢
,AM 12:08,선우,사알짝 헤이트깔인데 반대입장 느낌...,C:\Users\yuyao\Desktop\fromm抓取\fromm_dump\02\window_0078.xml,有一點 Hate 的感覺，但像是相反立場的感覺...
,AM 12:08,선우,요까지,C:\Users\yuyao\Desktop\fromm抓取\fromm_dump\02\window_0078.xml,到這裡
,AM 12:09,선우,하겠슴다,C:\Users\yuyao\Desktop\fromm抓取\fromm_dump\02\window_0078.xml,就先這樣
,AM 12:10,선우,걍 국힙남자st 함 해보고싶어서 ㅋㅋ,C:\Users\yuyao\Desktop\fromm抓取\fromm_dump\02\window_0078.xml,只是想試試韓嘻男風格ㅋㅋ
,AM 12:12,선우,내가 앞으로 생각하는 내 음악 방향성이 여러가진데 너무 달라 하나는 그냥 국힙이고 하나는 완전 팝적인 거 어쿠스틱한 것도 하고 싶고 막 다하고 싶음 다 할 거임,C:\Users\yuyao\Desktop\fromm抓取\fromm_dump\02\window_0079.xml,我之後想走的音樂方向有好幾種，而且差很多。一個就是韓國嘻哈，一個是很 Pop 的，也想做 Acoustic 的，反正什麼都想做，我都會做
,AM 12:12,선우,지캬봐주셈,C:\Users\yuyao\Desktop\fromm抓取\fromm_dump\02\window_0079.xml,請看著我吧
,AM 12:21,선우,더비도 그렇고 나도 그렇고 서로한테 힘 받으면서 우리 현생도 힘든 일 어려운 일 서로 생각하면서 이겨내나가자ㅎㅎ 더비한텐 한없이 고맙고 다정하게 해주고 싶고 사랑만 주고 싶으니까,C:\Users\yuyao\Desktop\fromm抓取\fromm_dump\02\window_0079.xml,DERBY 也是、我也是，我們就一邊從彼此那裡得到力量，一邊想著彼此，把現實生活裡辛苦的事、困難的事都克服過去吧ㅎㅎ 對 DERBY 我真的只有無限感謝，想溫柔對待你們，也只想給你們愛
,,선우,"그리고 그냥 어떻게든 내 말들 하나 하나 곡해해서 까려고 안달난 인생낭비 하는 사람들은 그게 인생업적이고 남 까내리면서 본인의 삶을 위안하고 회피하는 사람들이니 그냥 그렇게 하시던대로 불행한 시선으로 혼자 불행히 쭉 세상 살아주셨으면 좋겠고 굳이 굳이 언급해드리는 이유는 오해를 시켜도 더비한테 미안하고 내 자신이 반성하는 거지 댁들한테 내가 왜 잘 보여야하냐고 너 누군데ㅋㅋ? 라고 전해주고 싶어서!
난 내 주위에 계신 분들 고생해주시는 분들 그리고 더비들 잘 챙기면서 내 할 일 더비들이랑 열심히 해나갈게 ㅎㅎ 🫶",C:\Users\yuyao\Desktop\fromm抓取\fromm_dump\02\window_0080.xml,還有那些不管怎樣都硬要把我的每一句話曲解、急著罵我的浪費人生的人，那大概就是他們的人生成就吧。靠貶低別人來安慰、逃避自己的人生，所以就照他們一直以來那樣，用不幸的視線自己不幸地繼續活下去吧
,AM 12:46,선우,아우 속시원해,C:\Users\yuyao\Desktop\fromm抓取\fromm_dump\02\window_0081.xml,啊～好暢快
,AM 12:46,선우,나 밥 먹고 올랭,C:\Users\yuyao\Desktop\fromm抓取\fromm_dump\02\window_0081.xml,我去吃飯囉
,AM 12:47,선우,뭐 먹는지 고르고 알려줄게 ㅎㅎ,C:\Users\yuyao\Desktop\fromm抓取\fromm_dump\02\window_0081.xml,我選好吃什麼再告訴你ㅎㅎ
,AM 12:53,선우,더비한테 기대고 싶고 기대져서 많이 오는 거야 고마워 이런 존재가 되어줘서 정말로,C:\Users\yuyao\Desktop\fromm抓取\fromm_dump\02\window_0082.xml,我是想依靠 DERBY，也因為能被依靠，所以才常來的。真的謝謝你成為這樣的存在
,AM 12:53,선우,진짜 잘할게 더 고마워,C:\Users\yuyao\Desktop\fromm抓取\fromm_dump\02\window_0082.xml,我真的會好好做，更謝謝你
,AM 12:55,선우,🫶 밥 고르고 올껰,C:\Users\yuyao\Desktop\fromm抓取\fromm_dump\02\window_0082.xml,🫶 我去選飯囉ㅋ
,AM 1:00,선우,나 꼬기 먹을 거야 꼬기,C:\Users\yuyao\Desktop\fromm抓取\fromm_dump\02\window_0082.xml,我要吃肉肉，肉肉
,AM 1:00,선우,삼겹살 먹을래,C:\Users\yuyao\Desktop\fromm抓取\fromm_dump\02\window_0082.xml,我要吃五花肉
,AM 1:01,선우,시키거 난 씻는다!!!!! 늦었으니까 얼른 자 💕💕💕💕,C:\Users\yuyao\Desktop\fromm抓取\fromm_dump\02\window_0083.xml,點完了，我去洗澡!!!!! 很晚了快睡💕💕💕💕
,AM 1:01,선우,나도 먹구 오늘은 푹 잘래~~~,C:\Users\yuyao\Desktop\fromm抓取\fromm_dump\02\window_0083.xml,我也吃完後今天要好好睡~~~
,AM 1:02,선우,고맙구 사랑하구 오늘은 더비 생각만 쭉 하다가 잠들래,C:\Users\yuyao\Desktop\fromm抓取\fromm_dump\02\window_0083.xml,謝謝你、愛你，今天我要一路想著 DERBY 入睡
,AM 1:02,선우,잘 자 울 더비들🫶✨,C:\Users\yuyao\Desktop\fromm抓取\fromm_dump\02\window_0083.xml,晚安，我們 DERBY 們🫶✨
,AM 1:02,선우,예쁜 꿈 꿔,C:\Users\yuyao\Desktop\fromm抓取\fromm_dump\02\window_0083.xml,做美夢
,AM 1:10,선우,더비들 말 보는데 너무 푹신해 너무 포근해 꿀잠잘 수 이써 더비들이 적어주는 문장들 위에서 잘래 사랑해 진짜 굿밤 뿅✨💕,C:\Users\yuyao\Desktop\fromm抓取\fromm_dump\02\window_0084.xml,我在看 DERBY 們的話，真的太柔軟、太溫暖了，我可以睡得很好。我要睡在 DERBY 們寫下的句子上面，真的愛你們，晚安，咻✨💕
,AM 2:46,선우,play_video,C:\Users\yuyao\Desktop\fromm抓取\fromm_dump\02\window_0084.xml,播放影片
,AM 2:46,선우,갤러리 뒤져보다가 5년전 찍었던 춤 영상 보내주께ㅋㅋㅋㅋㅋ 이땐 느낌보단 그냥 크게 크게만 했을 때,C:\Users\yuyao\Desktop\fromm抓取\fromm_dump\02\window_0085.xml,我翻相簿時找到 5 年前拍的跳舞影片，傳給你們ㅋㅋㅋㅋㅋ 那時候比起感覺，就是只跳得很大很大
,AM 2:46,선우,난 이제 잔당🫶 사랑해 잘자,C:\Users\yuyao\Desktop\fromm抓取\fromm_dump\02\window_0085.xml,我現在要睡啦🫶 愛你，晚安
,AM 2:51,선우,난 좀 부끄럽지만 더비들한테는 몰랐던 소중한 영상이 더ㅣㄹ 수도 있으닠ㅋ 형들 허락 안 맡고 올리는 거라 난 몰라😏 컄,C:\Users\yuyao\Desktop\fromm抓取\fromm_dump\02\window_0085.xml,雖然我有點害羞，但對 DERBY 來說也可能會是以前不知道的珍貴影片ㅋㅋ 因為沒問哥哥們就上傳了，我不知道喔😏 캬
,AM 7:15,선우,아니 사녹오는 더비,C:\Users\yuyao\Desktop\fromm抓取\fromm_dump\02\window_0086.xml,不是，來預錄的 DERBY
,AM 7:15,선우,비 맞지마,C:\Users\yuyao\Desktop\fromm抓取\fromm_dump\02\window_0086.xml,不要淋雨
,AM 7:15,선우,우산 사,C:\Users\yuyao\Desktop\fromm抓取\fromm_dump\02\window_0086.xml,去買傘
,AM 7:16,선우,더비가 더비 걱정한다,C:\Users\yuyao\Desktop\fromm抓取\fromm_dump\02\window_0086.xml,DERBY 在擔心 DERBY
,AM 7:16,선우,더비가 더비 춥겠대 ㅠ,C:\Users\yuyao\Desktop\fromm抓取\fromm_dump\02\window_0086.xml,DERBY 說 DERBY 會冷ㅠ
,AM 7:16,선우,이쁘다 걱정해주는 거 ㅋ,C:\Users\yuyao\Desktop\fromm抓取\fromm_dump\02\window_0087.xml,會擔心這點真漂亮ㅋ
,AM 7:31,선우,밥 먹는 중,C:\Users\yuyao\Desktop\fromm抓取\fromm_dump\02\window_0087.xml,正在吃飯
,AM 7:45,선우,이게 뭐게,C:\Users\yuyao\Desktop\fromm抓取\fromm_dump\02\window_0088.xml,猜猜這是什麼
,AM 7:45,선우,삼겹살이야,C:\Users\yuyao\Desktop\fromm抓取\fromm_dump\02\window_0088.xml,是五花肉
,AM 7:45,선우,야채곱창 아니야,C:\Users\yuyao\Desktop\fromm抓取\fromm_dump\02\window_0088.xml,不是蔬菜肥腸
,AM 7:46,선우,옆에서 헤어 받는데 멤버들,C:\Users\yuyao\Desktop\fromm抓取\fromm_dump\02\window_0088.xml,旁邊成員在弄頭髮
,AM 7:46,선우,스프레이 뿌린 거 날라와서,C:\Users\yuyao\Desktop\fromm抓取\fromm_dump\02\window_0089.xml,噴的髮膠飄過來
,AM 7:46,선우,스프레이 삼겹임,C:\Users\yuyao\Desktop\fromm抓取\fromm_dump\02\window_0089.xml,變成髮膠五花肉了
,AM 7:46,선우,먹는데 철봉 맛남,C:\Users\yuyao\Desktop\fromm抓取\fromm_dump\02\window_0089.xml,吃起來有鐵棒味
,AM 7:48,선우,근데 진짜 그 냄비 같은 곳에서 나오는 철분으로도 철분 섭취가 된다는 거 듣고 넘 신기했음,C:\Users\yuyao\Desktop\fromm抓取\fromm_dump\02\window_0089.xml,不過我之前聽說真的可以從鍋子之類的地方釋出的鐵分攝取到鐵，覺得超神奇
,AM 7:48,선우,진짜임,C:\Users\yuyao\Desktop\fromm抓取\fromm_dump\02\window_0090.xml,是真的
,AM 7:48,선우,어느 지식 알려주는 유튜버가 그랬음,C:\Users\yuyao\Desktop\fromm抓取\fromm_dump\02\window_0090.xml,某個分享知識的 YouTuber 這樣說的
,AM 7:49,선우,그 뭐야 다른 나라인데 음식 만들고 뭐로 휘젓는 전통인가 뭐 그런 게 있는데 그 이유가,C:\Users\yuyao\Desktop\fromm抓取\fromm_dump\02\window_0090.xml,那個什麼，在別的國家，有種煮飯時會用某個東西攪拌的傳統還是什麼的，那理由是
,AM 7:49,선우,뭐 있었는데 사실 기억 편집돼서 잘 모르겠음,C:\Users\yuyao\Desktop\fromm抓取\fromm_dump\02\window_0090.xml,好像有什麼，但其實我記憶被剪輯過了，不太清楚
,AM 7:50,선우,ㅇㅇㅇㅇ 뭐 쇠구슬 같은 거,C:\Users\yuyao\Desktop\fromm抓取\fromm_dump\02\window_0091.xml,對對對，好像是鐵球之類的東西
,AM 7:50,선우,넣고,C:\Users\yuyao\Desktop\fromm抓取\fromm_dump\02\window_0091.xml,放進去
,AM 7:50,선우,아 아아아아아ㅏ,C:\Users\yuyao\Desktop\fromm抓取\fromm_dump\02\window_0091.xml,啊啊啊啊啊啊
,AM 7:50,선우,철로 만들어진,C:\Users\yuyao\Desktop\fromm抓取\fromm_dump\02\window_0091.xml,用鐵做的
,AM 7:50,선우,불어,C:\Users\yuyao\Desktop\fromm抓取\fromm_dump\02\window_0091.xml,法文
,AM 7:51,선우,불어 이러네,C:\Users\yuyao\Desktop\fromm抓取\fromm_dump\02\window_0092.xml,還法文咧
,AM 7:51,선우,붕어,C:\Users\yuyao\Desktop\fromm抓取\fromm_dump\02\window_0092.xml,鯽魚
,AM 7:51,선우,철붕어빵,C:\Users\yuyao\Desktop\fromm抓取\fromm_dump\02\window_0092.xml,鐵鯽魚燒
,AM 7:51,선우,넣고 끓임,C:\Users\yuyao\Desktop\fromm抓取\fromm_dump\02\window_0092.xml,放進去煮
,AM 7:51,선우,근데 거기서 유튜버가 우리도 미세하게 냄비 같은 곳에서 나오는 철분으로 철분 섭취한다고 그래씀,C:\Users\yuyao\Desktop\fromm抓取\fromm_dump\02\window_0092.xml,不過那個 YouTuber 說，我們也會從鍋子之類的地方微量攝取到鐵分
,AM 7:52,선우,근데 다 내 오래전 기억이라 신뢰하지마셈,C:\Users\yuyao\Desktop\fromm抓取\fromm_dump\02\window_0093.xml,但這都是我很久以前的記憶，別相信我
,AM 7:52,선우,뭘 이미 안 하고 있어,C:\Users\yuyao\Desktop\fromm抓取\fromm_dump\02\window_0093.xml,什麼叫已經沒在相信了
,AM 7:52,선우,잘했어,C:\Users\yuyao\Desktop\fromm抓取\fromm_dump\02\window_0093.xml,做得好
,AM 7:53,선우,오늘부터,C:\Users\yuyao\Desktop\fromm抓取\fromm_dump\02\window_0093.xml,從今天開始
,AM 7:53,선우,냄비 씹어먹기 시작,C:\Users\yuyao\Desktop\fromm抓取\fromm_dump\02\window_0094.xml,開始啃鍋子
,AM 7:54,선우,아이언맨 수트를 가질 수 없다면 내가 아이언맨이 되겠어,C:\Users\yuyao\Desktop\fromm抓取\fromm_dump\02\window_0094.xml,如果我沒辦法擁有鋼鐵人戰衣，那我就成為鋼鐵人
,AM 7:54,선우,하지만 난 앤트맨이지,C:\Users\yuyao\Desktop\fromm抓取\fromm_dump\02\window_0094.xml,但我是蟻人吧
,AM 7:54,선우,개미만한 남자가 아니라,C:\Users\yuyao\Desktop\fromm抓取\fromm_dump\02\window_0094.xml,不是螞蟻一樣小的男人
,AM 7:55,선우,개미남이다,C:\Users\yuyao\Desktop\fromm抓取\fromm_dump\02\window_0094.xml,是螞蟻男
,AM 7:55,선우,난 개미남 영훈이 형은 개미 남,C:\Users\yuyao\Desktop\fromm抓取\fromm_dump\02\window_0095.xml,我是螞蟻男，泳勳哥是螞蟻男
,AM 7:55,선우,어렸을 때 개미랑 많이 놀아서,C:\Users\yuyao\Desktop\fromm抓取\fromm_dump\02\window_0095.xml,因為小時候很常跟螞蟻玩
,AM 7:56,선우,난 개미가 세상에서 젤 무서웠음,C:\Users\yuyao\Desktop\fromm抓取\fromm_dump\02\window_0095.xml,我以前最怕的就是螞蟻
,AM 7:56,선우,막 길 한복판에서 줄지어서 이동하는 거 보면,C:\Users\yuyao\Desktop\fromm抓取\fromm_dump\02\window_0095.xml,如果看到牠們在路中間排成一列移動
,AM 7:56,선우,저러다가 밟히면 어쩔라고,C:\Users\yuyao\Desktop\fromm抓取\fromm_dump\02\window_0096.xml,就會擔心牠們這樣萬一被踩到怎麼辦
,AM 7:56,선우,하면서 걱정되고,C:\Users\yuyao\Desktop\fromm抓取\fromm_dump\02\window_0096.xml,又擔心
,AM 7:56,선우,무섭고,C:\Users\yuyao\Desktop\fromm抓取\fromm_dump\02\window_0096.xml,又害怕
,AM 7:56,선우,징그럽고,C:\Users\yuyao\Desktop\fromm抓取\fromm_dump\02\window_0096.xml,又覺得噁心
,AM 7:57,선우,어쩌다가 내 신발에 올라오기라도 하면,C:\Users\yuyao\Desktop\fromm抓取\fromm_dump\02\window_0096.xml,萬一不小心爬到我的鞋子上
,AM 7:57,선우,그날은,C:\Users\yuyao\Desktop\fromm抓取\fromm_dump\02\window_0097.xml,那天就
,AM 7:57,선우,으아아아아아어어구ㅜㄱ거거ㅓ겱,C:\Users\yuyao\Desktop\fromm抓取\fromm_dump\02\window_0097.xml,呃啊啊啊啊啊呃呃咕咕呃呃
,AM 7:57,선우,가끔씩 놀이터에서 정신빼고 놀다보면,C:\Users\yuyao\Desktop\fromm抓取\fromm_dump\02\window_0097.xml,偶爾在遊樂場玩到放空時
,AM 7:57,선우,팔이나 몸에 기어올라와있는 거,C:\Users\yuyao\Desktop\fromm抓取\fromm_dump\02\window_0097.xml,看到牠爬到手臂或身上
,AM 7:57,선우,보는 순간은 기절임,C:\Users\yuyao\Desktop\fromm抓取\fromm_dump\02\window_0098.xml,看到的瞬間就是昏倒
,AM 7:58,선우,더비 몸에 개미 올라와서 잡아달라고 하면 어떡할 거냐고 물어보는데,C:\Users\yuyao\Desktop\fromm抓取\fromm_dump\02\window_0098.xml,你問如果 DERBY 身上有螞蟻，叫我幫忙抓怎麼辦
,AM 7:59,선우,난 그럼 널 잡아들고 털어버려서 개미를 떼어줄 거임,C:\Users\yuyao\Desktop\fromm抓取\fromm_dump\02\window_0098.xml,那我會把你抓起來抖一抖，把螞蟻抖掉
,AM 7:59,선우,내가 개미를 만지는 일은 없음,C:\Users\yuyao\Desktop\fromm抓取\fromm_dump\02\window_0098.xml,我是不可能碰螞蟻的
,AM 7:59,선우,너를 털겠다. 차라리,C:\Users\yuyao\Desktop\fromm抓取\fromm_dump\02\window_0099.xml,我寧願抖你。
,AM 8:00,선우,아니면 어딨는지 알려줄게 네비게이션 처럼,C:\Users\yuyao\Desktop\fromm抓取\fromm_dump\02\window_0099.xml,不然我會像導航一樣告訴你牠在哪裡
,AM 8:00,선우,목 옆에 올라가는 중입니다,C:\Users\yuyao\Desktop\fromm抓取\fromm_dump\02\window_0099.xml,正在往脖子旁邊爬
,AM 8:00,선우,지금 귀 쪽까지 직진해ㅛ습니다,C:\Users\yuyao\Desktop\fromm抓取\fromm_dump\02\window_0099.xml,現在已經直走到耳朵那邊了
,AM 8:00,선우,어머,C:\Users\yuyao\Desktop\fromm抓取\fromm_dump\02\window_0100.xml,哎呀
,AM 8:01,선우,귀 ..속에,C:\Users\yuyao\Desktop\fromm抓取\fromm_dump\02\window_0100.xml,耳朵……裡面
,AM 8:01,선우,캔디,C:\Users\yuyao\Desktop\fromm抓取\fromm_dump\02\window_0100.xml,Candy
,AM 8:01,선우,꿈처럼 달콤했니,C:\Users\yuyao\Desktop\fromm抓取\fromm_dump\02\window_0100.xml,像夢一樣甜嗎
,AM 8:01,선우,내 귀에구나,C:\Users\yuyao\Desktop\fromm抓取\fromm_dump\02\window_0100.xml,原來是我的耳邊啊
,AM 8:01,선우,나도 알아,C:\Users\yuyao\Desktop\fromm抓取\fromm_dump\02\window_0101.xml,我也知道
,AM 8:02,선우,바지 갈아입어야하는데,C:\Users\yuyao\Desktop\fromm抓取\fromm_dump\02\window_0101.xml,我得去換褲子了
,AM 8:02,선우,불편해서 위에만 입고 있음 인어공주처럼,C:\Users\yuyao\Desktop\fromm抓取\fromm_dump\02\window_0101.xml,因為不舒服，所以只穿上面，像小美人魚一樣
,AM 8:03,선우,아니 바지는 사복,C:\Users\yuyao\Desktop\fromm抓取\fromm_dump\02\window_0101.xml,不是，褲子是私服
,AM 8:03,선우,말이 이상하네,C:\Users\yuyao\Desktop\fromm抓取\fromm_dump\02\window_0101.xml,話講得好怪
,AM 8:03,선우,너 왜그래?,C:\Users\yuyao\Desktop\fromm抓取\fromm_dump\02\window_0102.xml,你怎麼了？
,AM 8:03,선우,ㅋㅋㅋㅋㅋㅋㅋㅋㅋㅋㅋ,C:\Users\yuyao\Desktop\fromm抓取\fromm_dump\02\window_0102.xml,ㅋㅋㅋㅋㅋㅋㅋㅋㅋㅋㅋ
,AM 8:03,선우,곰돌이 푸 skrr,C:\Users\yuyao\Desktop\fromm抓取\fromm_dump\02\window_0102.xml,小熊維尼 skrr
,AM 8:04,선우,밤샌 거 어케 앎,C:\Users\yuyao\Desktop\fromm抓取\fromm_dump\02\window_0102.xml,你怎麼知道我熬夜了
,AM 8:04,선우,어떤 더비가 맞춤,C:\Users\yuyao\Desktop\fromm抓取\fromm_dump\02\window_0102.xml,有個 DERBY 猜中了
,AM 8:04,선우,어제 대왕 잠을 자버려서,C:\Users\yuyao\Desktop\fromm抓取\fromm_dump\02\window_0103.xml,因為昨天睡了一大覺
,AM 8:05,선우,새벽내내🙄 이러고 있다가,C:\Users\yuyao\Desktop\fromm抓取\fromm_dump\02\window_0103.xml,整個凌晨都🙄這樣待著
,AM 8:05,선우,픽업당함,C:\Users\yuyao\Desktop\fromm抓取\fromm_dump\02\window_0103.xml,然後就被接走了
,AM 8:05,선우,딱 사녹까지 할 수 있는 상태,C:\Users\yuyao\Desktop\fromm抓取\fromm_dump\02\window_0103.xml,是剛好可以撐到預錄的狀態
,AM 8:06,선우,사녹하면 방전,C:\Users\yuyao\Desktop\fromm抓取\fromm_dump\02\window_0103.xml,預錄完就沒電
,AM 8:06,선우,사녹 마치고 기절했다가 본방하고 팬싸하고 가서 또 기절하면 되겠당,C:\Users\yuyao\Desktop\fromm抓取\fromm_dump\02\window_0104.xml,預錄結束後昏倒一下，再本放、簽售，回去再昏倒就行了
,AM 8:07,선우,오늘 하루 타임라인 정리 끝,C:\Users\yuyao\Desktop\fromm抓取\fromm_dump\02\window_0104.xml,今天一天時間線整理完畢
,AM 8:07,선우,롹앤롤ㄹ은 살짝 나른해야하긴 해서,C:\Users\yuyao\Desktop\fromm抓取\fromm_dump\02\window_0104.xml,Rock and Roll 稍微要有點慵懶感
,AM 8:07,선우,감정이입 잘될 듯,C:\Users\yuyao\Desktop\fromm抓取\fromm_dump\02\window_0104.xml,應該會很容易投入情緒
,AM 8:09,선우,근데 비와서,C:\Users\yuyao\Desktop\fromm抓取\fromm_dump\02\window_0105.xml,可是下雨的話
,AM 8:09,선우,벚꽃 다 떨어지면,C:\Users\yuyao\Desktop\fromm抓取\fromm_dump\02\window_0105.xml,櫻花都掉光的話
,AM 8:09,선우,오또케오또케,C:\Users\yuyao\Desktop\fromm抓取\fromm_dump\02\window_0105.xml,怎麼辦怎麼辦
,AM 8:10,선우,더비는 거울이라도 보면 되지 ㅠㅠ,C:\Users\yuyao\Desktop\fromm抓取\fromm_dump\02\window_0105.xml,DERBY 至少還可以照鏡子嘛ㅠㅠ
,AM 8:10,선우,나는 ㅠㅠㅠ,C:\Users\yuyao\Desktop\fromm抓取\fromm_dump\02\window_0105.xml,我呢ㅠㅠㅠ
,AM 8:11,선우,ㅋㅋ,C:\Users\yuyao\Desktop\fromm抓取\fromm_dump\02\window_0106.xml,ㅋㅋ
,AM 8:11,선우,곰돌이 푸 탈출하고 온다,C:\Users\yuyao\Desktop\fromm抓取\fromm_dump\02\window_0106.xml,我要逃離小熊維尼了
,AM 8:13,선우,탈출,C:\Users\yuyao\Desktop\fromm抓取\fromm_dump\02\window_0106.xml,逃脫
,AM 8:13,선우,앤트맨컴백 ㅋㅋ,C:\Users\yuyao\Desktop\fromm抓取\fromm_dump\02\window_0106.xml,蟻人回歸ㅋㅋ
,AM 8:15,선우,아 소화안돼,C:\Users\yuyao\Desktop\fromm抓取\fromm_dump\02\window_0106.xml,啊 消化不良
,AM 8:16,선우,밤새고 밥 먹으면,C:\Users\yuyao\Desktop\fromm抓取\fromm_dump\02\window_0107.xml,熬夜後吃飯的話
,AM 8:16,선우,장기들이 정신 안 차림,C:\Users\yuyao\Desktop\fromm抓取\fromm_dump\02\window_0107.xml,內臟們都還沒清醒
,AM 8:16,선우,춤추면 위 움직여서 소화될 거야,C:\Users\yuyao\Desktop\fromm抓取\fromm_dump\02\window_0107.xml,跳舞的話胃會動，應該就會消化了
,AM 8:16,선우,나으 유일한 소화제,C:\Users\yuyao\Desktop\fromm抓取\fromm_dump\02\window_0107.xml,我唯一的消化藥
,AM 8:16,선우,무대,C:\Users\yuyao\Desktop\fromm抓取\fromm_dump\02\window_0107.xml,舞台
,AM 8:18,선우,서뉴는 인간소화제,C:\Users\yuyao\Desktop\fromm抓取\fromm_dump\02\window_0108.xml,善旴是人體消化藥
,AM 8:18,선우,뭐든 다 소화하니까,C:\Users\yuyao\Desktop\fromm抓取\fromm_dump\02\window_0108.xml,因為什麼都能消化
,AM 8:19,선우,뇌도 덜 깼다,C:\Users\yuyao\Desktop\fromm抓取\fromm_dump\02\window_0108.xml,腦袋也還沒醒
,AM 8:19,선우,주말에 당신은 왜 일찍 일어나셨나요,C:\Users\yuyao\Desktop\fromm抓取\fromm_dump\02\window_0108.xml,週末的你為什麼這麼早起呢
,AM 8:20,선우,내 프롬소리 깼다면,C:\Users\yuyao\Desktop\fromm抓取\fromm_dump\02\window_0108.xml,如果是被我的 Fromm 提示音吵醒的話
,AM 8:20,선우,미안하오,C:\Users\yuyao\Desktop\fromm抓取\fromm_dump\02\window_0109.xml,不好意思喔
,AM 8:20,선우,일어나시랑께,C:\Users\yuyao\Desktop\fromm抓取\fromm_dump\02\window_0109.xml,起床吧～
,AM 8:21,선우,주말에 일하는 당신,C:\Users\yuyao\Desktop\fromm抓取\fromm_dump\02\window_0109.xml,週末還工作的你
,AM 8:21,선우,멋져요,C:\Users\yuyao\Desktop\fromm抓取\fromm_dump\02\window_0109.xml,很帥喔
,AM 8:21,선우,주말에 쉬는 당신,C:\Users\yuyao\Desktop\fromm抓取\fromm_dump\02\window_0110.xml,週末休息的你
,AM 8:21,선우,주말에 공부하는 당신,C:\Users\yuyao\Desktop\fromm抓取\fromm_dump\02\window_0110.xml,週末讀書的你
,AM 8:21,선우,숙취로 죽는 당신,C:\Users\yuyao\Desktop\fromm抓取\fromm_dump\02\window_0110.xml,宿醉到快死的你
,AM 8:22,선우,해외더비도,C:\Users\yuyao\Desktop\fromm抓取\fromm_dump\02\window_0111.xml,海外 DERBY 也
,AM 8:22,선우,멋져요,C:\Users\yuyao\Desktop\fromm抓取\fromm_dump\02\window_0111.xml,很帥喔
,AM 8:23,선우,잠시만,C:\Users\yuyao\Desktop\fromm抓取\fromm_dump\02\window_0111.xml,等一下
,AM 8:23,선우,와,C:\Users\yuyao\Desktop\fromm抓取\fromm_dump\02\window_0111.xml,哇
,AM 8:23,선우,비상,C:\Users\yuyao\Desktop\fromm抓取\fromm_dump\02\window_0112.xml,緊急狀況
,AM 8:23,선우,이름 부르는 거 잠시만,C:\Users\yuyao\Desktop\fromm抓取\fromm_dump\02\window_0112.xml,等一下，叫名字這件事
,AM 8:24,선우,ʕ•ﻌ•ʔฅ,C:\Users\yuyao\Desktop\fromm抓取\fromm_dump\02\window_0112.xml,ʕ•ﻌ•ʔฅ
,AM 8:24,선우,오,C:\Users\yuyao\Desktop\fromm抓取\fromm_dump\02\window_0112.xml,喔
,AM 8:24,선우,사실 갯수 틀렸는데 그거 아니라고 프롬이 말해줬어,C:\Users\yuyao\Desktop\fromm抓取\fromm_dump\02\window_0112.xml,其實數量錯了，是 Fromm 跟我說不是那樣的
,AM 8:24,선우,생각해보니 이름을 많이 안 불러줬네,C:\Users\yuyao\Desktop\fromm抓取\fromm_dump\02\window_0113.xml,想想我好像沒有常叫你的名字欸
,AM 8:25,선우,ʕ•ﻌ•ʔฅ,C:\Users\yuyao\Desktop\fromm抓取\fromm_dump\02\window_0114.xml,ʕ•ﻌ•ʔฅ
,AM 8:25,선우,사랑한다,C:\Users\yuyao\Desktop\fromm抓取\fromm_dump\02\window_0114.xml,我愛你
,AM 8:25,선우,꺆,C:\Users\yuyao\Desktop\fromm抓取\fromm_dump\02\window_0115.xml,呀啊
,AM 8:25,선우,멋져요,C:\Users\yuyao\Desktop\fromm抓取\fromm_dump\02\window_0115.xml,好帥喔
,AM 8:25,선우,[media/no text],C:\Users\yuyao\Desktop\fromm抓取\fromm_dump\02\window_0115.xml,
,AM 8:26,선우,양치하고 온다 멋진 어른답게,C:\Users\yuyao\Desktop\fromm抓取\fromm_dump\02\window_0115.xml,我去刷牙一下，像個帥氣的大人一樣
,AM 8:27,선우,웬일이야 는 ㅋㅋㅋㅋ,C:\Users\yuyao\Desktop\fromm抓取\fromm_dump\02\window_0115.xml,『怎麼回事啊』這個ㅋㅋㅋㅋ
,AM 8:28,선우,내 치아가 작지만 건강해,C:\Users\yuyao\Desktop\fromm抓取\fromm_dump\02\window_0116.xml,我的牙齒雖然小，但很健康
,AM 8:28,선우,왜냐면 난 양치쟁이거든,C:\Users\yuyao\Desktop\fromm抓取\fromm_dump\02\window_0116.xml,因為我是刷牙狂魔啊
,AM 8:28,선우,너무 많이해서 작아져또,C:\Users\yuyao\Desktop\fromm抓取\fromm_dump\02\window_0116.xml,刷太多所以變小了
,AM 8:29,선우,어떤 더비가 자기 치아가 작아서 라미 하려고 했는데,C:\Users\yuyao\Desktop\fromm抓取\fromm_dump\02\window_0116.xml,有個 DERBY 說自己牙齒小，本來想做瓷牙貼片
,AM 8:29,선우,내 치아를 보고 용기를 얻어서 안 한대,C:\Users\yuyao\Desktop\fromm抓取\fromm_dump\02\window_0117.xml,結果看了我的牙齒之後得到勇氣，所以不做了
,AM 8:29,선우,애매한 감정이 들어,C:\Users\yuyao\Desktop\fromm抓取\fromm_dump\02\window_0117.xml,心情有點微妙
,AM 8:31,선우,양치 곧 다 함,C:\Users\yuyao\Desktop\fromm抓取\fromm_dump\02\window_0117.xml,快刷好了
,AM 8:32,선우,ㅇㅇ 한손 컨트롤,C:\Users\yuyao\Desktop\fromm抓取\fromm_dump\02\window_0117.xml,ㅇㅇ 單手操控
,AM 8:36,선우,헤메수정,C:\Users\yuyao\Desktop\fromm抓取\fromm_dump\02\window_0117.xml,補妝髮
,AM 8:37,선우,위버스는,C:\Users\yuyao\Desktop\fromm抓取\fromm_dump\02\window_0118.xml,Weverse 的話
,AM 8:37,선우,곧 시간될 때 하겠음,C:\Users\yuyao\Desktop\fromm抓取\fromm_dump\02\window_0118.xml,等有時間就會開
,AM 8:40,선우,잼얘 또 하긴 해야지,C:\Users\yuyao\Desktop\fromm抓取\fromm_dump\02\window_0118.xml,有趣故事也確實該再講了
,AM 8:41,선우,쿨타임 차긴 했어 ~,C:\Users\yuyao\Desktop\fromm抓取\fromm_dump\02\window_0118.xml,冷卻時間也差不多到了～
,AM 9:06,선우,오늘,C:\Users\yuyao\Desktop\fromm抓取\fromm_dump\02\window_0118.xml,今天
,AM 9:06,선우,직캠이랄 페캠 뜨면,C:\Users\yuyao\Desktop\fromm抓取\fromm_dump\02\window_0119.xml,如果直拍或個人直拍出來的話
,AM 9:06,선우,마니 보셈,C:\Users\yuyao\Desktop\fromm抓取\fromm_dump\02\window_0119.xml,多看一點喔
,AM 9:06,선우,멋있을 듯 ㅋㅋ,C:\Users\yuyao\Desktop\fromm抓取\fromm_dump\02\window_0119.xml,應該會很帥ㅋㅋ
,AM 9:06,선우,아니 거울 보면서 대충 춰보는데,C:\Users\yuyao\Desktop\fromm抓取\fromm_dump\02\window_0119.xml,不是，我照著鏡子大概跳了一下
,AM 9:07,선우,멋져서,C:\Users\yuyao\Desktop\fromm抓取\fromm_dump\02\window_0119.xml,因為很帥
,AM 9:07,선우,봐줘용 히히💕,C:\Users\yuyao\Desktop\fromm抓取\fromm_dump\02\window_0120.xml,要看喔 嘻嘻💕
,PM 6:50,선우,더비 ㅠㅠ 나 기다리고 보러왔을 텐데 마스크 쓰고 해서 넘 미안하구,C:\Users\yuyao\Desktop\fromm抓取\fromm_dump\02\window_0120.xml,DERBYㅠㅠ 你們應該等了我、也來看我了，但我戴著口罩真的很抱歉
,PM 6:50,선우,마스크 안에 오밀조밀 코 입 있다고 상상하고 봐죠...🫶🙏,C:\Users\yuyao\Desktop\fromm抓取\fromm_dump\02\window_0120.xml,請想像口罩裡面有小巧可愛的鼻子跟嘴巴在看我吧...🫶🙏
,PM 6:51,선우,다른 아티 분들께 피해갈까봐 쓰는 거라서 이해해줘 ㅠㅠ 미안해💕,C:\Users\yuyao\Desktop\fromm抓取\fromm_dump\02\window_0121.xml,我是怕影響到其他藝人才戴的，請理解我ㅠㅠ 對不起💕
,PM 6:52,선우,더비도 아픈 더비 있으면 빨리 나아 내가 더비꺼 가져왔으니까 알게찌,C:\Users\yuyao\Desktop\fromm抓取\fromm_dump\02\window_0121.xml,DERBY 如果也有生病的 DERBY，要快點好起來，我把 DERBY 的份也帶走了，知道吧
,PM 6:52,선우,이따보자 사랑해,C:\Users\yuyao\Desktop\fromm抓取\fromm_dump\02\window_0121.xml,等等見，我愛你
,PM 6:52,선우,✨💕✨,C:\Users\yuyao\Desktop\fromm抓取\fromm_dump\02\window_0121.xml,✨💕✨
,PM 7:44,선우,아 그리구 안무영상 나왔는데,C:\Users\yuyao\Desktop\fromm抓取\fromm_dump\02\window_0122.xml,啊，還有練舞影片出來了
,PM 7:44,선우,많이 바죠,C:\Users\yuyao\Desktop\fromm抓取\fromm_dump\02\window_0122.xml,要多看喔
,PM 7:44,선우,💕,C:\Users\yuyao\Desktop\fromm抓取\fromm_dump\02\window_0122.xml,💕
,AM 11:34,선우,더비~~~,C:\Users\yuyao\Desktop\fromm抓取\fromm_dump\02\window_0122.xml,DERBY~~~
,AM 11:34,선우,생일 너무 많이 축하해줘서 고마워 ㅎㅎㅎ,C:\Users\yuyao\Desktop\fromm抓取\fromm_dump\02\window_0123.xml,謝謝你們這麼多地祝我生日快樂ㅎㅎㅎ
,AM 11:35,선우,너무 예쁜 말들 많이 들어서 완전 말랑 말랑해 맘이~~~~,C:\Users\yuyao\Desktop\fromm抓取\fromm_dump\02\window_0123.xml,聽了好多漂亮的話，心整個變得軟綿綿的~~~~
,AM 11:36,선우,영상도 올라왔어!,C:\Users\yuyao\Desktop\fromm抓取\fromm_dump\02\window_0123.xml,影片也上傳了！
,AM 11:41,선우,혼자 할라했는데 어느 정도의 상대가 필요할 것 같아서 중학생 때부터 친한친구인 녀석한테 부탁해서 도움준 거라 질투 안해도돼 ㅎㅎ,C:\Users\yuyao\Desktop\fromm抓取\fromm_dump\02\window_0123.xml,本來想自己拍，但感覺需要某種程度上的對手，所以拜託了從國中就很熟的朋友幫忙，不用吃醋ㅎㅎ
,AM 11:44,선우,쨋든 그게 중요한 게 아니구 더비 생각만 하고 준비 했으니까 예뿌게 뵈조💕,C:\Users\yuyao\Desktop\fromm抓取\fromm_dump\02\window_0124.xml,總之那個不是重點，是只想著 DERBY 準備的，所以要漂亮地看喔💕
,PM 2:35,선우,더비 비 맞지마 ㅠ,C:\Users\yuyao\Desktop\fromm抓取\fromm_dump\02\window_0124.xml,DERBY 不要淋雨ㅠ
,PM 2:36,선우,더비 예쁜 마음 때무네 감동받아서,C:\Users\yuyao\Desktop\fromm抓取\fromm_dump\02\window_0124.xml,因為 DERBY 漂亮的心讓我太感動了
,PM 2:36,선우,내가 비 내렸어,C:\Users\yuyao\Desktop\fromm抓取\fromm_dump\02\window_0124.xml,所以我讓雨下下來了
,PM 2:37,선우,멈춰조?,C:\Users\yuyao\Desktop\fromm抓取\fromm_dump\02\window_0125.xml,要我停下來嗎？
,PM 2:37,선우,"미안 한 번 선택한 건 바꿀 수 없어,,",C:\Users\yuyao\Desktop\fromm抓取\fromm_dump\02\window_0125.xml,"抱歉，已經選了的東西不能更改,,"
,PM 2:38,선우,맞다 나 폰 바꿈,C:\Users\yuyao\Desktop\fromm抓取\fromm_dump\02\window_0125.xml,對了，我換手機了
,PM 2:38,선우,부서진 폰,C:\Users\yuyao\Desktop\fromm抓取\fromm_dump\02\window_0125.xml,壞掉的手機
,PM 2:38,선우,잘 가 ㅠ,C:\Users\yuyao\Desktop\fromm抓取\fromm_dump\02\window_0125.xml,再見了ㅠ
,PM 2:38,선우,감전 폰 드뎌 바꿈,C:\Users\yuyao\Desktop\fromm抓取\fromm_dump\02\window_0126.xml,終於把觸電手機換掉了
,PM 2:38,선우,즐거웠다,C:\Users\yuyao\Desktop\fromm抓取\fromm_dump\02\window_0126.xml,很開心
,PM 2:38,선우,고마웠다,C:\Users\yuyao\Desktop\fromm抓取\fromm_dump\02\window_0126.xml,謝謝你
,PM 2:38,선우,"고장나지
않아줘서",C:\Users\yuyao\Desktop\fromm抓取\fromm_dump\02\window_0126.xml,謝謝你沒有壞掉
,PM 2:38,선우,고마워,C:\Users\yuyao\Desktop\fromm抓取\fromm_dump\02\window_0126.xml,謝謝
,PM 2:40,선우,뭘로 바꿨겡,C:\Users\yuyao\Desktop\fromm抓取\fromm_dump\02\window_0127.xml,猜猜我換成什麼
,PM 2:40,선우,맞춘 사람,C:\Users\yuyao\Desktop\fromm抓取\fromm_dump\02\window_0127.xml,猜對的人
,PM 2:40,선우,뽀ㅃ,C:\Users\yuyao\Desktop\fromm抓取\fromm_dump\02\window_0127.xml,啵ㅃ
,PM 2:40,선우,뽀삐,C:\Users\yuyao\Desktop\fromm抓取\fromm_dump\02\window_0127.xml,波比
,PM 2:40,선우,16프로 정답,C:\Users\yuyao\Desktop\fromm抓取\fromm_dump\02\window_0127.xml,iPhone 16 Pro 答對
,PM 2:40,선우,뽀삐 당첨,C:\Users\yuyao\Desktop\fromm抓取\fromm_dump\02\window_0128.xml,波比中選
,PM 2:40,선우,넌 뽀삐야 이제,C:\Users\yuyao\Desktop\fromm抓取\fromm_dump\02\window_0128.xml,你現在就是波比了
,PM 2:41,선우,케이스 끼고 있어,C:\Users\yuyao\Desktop\fromm抓取\fromm_dump\02\window_0128.xml,我有裝手機殼
,PM 2:41,선우,",,",C:\Users\yuyao\Desktop\fromm抓取\fromm_dump\02\window_0128.xml,",,"
,PM 2:41,선우,"몇달 동안은 케이스 껴야제,,",C:\Users\yuyao\Desktop\fromm抓取\fromm_dump\02\window_0128.xml,"這幾個月還是得裝手機殼啊,,"
,PM 2:41,선우,투명 케이스지,C:\Users\yuyao\Desktop\fromm抓取\fromm_dump\02\window_0129.xml,當然是透明殼
,PM 2:41,선우,나중에 폰 산 겸,C:\Users\yuyao\Desktop\fromm抓取\fromm_dump\02\window_0129.xml,之後既然買了手機
,PM 2:41,선우,케이스 맞춰야징~,C:\Users\yuyao\Desktop\fromm抓取\fromm_dump\02\window_0129.xml,也要配手機殼才行～
,PM 2:41,선우,💕,C:\Users\yuyao\Desktop\fromm抓取\fromm_dump\02\window_0129.xml,💕
,PM 2:42,선우,난 근데 무거워지는 게 싫어서,C:\Users\yuyao\Desktop\fromm抓取\fromm_dump\02\window_0129.xml,不過我不喜歡變重
,PM 2:42,선우,가벼운 케이스 낄고얌,C:\Users\yuyao\Desktop\fromm抓取\fromm_dump\02\window_0130.xml,所以會用輕一點的手機殼
,PM 2:42,선우,너 진짜 가벼운데 너 끼고 다니라고?,C:\Users\yuyao\Desktop\fromm抓取\fromm_dump\02\window_0130.xml,你真的很輕，叫我帶著你到處走？
,PM 2:42,선우,이런 신박한 플러팅은 처음 보네,C:\Users\yuyao\Desktop\fromm抓取\fromm_dump\02\window_0130.xml,這麼新穎的撩人方式我還是第一次看到
,PM 2:43,선우,이제 4월부터는 작업의 달이다,C:\Users\yuyao\Desktop\fromm抓取\fromm_dump\02\window_0130.xml,從 4 月開始就是作業之月了
,PM 2:47,선우,"작업 거는 거 말고 노래.,,,^.^",C:\Users\yuyao\Desktop\fromm抓取\fromm_dump\02\window_0131.xml,"不是搭訕的那種作業，是寫歌.,,,^.^"
,PM 2:47,선우,배드 써준 작가형이랑 송캠프 잡혀 있또,C:\Users\yuyao\Desktop\fromm抓取\fromm_dump\02\window_0131.xml,跟幫我寫 Bad 的作家哥哥約了 Song Camp
,PM 2:47,선우,가서 기깔난 거 만들고 와야게써,C:\Users\yuyao\Desktop\fromm抓取\fromm_dump\02\window_0131.xml,要去做出超厲害的東西回來
,PM 2:48,선우,송캠이 뭐냐면,C:\Users\yuyao\Desktop\fromm抓取\fromm_dump\02\window_0131.xml,Song Camp 是什麼呢
,PM 2:48,선우,작가랑 비트메이커들 모여서,C:\Users\yuyao\Desktop\fromm抓取\fromm_dump\02\window_0132.xml,就是作家跟 beat maker 聚在一起
,PM 2:48,선우,작업실에서,C:\Users\yuyao\Desktop\fromm抓取\fromm_dump\02\window_0132.xml,在工作室裡
,PM 2:48,선우,비트 찍고 바로 마이크로 녹음해가면서,C:\Users\yuyao\Desktop\fromm抓取\fromm_dump\02\window_0132.xml,做 beat，然後馬上邊用麥克風錄音
,PM 2:48,선우,곡 만드는 거야!,C:\Users\yuyao\Desktop\fromm抓取\fromm_dump\02\window_0132.xml,邊做歌！
,PM 2:48,선우,옆에서 응원해줄 더비도 몇명 모집할게,C:\Users\yuyao\Desktop\fromm抓取\fromm_dump\02\window_0132.xml,我也會招募幾個在旁邊幫我加油的 DERBY
,PM 2:49,선우,춤잘추거나 프리스타일 랩 잘하는 더비 구함,C:\Users\yuyao\Desktop\fromm抓取\fromm_dump\02\window_0133.xml,徵跳舞很會跳或 Freestyle Rap 很強的 DERBY
,PM 2:49,선우,소맥을 잘 말아줄 수 있다는 뭐임,C:\Users\yuyao\Desktop\fromm抓取\fromm_dump\02\window_0133.xml,『很會調燒啤』是什麼啦
,PM 2:50,선우,"전혀 관계 없잖아,,",C:\Users\yuyao\Desktop\fromm抓取\fromm_dump\02\window_0133.xml,"完全沒關係吧,,"
,PM 2:51,선우,노래방 안 간지 이만년,C:\Users\yuyao\Desktop\fromm抓取\fromm_dump\02\window_0133.xml,兩萬年沒去 KTV 了
,PM 2:51,선우,노래방 가고 싶다,C:\Users\yuyao\Desktop\fromm抓取\fromm_dump\02\window_0134.xml,想去 KTV
,PM 2:52,선우,더비랑 노래방 가는 컨텐츠도 해보고 싶고 같이 배그하는 컨텐츠도 해보고 싶고,C:\Users\yuyao\Desktop\fromm抓取\fromm_dump\02\window_0134.xml,也想做跟 DERBY 去 KTV 的企劃，也想做一起玩 PUBG 的企劃
,PM 2:52,선우,요리 잘하는 더비네 집 들러서 밥 얻어먹고 가는 컨텐츠도 해보고 싶다,C:\Users\yuyao\Desktop\fromm抓取\fromm_dump\02\window_0134.xml,也想做去會煮飯的 DERBY 家蹭飯吃的企劃
,PM 2:52,선우,ㅋㅋㅋㅋㅋㅋㅋ,C:\Users\yuyao\Desktop\fromm抓取\fromm_dump\02\window_0134.xml,ㅋㅋㅋㅋㅋㅋㅋ
,PM 2:52,선우,덥끼줍쇼,C:\Users\yuyao\Desktop\fromm抓取\fromm_dump\02\window_0135.xml,得飯秀
,PM 2:53,선우,덕질 존 감상도 좋다,C:\Users\yuyao\Desktop\fromm抓取\fromm_dump\02\window_0135.xml,追星 Zone 體驗也不錯
,PM 2:53,선우,개인유튜브 생기면 그런 걸로 해보겠음,C:\Users\yuyao\Desktop\fromm抓取\fromm_dump\02\window_0135.xml,如果有個人 YouTube 的話，就用那些來做看看
,PM 2:53,선우,더비의 일상 함께해보기,C:\Users\yuyao\Desktop\fromm抓取\fromm_dump\02\window_0135.xml,一起體驗 DERBY 的日常
,PM 2:53,선우,학교가면 학교도 같이 가고 일하는 현장 같이 가보고,C:\Users\yuyao\Desktop\fromm抓取\fromm_dump\02\window_0135.xml,去學校的話就一起去學校，也去工作的現場看看
,PM 2:53,선우,더비 현생 체험,C:\Users\yuyao\Desktop\fromm抓取\fromm_dump\02\window_0136.xml,DERBY 現生體驗
,PM 2:54,선우,팬들이 어떤 일상을 보내면서 좋아해주는지,C:\Users\yuyao\Desktop\fromm抓取\fromm_dump\02\window_0136.xml,粉絲們是過著什麼樣的日常一邊喜歡我的呢
,PM 2:54,선우,더 이해하게 되지 않을까,C:\Users\yuyao\Desktop\fromm抓取\fromm_dump\02\window_0136.xml,也許會更理解吧
,PM 2:54,선우,"어렵구나,,를 알게 될 것 같아",C:\Users\yuyao\Desktop\fromm抓取\fromm_dump\02\window_0136.xml,"應該會知道『原來很不容易啊,,』"
,PM 2:54,선우,ㅋㅋㅋㅋㅋㅋㅋㅋ,C:\Users\yuyao\Desktop\fromm抓取\fromm_dump\02\window_0136.xml,ㅋㅋㅋㅋㅋㅋㅋㅋ
,PM 2:55,선우,갠유튜브 나아아중에 생기면 추진해볼게,C:\Users\yuyao\Desktop\fromm抓取\fromm_dump\02\window_0137.xml,個人 YouTube 以後——很以後如果有的話，我會推進看看的
,PM 2:55,선우,생겨야 할 수 있겠지만,C:\Users\yuyao\Desktop\fromm抓取\fromm_dump\02\window_0137.xml,雖然要先有才能做
,PM 2:55,선우,이름 정해보자 재미로,C:\Users\yuyao\Desktop\fromm抓取\fromm_dump\02\window_0137.xml,先好玩地取個名字吧
,PM 2:55,선우,유튜브 채널 이름 받아요,C:\Users\yuyao\Desktop\fromm抓取\fromm_dump\02\window_0137.xml,徵 YouTube 頻道名
,PM 2:55,선우,구독자 이름도,C:\Users\yuyao\Desktop\fromm抓取\fromm_dump\02\window_0138.xml,訂閱者名稱也徵
,PM 2:55,선우,재미로 ㅋ,C:\Users\yuyao\Desktop\fromm抓取\fromm_dump\02\window_0138.xml,好玩而已ㅋ
,PM 2:56,선우,선우진행형은 너무 카피잖아,C:\Users\yuyao\Desktop\fromm抓取\fromm_dump\02\window_0138.xml,『善宇進行式』太像抄襲了吧
,PM 2:56,선우,누나구독하시랑께 이러네,C:\Users\yuyao\Desktop\fromm抓取\fromm_dump\02\window_0138.xml,還有人說『姐姐請訂閱啦』
,PM 2:56,선우,그게 채널명이면,C:\Users\yuyao\Desktop\fromm抓取\fromm_dump\02\window_0138.xml,如果那是頻道名的話
,PM 2:57,선우,구독자 240명 찍고 채널 사라짐,C:\Users\yuyao\Desktop\fromm抓取\fromm_dump\02\window_0139.xml,訂閱者到 240 人頻道就會消失
,PM 2:58,선우,누나구독한번해주시면안돼요저누나아니면안될것같아서그래요진짜,C:\Users\yuyao\Desktop\fromm抓取\fromm_dump\02\window_0139.xml,『姐姐可以幫我訂閱一下嗎我覺得沒有姐姐我不行真的』
,PM 2:58,선우,를 적은 사람은,C:\Users\yuyao\Desktop\fromm抓取\fromm_dump\02\window_0139.xml,寫這個的人
,PM 2:59,선우,리스펙할게,C:\Users\yuyao\Desktop\fromm抓取\fromm_dump\02\window_0139.xml,我 respect 你
,PM 2:59,선우,광기 때문에 남으라고도 안 할래,C:\Users\yuyao\Desktop\fromm抓取\fromm_dump\02\window_0140.xml,因為太瘋狂了，我連叫你留下都不會叫
,PM 2:59,선우,머선우일이고,C:\Users\yuyao\Desktop\fromm抓取\fromm_dump\02\window_0140.xml,這是什麼善宇事
,PM 2:59,선우,ㅋㅋㅋㅋㅋㅋㅋㅋㅋ,C:\Users\yuyao\Desktop\fromm抓取\fromm_dump\02\window_0140.xml,ㅋㅋㅋㅋㅋㅋㅋㅋㅋ
,PM 2:59,선우,신박,C:\Users\yuyao\Desktop\fromm抓取\fromm_dump\02\window_0140.xml,新鮮
,PM 3:00,선우,어서오서누,C:\Users\yuyao\Desktop\fromm抓取\fromm_dump\02\window_0140.xml,歡迎來善努
,PM 3:00,선우,선콩티비,C:\Users\yuyao\Desktop\fromm抓取\fromm_dump\02\window_0141.xml,善豆 TV
,PM 3:00,선우,귀욥네,C:\Users\yuyao\Desktop\fromm抓取\fromm_dump\02\window_0141.xml,滿可愛的
,PM 3:00,선우,이 누나 아직 구독의 맛을 모르는 게 분명해,C:\Users\yuyao\Desktop\fromm抓取\fromm_dump\02\window_0141.xml,這姐姐肯定還不知道訂閱的滋味
,PM 3:00,선우,ㅋㅋㅋㅋㅋㅋㅋㅋㅋㅋㅋㅋㅋㅋㅋㅋㅋㅋㅋㅋㅋㅋ,C:\Users\yuyao\Desktop\fromm抓取\fromm_dump\02\window_0141.xml,ㅋㅋㅋㅋㅋㅋㅋㅋㅋㅋㅋㅋㅋㅋㅋㅋㅋㅋㅋㅋㅋㅋ
,PM 3:00,선우,조롱 미쳤네,C:\Users\yuyao\Desktop\fromm抓取\fromm_dump\02\window_0141.xml,嘲諷太瘋了
,PM 3:02,선우,"채널명 선우
구독자명 용녀",C:\Users\yuyao\Desktop\fromm抓取\fromm_dump\02\window_0142.xml,"頻道名：善宇
訂閱者名：龍女"
,PM 3:03,선우,도 나왔습니다,C:\Users\yuyao\Desktop\fromm抓取\fromm_dump\02\window_0142.xml,也出現了
,,선우,누나가 구독해주면 더 낼수있지 세금 근로소득세 이자소득세 배달소득세 사업소득세 연금소득세 기타소득세 부가가치세 개별소비세 증여세 법인세 상속세 관세 지방소득세 법 인세 증권거래세 양도소득세 누진세 인지세 교육세 취득 세 등록면허세 주민세 자동차세 종합부동산세 인지세도 풀업풀업  구독자명 국세청,C:\Users\yuyao\Desktop\fromm抓取\fromm_dump\02\window_0142.xml,『姐姐訂閱的話我還能再繳更多稅，薪資所得稅、利息所得稅、外送所得稅、營業所得稅、年金所得稅、其他所得稅、加值稅、特別消費稅、贈與稅、法人稅、遺產稅、關稅、地方所得稅、法人稅、證券交易稅、讓渡所得稅、累進稅、印花稅、教育稅、取得稅、登記牌照稅、居民稅、汽車稅、綜合不動產稅，印花稅也 full up full up』 訂閱者名：國稅廳
,PM 3:04,선우,"채널명 선우
구독자면 앉은우",C:\Users\yuyao\Desktop\fromm抓取\fromm_dump\02\window_0143.xml,"頻道名：善宇
訂閱者名：坐著的宇"
,PM 3:04,선우,"김선우자꾸이러면나보고어떡하라고,어띃하라고,어떡콰라고,어뜨카라고,억떡하라고,우뜨카라고,모루카라고,오픈카라고,엉뜨켜라고,엉뚱하라고,오또카라고,어떡하라고,어띃하라고,어떡콰라고,어뜨카라고,억떡하라고,우뜨카라고,모루카라고,오픈카라고,엉뜨켜라고,엉뚱하라고,오또카라고",C:\Users\yuyao\Desktop\fromm抓取\fromm_dump\02\window_0143.xml,金善宇你一直這樣要我怎麼辦、怎摸辦、怎麼誇辦、怎麼卡辦、怎麼辦啦、嗚怎辦、摸嚕卡辦、敞篷車辦、欸怎辦、叫我荒唐辦、怎麼辦啦、怎摸辦、怎麼誇辦、怎麼卡辦、怎麼辦啦、嗚怎辦、摸嚕卡辦、敞篷車辦、欸怎辦、叫我荒唐辦、怎麼辦啦
,PM 3:04,선우,그 채널명 얘기 하는 거 알고 있는 거 맞지?,C:\Users\yuyao\Desktop\fromm抓取\fromm_dump\02\window_0144.xml,你知道我們是在講頻道名，對吧？
,PM 3:05,선우,혹시 모르고 있을까봐 다시 한 번 말할게,C:\Users\yuyao\Desktop\fromm抓取\fromm_dump\02\window_0144.xml,怕你不知道，我再說一次
,PM 3:05,선우,"채널명 선 우탕탕탕
구독자명 우르르쾅쾅",C:\Users\yuyao\Desktop\fromm抓取\fromm_dump\02\window_0144.xml,"頻道名：善 宇砰砰砰
訂閱者名：轟隆隆哐哐"
,PM 3:05,선우,그냥 입만 열어도 웃기네 이젠,C:\Users\yuyao\Desktop\fromm抓取\fromm_dump\02\window_0144.xml,現在真的是一開口就好笑了
,PM 3:05,선우,얼탱이 없ㅇ어 다,C:\Users\yuyao\Desktop\fromm抓取\fromm_dump\02\window_0145.xml,全部都太荒唐了
,PM 3:06,선우,"채널명 선우쨩~ 하이! 나니가 스키? 몰티져스! 요리모 구.독.자 💕

구독자명 민나 하이!! 나니가스키? 모치론 다이스키 김.선.우 💕",C:\Users\yuyao\Desktop\fromm抓取\fromm_dump\02\window_0145.xml,"頻道名：善宇醬～Hi！喜歡什麼？Maltesers！比那更喜歡・訂・閱・者💕

訂閱者名：大家 Hi！！喜歡什麼？當然是最喜歡金・善・宇💕"
,PM 3:08,선우,"신나게 놀구 시퍼용?🎤(먀옹)😺레쓰듀잇!😏김선우 펌피럽😋선우🥘펌피럽💨오케이👌선우 퍼피럽😎선우 펌피럽👅레쓰꼬우😻김선우 펌피럽🏋️‍♂️오우😚섬우 펌피럽🫶김냄선우 퍼피럽😳오우🥺옷👖이 찢길🦷것 같아😱Yo, man🫢🫢오우🤯헤이!😹뤼얼?👽Oh my god🤷‍♀️LOOK AT THIS👖✂️lt’s ,실제😮‍💨상황💦",C:\Users\yuyao\Desktop\fromm抓取\fromm_dump\02\window_0146.xml,"想開心玩嗎？🎤（喵）😺Let’s do it!😏金善宇 Pump it up😋善宇🥘Pump it up💨OK👌善宇 Puppy love😎善宇 Pump it up👅Let’s go😻金善宇 Pump it up🏋️‍♂️Oh😚善宇 Pump it up🫶金冷善宇 Puppy love😳Oh🥺衣服👖好像要裂開🦷了😱Yo, man🫢🫢Oh🤯Hey!😹Real?👽Oh my god🤷‍♀️LOOK AT THIS👖✂️It’s，真實😮‍💨情況💦"
,PM 3:08,선우,근데 나 궁금한 게 저런 건,C:\Users\yuyao\Desktop\fromm抓取\fromm_dump\02\window_0146.xml,可是我好奇的是，那種東西
,PM 3:08,선우,왜 가지고 있는 거야,C:\Users\yuyao\Desktop\fromm抓取\fromm_dump\02\window_0146.xml,你們為什麼會留著啊
,PM 3:08,선우,나약하고💦어리석은💨연민에🥺빠져버린듯🏊‍♀️유혹🥵유혹💋이즈댓쏘🎶폭풍🌀처럼휩쓸리고🌪빼앗고빼앗긴🥷내할트❤️‍🔥랫미고💃미스디미스디🕴미스디미너😈미스디미너😈미스디👤미스디👥️미스디미너👿우린🤼‍♂️충돌☄️직💣전⚠️이햐🕺💃,C:\Users\yuyao\Desktop\fromm抓取\fromm_dump\02\window_0147.xml,好像陷入了💦軟弱又💨愚蠢的🥺憐憫裡🏊‍♀️誘惑🥵誘惑💋Is that so🎶像暴風🌀一樣席捲🌪搶奪又被搶走的🥷我的 heart❤️‍🔥Let me go💃Miss D Miss D🕴Misdemeanor😈Misdemeanor😈Miss D👤Miss D👥️Misdemeanor👿我們🤼‍♂️衝突☄️直💣前⚠️咿哈🕺💃
,PM 3:08,선우,이해할 수 없어,C:\Users\yuyao\Desktop\fromm抓取\fromm_dump\02\window_0147.xml,無法理解
,PM 3:09,선우,이해할라고 하지마..?,C:\Users\yuyao\Desktop\fromm抓取\fromm_dump\02\window_0147.xml,不要試圖理解嗎..?
,PM 3:09,선우,"알겠어.. 그냥 받아들일게,,",C:\Users\yuyao\Desktop\fromm抓取\fromm_dump\02\window_0147.xml,"好吧.. 我會直接接受,,"
,PM 3:09,선우,응.. 느낄게..,C:\Users\yuyao\Desktop\fromm抓取\fromm_dump\02\window_0148.xml,嗯.. 我會感受的..
,PM 3:09,선우,나약하고 어리선우,C:\Users\yuyao\Desktop\fromm抓取\fromm_dump\02\window_0148.xml,軟弱又愚善宇
,PM 3:09,선우,아 짜증나 저거,C:\Users\yuyao\Desktop\fromm抓取\fromm_dump\02\window_0148.xml,啊煩死了那個
,PM 3:09,선우,개웃김,C:\Users\yuyao\Desktop\fromm抓取\fromm_dump\02\window_0148.xml,超好笑
,PM 3:10,선우,그냥 말이 뚝 끊기는 게 ㄹㅇ 짜증남,C:\Users\yuyao\Desktop\fromm抓取\fromm_dump\02\window_0149.xml,話突然斷掉真的很煩
,PM 3:11,선우,곧 선우 생일의 선우시,C:\Users\yuyao\Desktop\fromm抓取\fromm_dump\02\window_0149.xml,快到善宇生日的善宇時了
,PM 3:11,선우,"다 군만두고싶어요
다 군만두고
다 비겁해요
다 짜장하고
다 자격없어요",C:\Users\yuyao\Desktop\fromm抓取\fromm_dump\02\window_0149.xml,"全部都想吃煎餃
全部都煎餃
全部都卑鄙
全部都炸醬
全部都沒資格"
,PM 3:11,선우,이건 머야?,C:\Users\yuyao\Desktop\fromm抓取\fromm_dump\02\window_0149.xml,這是什麼啊？
,PM 3:11,선우,그냥 니가 먹고 싶은 거 말하지말라고,C:\Users\yuyao\Desktop\fromm抓取\fromm_dump\02\window_0150.xml,就說不要只是講你想吃的東西啦
,PM 3:12,선우,서누시🫶,C:\Users\yuyao\Desktop\fromm抓取\fromm_dump\02\window_0150.xml,善宇時🫶
,PM 3:12,선우,🌸🌸,C:\Users\yuyao\Desktop\fromm抓取\fromm_dump\02\window_0150.xml,🌸🌸
,PM 3:13,선우,유튜브는 보류하자,C:\Users\yuyao\Desktop\fromm抓取\fromm_dump\02\window_0150.xml,YouTube 先保留吧
,PM 3:13,선우,이건 텍스트로 할 게 아니라,C:\Users\yuyao\Desktop\fromm抓取\fromm_dump\02\window_0150.xml,這個不是用文字做的東西
,PM 3:13,선우,라이브로 해야겠다,C:\Users\yuyao\Desktop\fromm抓取\fromm_dump\02\window_0151.xml,應該要用直播來做
,PM 3:15,선우,난 이제 맛난 밥 먹으러,C:\Users\yuyao\Desktop\fromm抓取\fromm_dump\02\window_0151.xml,我現在要去吃好吃的飯了
,PM 3:15,선우,가보께,C:\Users\yuyao\Desktop\fromm抓取\fromm_dump\02\window_0151.xml,先走囉
,PM 3:15,선우,🥰🤭🫶,C:\Users\yuyao\Desktop\fromm抓取\fromm_dump\02\window_0151.xml,🥰🤭🫶
,PM 3:15,선우,울 더비들도 맛난 거 먹구,C:\Users\yuyao\Desktop\fromm抓取\fromm_dump\02\window_0151.xml,我們 DERBY 也要吃好吃的
,PM 3:15,선우,많이 웃는 하루 되길!,C:\Users\yuyao\Desktop\fromm抓取\fromm_dump\02\window_0152.xml,希望今天是多多笑的一天！
,PM 3:18,선우,맞다,C:\Users\yuyao\Desktop\fromm抓取\fromm_dump\02\window_0152.xml,對了
,PM 3:18,선우,그리고,C:\Users\yuyao\Desktop\fromm抓取\fromm_dump\02\window_0152.xml,還有
,PM 3:18,선우,정말,C:\Users\yuyao\Desktop\fromm抓取\fromm_dump\02\window_0152.xml,真的
,PM 3:18,선우,고마워,C:\Users\yuyao\Desktop\fromm抓取\fromm_dump\02\window_0153.xml,謝謝你
,PM 3:18,선우,더비들 없었으면 그냥 똑같은 하루들 중 하나였을 텐데,C:\Users\yuyao\Desktop\fromm抓取\fromm_dump\02\window_0153.xml,如果沒有 DERBY，這本來只會是和平常一樣的一天之一
,PM 3:18,선우,특별한 날로 만들어줘서,C:\Users\yuyao\Desktop\fromm抓取\fromm_dump\02\window_0153.xml,謝謝你們把它變成特別的日子
,PM 3:19,선우,늘 생일 같이 특별한 사람으로 봐주고 생각해주는 게 더비면서 생일이라고 또 축하해주고 사랑주고 하는 울 새싹같은 더비들,C:\Users\yuyao\Desktop\fromm抓取\fromm_dump\02\window_0154.xml,總是把我當成像生日一樣特別的人看待、想著我的就是 DERBY，還因為生日又祝福我、給我愛的我們像新芽一樣的 DERBY 們
,PM 3:19,선우,넘 귀엽고,C:\Users\yuyao\Desktop\fromm抓取\fromm_dump\02\window_0154.xml,真的很可愛
,PM 3:19,선우,사랑스러워요,C:\Users\yuyao\Desktop\fromm抓取\fromm_dump\02\window_0154.xml,也很惹人愛
,PM 3:20,선우,너가 더 귀여워,C:\Users\yuyao\Desktop\fromm抓取\fromm_dump\02\window_0154.xml,你更可愛
,PM 3:20,선우,진짜 ㅜ 얼마나 사랑이 큰지 가늠도 안된다,C:\Users\yuyao\Desktop\fromm抓取\fromm_dump\02\window_0154.xml,真的ㅠ 那份愛有多大，我都無法衡量
,PM 3:20,선우,내가 그 큰 사랑 다 받을 수 있을만큼 더 성숙하고 넓은 사람이 되도록 노력할게,C:\Users\yuyao\Desktop\fromm抓取\fromm_dump\02\window_0155.xml,我會努力成為更成熟、更寬廣的人，讓自己配得上那麼大的愛
,PM 3:21,선우,고마워!🌸 내 봄 더비들,C:\Users\yuyao\Desktop\fromm抓取\fromm_dump\02\window_0155.xml,謝謝你！🌸 我的春天 DERBY 們
,PM 3:21,선우,더비는 지지 않는 벚꽃 같은 사람들이야,C:\Users\yuyao\Desktop\fromm抓取\fromm_dump\02\window_0155.xml,DERBY 是像不會凋謝的櫻花一樣的人
,PM 3:21,선우,4월도 잘 지내보자🫶,C:\Users\yuyao\Desktop\fromm抓取\fromm_dump\02\window_0155.xml,4 月也一起好好過吧🫶
,PM 3:22,선우,더비가 제일 특별한 사람이라는 거 잊지말고,C:\Users\yuyao\Desktop\fromm抓取\fromm_dump\02\window_0156.xml,不要忘記 DERBY 才是最特別的人
,PM 3:23,선우,볼품없는 ㄴ날 특별하게 만들어주는 건 더비잖아 더비 앞에서는 특별한 사람이 될 수 있게 해줘서 고맙고 더비가 가지고 있는 빛들을 나한테 나눠주고 채워줘서 고마워,C:\Users\yuyao\Desktop\fromm抓取\fromm_dump\02\window_0156.xml,把不起眼的我變得特別的人就是 DERBY 啊，謝謝你們讓我在 DERBY 面前能成為特別的人，也謝謝你們把自己擁有的光分給我、填滿我
,PM 3:23,선우,"본인이 그런 사람인 줄 몰랐다면 알길 바라
정말 한 명 한 명 덕분에 나라는 사람이 채워졌다는 걸 꼭 알아줬으면 해",C:\Users\yuyao\Desktop\fromm抓取\fromm_dump\02\window_0157.xml,"如果你不知道自己是那樣的人，希望你能知道
真的希望你一定要知道，是因為每一個人，我這個人才被填滿了"
,PM 3:24,선우,많이 사랑하고 사랑하겠습니다,C:\Users\yuyao\Desktop\fromm抓取\fromm_dump\02\window_0157.xml,我很愛你們，也會繼續愛你們
,PM 3:24,선우,!,C:\Users\yuyao\Desktop\fromm抓取\fromm_dump\02\window_0157.xml,！
,PM 3:24,선우,🌸,C:\Users\yuyao\Desktop\fromm抓取\fromm_dump\02\window_0157.xml,🌸
,PM 3:30,선우,더비의 아이돌이 될 수 있어서 영광이야,C:\Users\yuyao\Desktop\fromm抓取\fromm_dump\02\window_0157.xml,能成為 DERBY 的偶像，是我的榮幸
,PM 3:30,선우,언제까지나 잊지 않을게 !,C:\Users\yuyao\Desktop\fromm抓取\fromm_dump\02\window_0158.xml,無論到什麼時候我都不會忘記！
,PM 3:30,선우,좋은 하루 보내자🌸💕,C:\Users\yuyao\Desktop\fromm抓取\fromm_dump\02\window_0158.xml,一起度過美好的一天吧🌸💕
,PM 4:44,선우,글고 도움 준 친구는 일반인 친구 당연히 아니고 배우여서 일 적으로 도움 부탁한 거니까 이상한 소리 그만~^^,C:\Users\yuyao\Desktop\fromm抓取\fromm_dump\02\window_0158.xml,還有，幫忙的朋友當然不是一般人朋友，是演員，所以是工作上請他幫忙的，別再說奇怪的話～^^
,PM 4:44,선우,"일반인이었으면 더비 불렀겠지 ,,",C:\Users\yuyao\Desktop\fromm抓取\fromm_dump\02\window_0158.xml,"如果是一般人的話，我就叫 DERBY 了吧,,"
,PM 4:46,선우,난 닭갈비 먹었구,C:\Users\yuyao\Desktop\fromm抓取\fromm_dump\02\window_0159.xml,我吃了辣炒雞排
,PM 4:46,선우,배터져 지금,C:\Users\yuyao\Desktop\fromm抓取\fromm_dump\02\window_0159.xml,現在肚子快撐爆了
,PM 4:50,선우,트위터 하냐고 자꾸 그러는데 무슨 소리야,C:\Users\yuyao\Desktop\fromm抓取\fromm_dump\02\window_0159.xml,一直問我有沒有用推特是在說什麼啊
,PM 4:51,선우,유명한 계정 중 하나가 나임,C:\Users\yuyao\Desktop\fromm抓取\fromm_dump\02\window_0159.xml,有名帳號之一就是我
,PM 4:51,선우,ㅋㅋ 꿈에도 모르겠지,C:\Users\yuyao\Desktop\fromm抓取\fromm_dump\02\window_0159.xml,ㅋㅋ 你們做夢也想不到吧
,PM 4:51,선우,내년 생일에 공개할게,C:\Users\yuyao\Desktop\fromm抓取\fromm_dump\02\window_0160.xml,明年生日公開給你們看
,PM 4:56,선우,비 그쳐라! ㅠ,C:\Users\yuyao\Desktop\fromm抓取\fromm_dump\02\window_0160.xml,雨停吧！ㅠ
,PM 2:39,선우,더비,C:\Users\yuyao\Desktop\fromm抓取\fromm_dump\02\window_0160.xml,德比
,PM 2:40,선우,괜차나?,C:\Users\yuyao\Desktop\fromm抓取\fromm_dump\02\window_0160.xml,還好嗎？
,PM 2:40,선우,힘들지,C:\Users\yuyao\Desktop\fromm抓取\fromm_dump\02\window_0161.xml,很辛苦吧
,PM 2:40,선우,미안해,C:\Users\yuyao\Desktop\fromm抓取\fromm_dump\02\window_0161.xml,對不起
,PM 2:43,선우,더비한테 미안하고 더비들이 해주는 예쁜 말들이 지켜줘서 나는 괜차나,C:\Users\yuyao\Desktop\fromm抓取\fromm_dump\02\window_0161.xml,我對德比很抱歉，但德比們給我的那些漂亮話守護著我，所以我沒事
,PM 3:00,선우,난 사실 더비가 젤 걱정이고,C:\Users\yuyao\Desktop\fromm抓取\fromm_dump\02\window_0161.xml,其實我最擔心的是德比
,PM 3:01,선우,예쁜 마음 다치지마 !!!!,C:\Users\yuyao\Desktop\fromm抓取\fromm_dump\02\window_0161.xml,不要讓漂亮的心受傷！！！！
,PM 3:03,선우,더비시,C:\Users\yuyao\Desktop\fromm抓取\fromm_dump\02\window_0162.xml,德比時間
,PM 3:14,선우,"근데 정말,,,",C:\Users\yuyao\Desktop\fromm抓取\fromm_dump\02\window_0162.xml,"可是說真的,,,"
,,선우,"뒤에서도 절대 안 그러는데 앞에 팬분들 다 계시는데 미쳤다고 경호원님보고 에어팟 주워오라고 소리를 치겠냐고,,, 나 너무 얼탱이가 없어서 그렇게 보인 점에 대해 반성 스스로 하려고 하다가도 그 몇 초 영상으로 ,,그리고 선넘는 악플다는 사람들에게 내 할 말 했다고 욕을 이렇게나 먹는다는 게",C:\Users\yuyao\Desktop\fromm抓取\fromm_dump\02\window_0162.xml,"我在背後也絕對不會那樣做，更何況前面粉絲們都在，我是瘋了才會對保全大哥喊叫叫他去撿 AirPods 嗎,,, 我真的太傻眼了，本來還想反省自己為什麼會看起來像那樣，但只憑那幾秒的影片,,還有對那些越線惡評的人說了我該說的話，結果被罵成這樣"
,PM 3:18,선우,사람들 참 무섭다..,C:\Users\yuyao\Desktop\fromm抓取\fromm_dump\02\window_0163.xml,人真的好可怕..
,PM 3:21,선우,정도껏 해야지 입다물고 넘어가던 하지.. 말 안하면 곪아 썩을 것 같아서 얘기 할게 이런 거 조차 싫은 더비들도 있을 텐데 정말 미안해 ㅠ,C:\Users\yuyao\Desktop\fromm抓取\fromm_dump\02\window_0163.xml,也該適可而止吧，不說話就會一直忍著過去.. 不說出來感覺會悶到爛掉，所以我還是要講，可能也有德比連這樣都不喜歡，真的對不起ㅠ
,PM 3:25,선우,어쨌든 욕 먹는 건 익숙하니까 정말 내 걱정은 그만! 난 진짜 괜찮아! 그들은 심기 불편하겠지만 날 몇초 본 사람보다 몇 년 본 더비가 날 더 잘 아니까 !!,C:\Users\yuyao\Desktop\fromm抓取\fromm_dump\02\window_0164.xml,總之被罵這件事我已經很習慣了，所以真的不要再擔心我！我真的沒事！他們可能會不爽，但比起只看了我幾秒的人，看了我好幾年的德比更了解我！！
,PM 3:25,선우,사태가 막 너무 죽일 듯이 욕하길래,C:\Users\yuyao\Desktop\fromm抓取\fromm_dump\02\window_0164.xml,因為事情鬧到好像要把人罵死一樣
,PM 3:25,선우,어제 생일,C:\Users\yuyao\Desktop\fromm抓取\fromm_dump\02\window_0164.xml,昨天生日
,PM 3:25,선우,끝났는데도,C:\Users\yuyao\Desktop\fromm抓取\fromm_dump\02\window_0164.xml,都結束了
,PM 3:25,선우,고맙다고,C:\Users\yuyao\Desktop\fromm抓取\fromm_dump\02\window_0164.xml,卻連謝謝都
,PM 3:25,선우,못해서 넘 미안하구,C:\Users\yuyao\Desktop\fromm抓取\fromm_dump\02\window_0165.xml,沒能好好說，真的很抱歉
,PM 3:25,선우,더비들도 기다리고 기쁜 날이었을 텐데,C:\Users\yuyao\Desktop\fromm抓取\fromm_dump\02\window_0165.xml,德比們應該也一直等著、那本來是很開心的一天
,PM 3:25,선우,이런 식으로 맘 고생했을 거 생각하면 맘이 너무 아파,C:\Users\yuyao\Desktop\fromm抓取\fromm_dump\02\window_0165.xml,想到你們因為這種事心累，我心裡真的好痛
,PM 3:26,선우,내년 생일 내후년 생일은 더 재밌게 좋은 추억으로 다 덮어보자!! 사랑해!!!,C:\Users\yuyao\Desktop\fromm抓取\fromm_dump\02\window_0165.xml,明年生日、後年生日，我們用更好玩更好的回憶把這些都蓋過去吧！！愛你們！！！
,PM 3:39,선우,"글고 더비한테 하는 약속 
내가 갑질하고 못 된 사람으로 오해 받지 않도록 
그래서 더비가 이런 해명 안해도 되도록 겉으로 잠깐 봐도 젠틀맨이네~ 할 수 있도록 보이는 행동에 더 노력할게 이건 냉정히 계속 앞으로도 고쳐나가야하는 부분이라고 정말 스스로 생각하고!",C:\Users\yuyao\Desktop\fromm抓取\fromm_dump\02\window_0166.xml,還有我要跟德比約定：為了不讓我被誤會成耍大牌、壞心眼的人，也為了讓德比不用再做這種解釋，我會更努力注意自己表面上看起來的行為，讓人就算只短暫看到也能說『很紳士耶～』。冷靜想想，這真的是我以後也要持續改進的部分！
,PM 3:42,선우,"잘못한 건 잘못했다고 사과하고 반성하고 혼도 나고 고치려 노력하고
피곤해져도 아닌 건 아니라고 말 하면서 살겠슴다",C:\Users\yuyao\Desktop\fromm抓取\fromm_dump\02\window_0166.xml,做錯的事就說做錯了、道歉、反省、挨罵，也努力改正；就算累了，不是的事也會說不是地活下去
,PM 3:55,선우,하.. 더비 욕하는 사람들 때뭄에 화난다,C:\Users\yuyao\Desktop\fromm抓取\fromm_dump\02\window_0167.xml,唉.. 因為那些罵德比的人我好生氣
,PM 3:56,선우,어캄 너무 화가나,C:\Users\yuyao\Desktop\fromm抓取\fromm_dump\02\window_0167.xml,怎麼辦，太生氣了
,PM 3:56,선우,ㅋㅋ,C:\Users\yuyao\Desktop\fromm抓取\fromm_dump\02\window_0167.xml,ㅋㅋ
,PM 3:59,선우,사랑해보지도 못한 사람들이 이 감정들을 쉽게 생각한 채로 본인의 말들이 다 정당하고 맞는 말이고 정의롭다고 생각하면서 더비한테 무식한 말들로 상처주는게 넘 어이없어서,C:\Users\yuyao\Desktop\fromm抓取\fromm_dump\02\window_0167.xml,那些連愛都沒愛過的人，把這些感情想得很輕，還覺得自己說的話都正當、都對、都很正義，卻用無知的話傷害德比，真的太荒唐了
,PM 3:59,선우,초능력이 있다면,C:\Users\yuyao\Desktop\fromm抓取\fromm_dump\02\window_0168.xml,如果我有超能力的話
,PM 4:00,선우,그 모두에게 하와이안 피자를 맥여버리고 싶을 정도로,C:\Users\yuyao\Desktop\fromm抓取\fromm_dump\02\window_0168.xml,我會想把夏威夷披薩塞給那些人吃
,PM 4:00,선우,짜증이 남,C:\Users\yuyao\Desktop\fromm抓取\fromm_dump\02\window_0168.xml,氣到那種程度
,PM 4:00,선우,"좋아하는 사람이 꽤 있구나,,",C:\Users\yuyao\Desktop\fromm抓取\fromm_dump\02\window_0168.xml,"原來喜歡的人還不少啊,,"
,PM 4:01,선우,콩자반 맥이고 싶네,C:\Users\yuyao\Desktop\fromm抓取\fromm_dump\02\window_0168.xml,那我想塞他們吃黑豆小菜了
,PM 4:01,선우,후,C:\Users\yuyao\Desktop\fromm抓取\fromm_dump\02\window_0169.xml,呼
,PM 4:02,선우,에잇 퉤,C:\Users\yuyao\Desktop\fromm抓取\fromm_dump\02\window_0169.xml,欸呸
,PM 4:02,선우,이제 진짜 언급 안해,C:\Users\yuyao\Desktop\fromm抓取\fromm_dump\02\window_0169.xml,現在真的不提了
,PM 4:02,선우,끝,C:\Users\yuyao\Desktop\fromm抓取\fromm_dump\02\window_0169.xml,結束
,PM 4:02,선우,잘 지내보쟈,C:\Users\yuyao\Desktop\fromm抓取\fromm_dump\02\window_0170.xml,好好過吧
,PM 4:02,선우,서누 더비 화이팅,C:\Users\yuyao\Desktop\fromm抓取\fromm_dump\02\window_0170.xml,善旴 德比 加油
,PM 4:02,선우,💕,C:\Users\yuyao\Desktop\fromm抓取\fromm_dump\02\window_0170.xml,💕
,PM 4:03,선우,걍 더비 건드는 것들 때문에 짜증나는 거지 난 ㄹㅇ 괜찮으니까 더비도 선넘는 사람들한테 감정 낭비 이제 끝내자 오늘부로,C:\Users\yuyao\Desktop\fromm抓取\fromm_dump\02\window_0170.xml,我只是因為那些碰德比的人很煩才生氣，我真的沒事，所以德比也從今天開始不要再對那些越線的人浪費感情了
,PM 4:03,선우,끝!!!!!!!!!,C:\Users\yuyao\Desktop\fromm抓取\fromm_dump\02\window_0170.xml,結束！！！！！！！！！
,PM 4:06,선우,장수한다고 생각하고 열시미 내 일 해나갈게여 ㅎㅎ 사랑해! 고마워! 🫶,C:\Users\yuyao\Desktop\fromm抓取\fromm_dump\02\window_0171.xml,我會把自己當成要長長久久走下去，努力做好我的事ㅎㅎ 愛你！謝謝你！🫶
,AM 2:43,선우,더비들 잘 자 사랑해💕💕💕,C:\Users\yuyao\Desktop\fromm抓取\fromm_dump\02\window_0171.xml,德比們晚安，愛你們💕💕💕
,AM 2:44,선우,걱정말구 사랑만 하자🫶🫶 또 금방 보자!💕🥰🌸,C:\Users\yuyao\Desktop\fromm抓取\fromm_dump\02\window_0171.xml,不要擔心，我們只相愛吧🫶🫶 很快再見！💕🥰🌸
,AM 9:00,선우,더비,C:\Users\yuyao\Desktop\fromm抓取\fromm_dump\02\window_0172.xml,德比
,AM 9:01,선우,오늘도 좋은 하루 보내요!,C:\Users\yuyao\Desktop\fromm抓取\fromm_dump\02\window_0172.xml,今天也要過得很好喔！
,AM 9:02,선우,오늘은 비가 안 오네요,C:\Users\yuyao\Desktop\fromm抓取\fromm_dump\02\window_0172.xml,今天沒有下雨呢
,AM 9:02,선우,헤헤,C:\Users\yuyao\Desktop\fromm抓取\fromm_dump\02\window_0172.xml,嘿嘿
,AM 9:03,선우,근데 존댓말 왜 했지,C:\Users\yuyao\Desktop\fromm抓取\fromm_dump\02\window_0173.xml,可是我剛剛為什麼用敬語啊
,AM 9:04,선우,비가 안 오는 구려,C:\Users\yuyao\Desktop\fromm抓取\fromm_dump\02\window_0173.xml,沒有下雨呢唷
,AM 9:04,선우,날씨 허벌나게 좋쿠마잉,C:\Users\yuyao\Desktop\fromm抓取\fromm_dump\02\window_0173.xml,天氣好得不得了嘛
,AM 9:04,선우,이거 어디 사투리게,C:\Users\yuyao\Desktop\fromm抓取\fromm_dump\02\window_0173.xml,猜這是哪裡的方言
,AM 9:04,선우,몰라 나도,C:\Users\yuyao\Desktop\fromm抓取\fromm_dump\02\window_0173.xml,不知道，我也不知道
,AM 9:04,선우,떤투리임,C:\Users\yuyao\Desktop\fromm抓取\fromm_dump\02\window_0174.xml,是떤言떤語
,AM 9:05,선우,밥은 먹었나봉방,C:\Users\yuyao\Desktop\fromm抓取\fromm_dump\02\window_0174.xml,飯吃了嗎唷蹦邦
,AM 9:05,선우,안 먹었음쎄리 묵어삐까치빠이,C:\Users\yuyao\Desktop\fromm抓取\fromm_dump\02\window_0174.xml,沒吃的話就快去吃唄皮卡丘掰
,AM 9:07,선우,내는 배고파삐라 김치볶음밥 시켜부려리,C:\Users\yuyao\Desktop\fromm抓取\fromm_dump\02\window_0174.xml,俺餓壞啦，點個泡菜炒飯來吃唄
,AM 9:07,선우,이런 사투리 있으면 좋겠당,C:\Users\yuyao\Desktop\fromm抓取\fromm_dump\02\window_0174.xml,如果真有這種方言就好了
,AM 9:07,선우,헤헤,C:\Users\yuyao\Desktop\fromm抓取\fromm_dump\02\window_0175.xml,嘿嘿
,AM 9:08,선우,아 배고파 죽겄네,C:\Users\yuyao\Desktop\fromm抓取\fromm_dump\02\window_0175.xml,啊餓死我了
,AM 9:08,선우,배가 등딱지에 붙었어 지금,C:\Users\yuyao\Desktop\fromm抓取\fromm_dump\02\window_0175.xml,現在肚子都貼到背了
,AM 9:09,선우,에릭이 시구하는 거 못봤는데,C:\Users\yuyao\Desktop\fromm抓取\fromm_dump\02\window_0175.xml,Eric 開球我沒看到
,AM 9:09,선우,이번엔 제대로 던졌대?,C:\Users\yuyao\Desktop\fromm抓取\fromm_dump\02\window_0175.xml,這次有好好投嗎？
,AM 9:09,선우,관중석으로 안 던졌지?,C:\Users\yuyao\Desktop\fromm抓取\fromm_dump\02\window_0176.xml,沒有投到觀眾席吧？
,AM 9:10,선우,공이 조금은 위로 갔지만 구속은 대박이었다,C:\Users\yuyao\Desktop\fromm抓取\fromm_dump\02\window_0176.xml,球雖然稍微往上飛，但球速超猛
,AM 9:10,선우,가 대부분의 반응이군,C:\Users\yuyao\Desktop\fromm抓取\fromm_dump\02\window_0176.xml,大部分反應都是這樣嘛
,AM 9:10,선우,에릭이가 연습 진짜 많이 하면서 저번이 얼마나 억울 했으면,C:\Users\yuyao\Desktop\fromm抓取\fromm_dump\02\window_0176.xml,Eric 真的練習很多，看來上次是有多冤啊
,AM 9:11,선우,연습 때 잘 해놓은 거 미리 따놓겠다고,C:\Users\yuyao\Desktop\fromm抓取\fromm_dump\02\window_0177.xml,為了先把練習時投得好的樣子留下來
,AM 9:11,선우,비하인드도 열심히 찍고,C:\Users\yuyao\Desktop\fromm抓取\fromm_dump\02\window_0177.xml,花絮也很認真拍
,AM 9:11,선우,했다는 풍문이,C:\Users\yuyao\Desktop\fromm抓取\fromm_dump\02\window_0177.xml,聽說是這樣
,AM 9:11,선우,그래도 이번엔 잘했나보군요,C:\Users\yuyao\Desktop\fromm抓取\fromm_dump\02\window_0177.xml,不過這次好像投得不錯呢
,AM 9:11,선우,그게 실력의 반의 반도 안되게 던진 거겠지만,C:\Users\yuyao\Desktop\fromm抓取\fromm_dump\02\window_0178.xml,雖然那大概連他實力的四分之一都不到
,AM 9:12,선우,더비는 에릭이 야구 잘하는 거 아니까 뭐 ~,C:\Users\yuyao\Desktop\fromm抓取\fromm_dump\02\window_0178.xml,德比知道 Eric 很會打棒球嘛～
,AM 9:12,선우,근데 뻥안치고 내가 더 잘함 ㅋㅋ,C:\Users\yuyao\Desktop\fromm抓取\fromm_dump\02\window_0178.xml,但不誇張地說，我更厲害ㅋㅋ
,AM 9:12,선우,난 무대 체질이라 연습때 못하다가 실전에서,C:\Users\yuyao\Desktop\fromm抓取\fromm_dump\02\window_0178.xml,我是舞台體質，練習時不太行，到了實戰就
,AM 9:13,선우,공이 사라진 줄 알고 두리번 거릴 때 이미 포수의 글러브 안에,C:\Users\yuyao\Desktop\fromm抓取\fromm_dump\02\window_0179.xml,當大家以為球消失了、到處張望時，它已經在捕手的手套裡
,AM 9:13,선우,들어가 있는,C:\Users\yuyao\Desktop\fromm抓取\fromm_dump\02\window_0179.xml,進去了
,AM 9:13,선우,그래서 야구계가 들썩이며,C:\Users\yuyao\Desktop\fromm抓取\fromm_dump\02\window_0179.xml,所以讓棒球界都震動起來
,AM 9:15,선우,시축 하고 싶당,C:\Users\yuyao\Desktop\fromm抓取\fromm_dump\02\window_0179.xml,好想開球喔
,AM 9:16,선우,시구 한다면 어느 팀이 좋아요,C:\Users\yuyao\Desktop\fromm抓取\fromm_dump\02\window_0179.xml,如果開球的話，哪一隊好呢
,AM 9:16,선우,난 야구를 몰라 사실,C:\Users\yuyao\Desktop\fromm抓取\fromm_dump\02\window_0180.xml,其實我不懂棒球
,AM 9:17,선우,전 뒷마당에서 캐치볼이나 하겠슴니다,C:\Users\yuyao\Desktop\fromm抓取\fromm_dump\02\window_0180.xml,我還是在後院玩傳接球好了
,AM 9:17,선우,내 공 받아줄 더비,C:\Users\yuyao\Desktop\fromm抓取\fromm_dump\02\window_0180.xml,徵求願意接我球的德比
,AM 9:17,선우,구함,C:\Users\yuyao\Desktop\fromm抓取\fromm_dump\02\window_0180.xml,徵人
,AM 9:18,선우,대신 손에 구멍 날 수도 있음,C:\Users\yuyao\Desktop\fromm抓取\fromm_dump\02\window_0180.xml,但手可能會被打出洞
,AM 9:18,선우,ㅋㅋㅋㅋㅋㅋ,C:\Users\yuyao\Desktop\fromm抓取\fromm_dump\02\window_0181.xml,ㅋㅋㅋㅋㅋㅋ
,AM 9:18,선우,취미를 찾으려고 해요,C:\Users\yuyao\Desktop\fromm抓取\fromm_dump\02\window_0181.xml,我想找個興趣
,AM 9:19,선우,어떤 취미가 좋을까여,C:\Users\yuyao\Desktop\fromm抓取\fromm_dump\02\window_0181.xml,什麼興趣比較好呢
,AM 9:25,선우,애니 추천 부탁,C:\Users\yuyao\Desktop\fromm抓取\fromm_dump\02\window_0181.xml,求推薦動畫
,AM 9:25,선우,다시 애니의 계절이 돌아왔다,C:\Users\yuyao\Desktop\fromm抓取\fromm_dump\02\window_0182.xml,動畫的季節又回來了
,AM 5:10,선우,날씨가 안 좋다 오늘은 우산 꼭 챙기고 비 맞지마 더비😪☔️🌧️,C:\Users\yuyao\Desktop\fromm抓取\fromm_dump\02\window_0182.xml,今天天氣不好，一定要帶傘，不要淋雨喔德比😪☔️🌧️
,PM 9:40,선우,[media/no text],C:\Users\yuyao\Desktop\fromm抓取\fromm_dump\02\window_0183.xml,
,PM 9:43,선우,씻을 거임,C:\Users\yuyao\Desktop\fromm抓取\fromm_dump\02\window_0185.xml,我要去洗澡了
,PM 10:22,선우,오늘 뭐 찍고 왔어 누구랑,C:\Users\yuyao\Desktop\fromm抓取\fromm_dump\02\window_0185.xml,今天去拍了什麼、跟誰拍
,PM 10:22,선우,이거 스포야 헤헤헤,C:\Users\yuyao\Desktop\fromm抓取\fromm_dump\02\window_0185.xml,這是劇透喔 嘿嘿嘿
,PM 10:23,선우,좋아할 것 같아!!,C:\Users\yuyao\Desktop\fromm抓取\fromm_dump\02\window_0186.xml,你們應該會喜歡！！
,PM 10:23,선우,이거 비이이이이밀,C:\Users\yuyao\Desktop\fromm抓取\fromm_dump\02\window_0186.xml,這個是祕——密
,PM 10:23,선우,히히,C:\Users\yuyao\Desktop\fromm抓取\fromm_dump\02\window_0186.xml,嘻嘻
,PM 10:23,선우,밥 머거라!!!!,C:\Users\yuyao\Desktop\fromm抓取\fromm_dump\02\window_0186.xml,去吃飯吧！！！！
,PM 10:50,선우,나는 먹고있어 배불러 으악,C:\Users\yuyao\Desktop\fromm抓取\fromm_dump\02\window_0186.xml,我正在吃，好飽，呃啊
,AM 10:22,선우,더비 오늘도 좋은 하루 보내고 힘내 사랑해요💕💕🥰,C:\Users\yuyao\Desktop\fromm抓取\fromm_dump\02\window_0187.xml,德比今天也要過得很好，加油，我愛你們💕💕🥰
,AM 10:32,선우,[media/no text],C:\Users\yuyao\Desktop\fromm抓取\fromm_dump\02\window_0188.xml,
,PM 10:59,선우,[media/no text],C:\Users\yuyao\Desktop\fromm抓取\fromm_dump\02\window_0189.xml,
,PM 10:59,선우,잘쟈 쪼꼬미 서누 보고,C:\Users\yuyao\Desktop\fromm抓取\fromm_dump\02\window_0193.xml,看著小小善旴睡吧
,PM 10:59,선우,🫶✨,C:\Users\yuyao\Desktop\fromm抓取\fromm_dump\02\window_0193.xml,🫶✨
,PM 4:08,선우,날씨가 갑자기,C:\Users\yuyao\Desktop\fromm抓取\fromm_dump\02\window_0193.xml,天氣突然
,PM 4:08,선우,비오다가,C:\Users\yuyao\Desktop\fromm抓取\fromm_dump\02\window_0194.xml,下著雨
,PM 4:08,선우,쌀쌀해져떠,C:\Users\yuyao\Desktop\fromm抓取\fromm_dump\02\window_0194.xml,變涼了
,PM 4:08,선우,따뜻하게 입고 댕겨 ㅇㅋ?,C:\Users\yuyao\Desktop\fromm抓取\fromm_dump\02\window_0194.xml,穿暖一點再出門，OK？
,PM 4:08,선우,난 인천임,C:\Users\yuyao\Desktop\fromm抓取\fromm_dump\02\window_0194.xml,我在仁川
,PM 4:09,선우,인천 온사람,C:\Users\yuyao\Desktop\fromm抓取\fromm_dump\02\window_0194.xml,來仁川的人
,PM 4:09,선우,나 행사 땜시 왔지,C:\Users\yuyao\Desktop\fromm抓取\fromm_dump\02\window_0195.xml,我因為活動來的啦
,PM 4:10,선우,더비들 많이 보려고,C:\Users\yuyao\Desktop\fromm抓取\fromm_dump\02\window_0195.xml,為了多見到德比們
,PM 4:10,선우,국내행사 좀 하는 중,C:\Users\yuyao\Desktop\fromm抓取\fromm_dump\02\window_0195.xml,最近在跑一些國內活動
,PM 4:10,선우,자 다음은 어디.?,C:\Users\yuyao\Desktop\fromm抓取\fromm_dump\02\window_0195.xml,好，下一站是哪裡.?
,PM 4:10,선우,우리 아직까지 서로 얘기하는,C:\Users\yuyao\Desktop\fromm抓取\fromm_dump\02\window_0195.xml,我們到現在還會互相提起的
,PM 4:10,선우,레전드 행사가 있는데,C:\Users\yuyao\Desktop\fromm抓取\fromm_dump\02\window_0196.xml,傳奇活動有一個
,PM 4:10,선우,뭔지 아는 사람,C:\Users\yuyao\Desktop\fromm抓取\fromm_dump\02\window_0196.xml,有人知道是什麼嗎
,PM 4:10,선우,힌트 데뷔초,C:\Users\yuyao\Desktop\fromm抓取\fromm_dump\02\window_0196.xml,提示：出道初期
,PM 4:11,선우,수산시장은 행사가 아니잖슴 ㅋ,C:\Users\yuyao\Desktop\fromm抓取\fromm_dump\02\window_0196.xml,水產市場那個不算活動吧ㅋ
,PM 4:11,선우,여러가지가 있는데,C:\Users\yuyao\Desktop\fromm抓取\fromm_dump\02\window_0196.xml,有好幾個啦
,PM 4:11,선우,무슨 축제인지 이름은 기억 안나는데,C:\Users\yuyao\Desktop\fromm抓取\fromm_dump\02\window_0197.xml,我不記得是什麼節慶的名字了
,PM 4:11,선우,스님 4만분 앞에서 공연했던 행사임,C:\Users\yuyao\Desktop\fromm抓取\fromm_dump\02\window_0197.xml,是在四萬名和尚面前表演的活動
,PM 4:11,선우,스님 분들 앞에서 소년하는데,C:\Users\yuyao\Desktop\fromm抓取\fromm_dump\02\window_0197.xml,在和尚們面前表演《Boy》
,PM 4:12,선우,뉴형 십자가 손가락 타투와,C:\Users\yuyao\Desktop\fromm抓取\fromm_dump\02\window_0197.xml,加上 New 哥手指上的十字架刺青
,PM 4:12,선우,모든 것이 어우러져,C:\Users\yuyao\Desktop\fromm抓取\fromm_dump\02\window_0198.xml,所有東西融合在一起
,PM 4:12,선우,종교 대통합의 자리,C:\Users\yuyao\Desktop\fromm抓取\fromm_dump\02\window_0198.xml,宗教大統合的場合
,PM 4:12,선우,그행사가 래전드로 뽑혀,C:\Users\yuyao\Desktop\fromm抓取\fromm_dump\02\window_0198.xml,那場活動被選為傳奇
,PM 4:12,선우,왜냐면 거기 화장실도 야외에 띨롱하게 있는 거라,C:\Users\yuyao\Desktop\fromm抓取\fromm_dump\02\window_0198.xml,因為那裡廁所也是在戶外孤零零一間
,PM 4:12,선우,들갔다가 나오는 거 모두가 직관 가능,C:\Users\yuyao\Desktop\fromm抓取\fromm_dump\02\window_0198.xml,進去出來全都能被大家現場直觀看到
,PM 4:13,선우,그래서 나오는 시간 조절해야함 ㅋㅋ,C:\Users\yuyao\Desktop\fromm抓取\fromm_dump\02\window_0199.xml,所以得控制出來的時間ㅋㅋ
,PM 4:13,선우,다행히 난ㄴ 그 때 안 갔지만,C:\Users\yuyao\Desktop\fromm抓取\fromm_dump\02\window_0199.xml,幸好我那時候沒去
,PM 4:13,선우,아니 근데 나 요즘 자꾸,C:\Users\yuyao\Desktop\fromm抓取\fromm_dump\02\window_0199.xml,不是，可是我最近總是
,PM 4:13,선우,밤에,C:\Users\yuyao\Desktop\fromm抓取\fromm_dump\02\window_0199.xml,晚上
,PM 4:13,선우,기절할 것 같이 졸리고,C:\Users\yuyao\Desktop\fromm抓取\fromm_dump\02\window_0200.xml,睏到像快昏倒一樣
,PM 4:14,선우,참을 수 없는 졸음과 피곤함이 갑자기 막 오는데,C:\Users\yuyao\Desktop\fromm抓取\fromm_dump\02\window_0200.xml,突然湧上無法忍受的睡意和疲勞
,PM 4:14,선우,뭐가 부족한 거지,C:\Users\yuyao\Desktop\fromm抓取\fromm_dump\02\window_0200.xml,到底是缺什麼啊
,PM 4:14,선우,비타민을 먹어야하는 거?,C:\Users\yuyao\Desktop\fromm抓取\fromm_dump\02\window_0200.xml,是要吃維他命嗎？
,PM 4:14,선우,잠은 근데 많이 자는데에도,C:\Users\yuyao\Desktop\fromm抓取\fromm_dump\02\window_0200.xml,可是我明明睡很多
,PM 4:14,선우,"막 몸에 힘이 없고 집가서 씻으면 괜찮다가도 참을 수 없는 졸음이 확 몰려오고,,",C:\Users\yuyao\Desktop\fromm抓取\fromm_dump\02\window_0201.xml,"身體還是沒力，回家洗完澡本來好一點，卻又突然湧上無法忍受的睡意,,"
,PM 4:15,선우,비타민 디,C:\Users\yuyao\Desktop\fromm抓取\fromm_dump\02\window_0201.xml,維他命 D
,PM 4:15,선우,확인,C:\Users\yuyao\Desktop\fromm抓取\fromm_dump\02\window_0201.xml,確認
,PM 4:15,선우,원래 안 이랰ㅅ는데,C:\Users\yuyao\Desktop\fromm抓取\fromm_dump\02\window_0201.xml,以前明明不這樣的
,PM 4:15,선우,나 졸음 진짜 잘 참는 편인데도 갑자기 그럼,C:\Users\yuyao\Desktop\fromm抓取\fromm_dump\02\window_0202.xml,我其實很能忍睡意，但突然就這樣
,PM 4:15,선우,갑상선에 문제가 있을 수도 있다 라,C:\Users\yuyao\Desktop\fromm抓取\fromm_dump\02\window_0202.xml,也可能是甲狀腺有問題，這樣啊
,PM 4:16,선우,여유 있을 때 건깅검진 땡기고 와야겠다,C:\Users\yuyao\Desktop\fromm抓取\fromm_dump\02\window_0202.xml,有空時要提前去做健康檢查了
,PM 4:17,선우,마그네슘 오키,C:\Users\yuyao\Desktop\fromm抓取\fromm_dump\02\window_0202.xml,鎂 OK
,PM 4:17,선우,유 유 유 유 유유유유 마그네에 슘,C:\Users\yuyao\Desktop\fromm抓取\fromm_dump\02\window_0202.xml,You you you you youyouyouyou Magne～sium
,PM 4:18,선우,난 마그네슘 비타민 디 아연 같이 있는 거 먹는데 좋더랑 이거 쓰신 분 추천 좀,C:\Users\yuyao\Desktop\fromm抓取\fromm_dump\02\window_0203.xml,我吃的是鎂、維他命D、鋅一起的，感覺不錯，寫這個的人推薦一下
,PM 4:18,선우,강이 님,C:\Users\yuyao\Desktop\fromm抓取\fromm_dump\02\window_0203.xml,姜伊님
,PM 4:18,선우,추천해주세요,C:\Users\yuyao\Desktop\fromm抓取\fromm_dump\02\window_0203.xml,請推薦一下
,PM 4:19,선우,샤라웃 좀 할게요,C:\Users\yuyao\Desktop\fromm抓取\fromm_dump\02\window_0203.xml,讓我 shout out 一下
,PM 4:19,선우,ㅠㅜ 추천 보ㅡㅜ탁,C:\Users\yuyao\Desktop\fromm抓取\fromm_dump\02\window_0204.xml,ㅠㅜ 拜託推薦
,PM 4:20,선우,도펠헤르츠 마그네슘이 진짜임 가루야 레모나맛이야 진짜야 이게  - 리댜님 감사합니다,C:\Users\yuyao\Desktop\fromm抓取\fromm_dump\02\window_0204.xml,Doppelherz 鎂是真的，是粉末，像 Lemona 口味，真的——謝謝 Rida님
,PM 4:20,선우,츠천받아요 대신 그 에너지 땡겨쓰는 그런 거 말고,C:\Users\yuyao\Desktop\fromm抓取\fromm_dump\02\window_0204.xml,接受推薦，但不要那種預支能量的東西
,PM 4:22,선우,서누야 비타민 디를 먹을땐 칼슘을 같이 먹어야 함 ph365 비타민디 아연 ㄱㄱ 나 전힘들어서 집에오먄 쓰러졋는데 굳,C:\Users\yuyao\Desktop\fromm抓取\fromm_dump\02\window_0205.xml,善旴啊，吃維他命D的時候要一起吃鈣。PH365 維他命D 鋅 ㄱㄱ 我之前累到回家就倒，這個不錯
,PM 4:23,선우,좋은 정보 감사합니다,C:\Users\yuyao\Desktop\fromm抓取\fromm_dump\02\window_0205.xml,謝謝好資訊
,PM 4:23,선우,솔가칼마디 - 칼슘 마그네슘 비타민D 합쳐져있대,C:\Users\yuyao\Desktop\fromm抓取\fromm_dump\02\window_0205.xml,Solgar 鈣鎂D——聽說鈣、鎂、維他命D合在一起
,PM 4:23,선우,마그랩 포 스트레스 마시는 액상 글루콘산 마그네슘 비타민B 기절햇다가도눈뜸,C:\Users\yuyao\Desktop\fromm抓取\fromm_dump\02\window_0205.xml,Mag Lab for Stress，喝的液態葡萄糖酸鎂、維他命B，昏倒了也能睜眼
,PM 4:24,선우,더비들 참고 ㄱㄱ,C:\Users\yuyao\Desktop\fromm抓取\fromm_dump\02\window_0205.xml,德比們參考 ㄱㄱ
,PM 4:24,선우,"센트룸 포 맨
닥터에이플러스 마디케어 징크디마그
종근당건강 원데이 징크 디 마그네슘

이거 세 개 추천 할겡
닥터 저건 피로감 줄고 종근당 저건 잔 근육 떨림이 줄어들고 잠이 잘 옴
그리고 센트룸 저건
전반적으로 먹으면 컨디션이 막 올라감 ㅇㅇ",C:\Users\yuyao\Desktop\fromm抓取\fromm_dump\02\window_0206.xml,"Centrum for Men
Doctor A Plus Madi Care Zinc D Mag
鍾根堂健康 One Day Zinc D Magnesium

我推薦這三個
Doctor 那個會減少疲勞感，鍾根堂那個會減少小肌肉抽動，也比較好睡
然後 Centrum 那個
整體吃了狀態會提升 ㅇㅇ"
,PM 4:25,선우,너무 많으면 혼란 생기니 요기까지 하고 나만 보겠음 ㅋ,C:\Users\yuyao\Desktop\fromm抓取\fromm_dump\02\window_0206.xml,太多的話會混亂，就到這裡，我自己看就好ㅋ
,PM 4:28,선우,그래도 최고의 비타민ㅇ은 더비지~!!,C:\Users\yuyao\Desktop\fromm抓取\fromm_dump\02\window_0207.xml,不過最好的維他命就是德比吧～！！
,PM 4:28,선우,늦었나 ㅋ,C:\Users\yuyao\Desktop\fromm抓取\fromm_dump\02\window_0207.xml,晚了嗎ㅋ
,PM 4:28,선우,늦은 것 중에 젤 빨랐음,C:\Users\yuyao\Desktop\fromm抓取\fromm_dump\02\window_0207.xml,在晚掉的裡面算最快的
,PM 4:31,선우,근데 생각해보니까 센트룸 포 맨 추천해준 더비,C:\Users\yuyao\Desktop\fromm抓取\fromm_dump\02\window_0207.xml,可是想想，推薦 Centrum for Men 的德比
,PM 4:31,선우,편견없고 좋아 ~~,C:\Users\yuyao\Desktop\fromm抓取\fromm_dump\02\window_0208.xml,沒有偏見，很好～～
,PM 4:32,선우,남자 더비일리 없음 저렇게 정성스레 빠르게 적어준 거 보면,C:\Users\yuyao\Desktop\fromm抓取\fromm_dump\02\window_0208.xml,看她那麼用心又快速地寫，不可能是男德比
,PM 4:32,선우,더비소녀가 분명함,C:\Users\yuyao\Desktop\fromm抓取\fromm_dump\02\window_0208.xml,一定是德比少女
,PM 4:32,선우,더비 편견 없다고 칭찬하면서 편견가지네 나,C:\Users\yuyao\Desktop\fromm抓取\fromm_dump\02\window_0208.xml,我一邊稱讚德比沒有偏見，一邊自己有偏見呢
,PM 4:32,선우,반성해,C:\Users\yuyao\Desktop\fromm抓取\fromm_dump\02\window_0208.xml,反省
,PM 4:33,선우,일단,C:\Users\yuyao\Desktop\fromm抓取\fromm_dump\02\window_0209.xml,總之
,PM 4:33,선우,비타민 디 마그네슘 요정도,C:\Users\yuyao\Desktop\fromm抓取\fromm_dump\02\window_0209.xml,維他命D、鎂，差不多這些
,PM 4:33,선우,먹어봐야게따,C:\Users\yuyao\Desktop\fromm抓取\fromm_dump\02\window_0209.xml,要吃看看了
,PM 4:33,선우,아 칼슘도,C:\Users\yuyao\Desktop\fromm抓取\fromm_dump\02\window_0209.xml,啊還有鈣
,PM 4:34,선우,아 오메가 3도,C:\Users\yuyao\Desktop\fromm抓取\fromm_dump\02\window_0209.xml,啊還有 Omega-3
,PM 4:35,선우,"종근당 칼마디 - 마그네슘 아연 비타민디 칼슘 다잇음 난 이거 먹고 괜찮았고 솔가보다 나았음
큐업 - 고딩들 잠 안자고 체력 회복하는 포션이라고하는건데 먹어봐 난 이거 고3때 직빵이였음
글루콤 - 큐업이랑 비슷한데 온누리약국에서만 팖 이거도 ㄱㅊ은데 얘가 조금더 비쌈",C:\Users\yuyao\Desktop\fromm抓取\fromm_dump\02\window_0210.xml,"鍾根堂 鈣鎂D——鎂、鋅、維他命D、鈣都有，我吃這個覺得不錯，比 Solgar 好
Q-up——聽說是高中生不睡覺恢復體力的藥水，吃看看，我高三時超有效
Glukom——跟 Q-up 類似，只在 Onnuri 藥局賣，這個也不錯，但它稍微貴一點"
,PM 4:35,선우,유민아 고마워요,C:\Users\yuyao\Desktop\fromm抓取\fromm_dump\02\window_0210.xml,有敏啊，謝謝你
,PM 4:35,선우,ㅋㅋ,C:\Users\yuyao\Desktop\fromm抓取\fromm_dump\02\window_0211.xml,ㅋㅋ
,PM 4:35,선우,나도 더비들이 추천한 거,C:\Users\yuyao\Desktop\fromm抓取\fromm_dump\02\window_0211.xml,德比們推薦的東西
,PM 4:35,선우,먹어보고,C:\Users\yuyao\Desktop\fromm抓取\fromm_dump\02\window_0211.xml,我也吃看看
,PM 4:35,선우,후기ㅜ남겨드림,C:\Users\yuyao\Desktop\fromm抓取\fromm_dump\02\window_0211.xml,再留下心得給你們
,PM 4:35,선우,그 뭐야,C:\Users\yuyao\Desktop\fromm抓取\fromm_dump\02\window_0211.xml,那個什麼
,PM 4:35,선우,그 젤리,C:\Users\yuyao\Desktop\fromm抓取\fromm_dump\02\window_0212.xml,那個果凍
,PM 4:35,선우,이름 뭐였지,C:\Users\yuyao\Desktop\fromm抓取\fromm_dump\02\window_0212.xml,名字是什麼來著
,PM 4:35,선우,애사비,C:\Users\yuyao\Desktop\fromm抓取\fromm_dump\02\window_0212.xml,蘋果醋
,PM 4:36,선우,챙겨먹는 중임데 꾸준히 자주 안 먹어서 후기 불가,C:\Users\yuyao\Desktop\fromm抓取\fromm_dump\02\window_0212.xml,我有在吃，但沒有持續常吃，所以無法給心得
,PM 4:36,선우,너무 마니 먹으면 안 좋다는데,C:\Users\yuyao\Desktop\fromm抓取\fromm_dump\02\window_0212.xml,聽說吃太多也不好
,PM 4:36,선우,걱정 안해도 될 듯 ㅋㅋ,C:\Users\yuyao\Desktop\fromm抓取\fromm_dump\02\window_0213.xml,看來不用擔心ㅋㅋ
,PM 4:48,선우,헤메 중 ㅋ,C:\Users\yuyao\Desktop\fromm抓取\fromm_dump\02\window_0213.xml,正在做髮妝ㅋ
,PM 9:38,선우,[media/no text],C:\Users\yuyao\Desktop\fromm抓取\fromm_dump\02\window_0214.xml,
,AM 12:14,선우,충격 실화 초딩때 사진을 친구에게 받았다,C:\Users\yuyao\Desktop\fromm抓取\fromm_dump\02\window_0218.xml,震驚實話：朋友傳給我小學時候的照片了
,AM 12:15,선우,진짜 개꼬질 흙감자,C:\Users\yuyao\Desktop\fromm抓取\fromm_dump\02\window_0218.xml,真的超髒髒土豆
,AM 12:15,선우,양해 좀,C:\Users\yuyao\Desktop\fromm抓取\fromm_dump\02\window_0218.xml,請多包涵
,AM 12:16,선우,[media/no text],C:\Users\yuyao\Desktop\fromm抓取\fromm_dump\02\window_0219.xml,
,AM 12:16,선우,오학년 때,C:\Users\yuyao\Desktop\fromm抓取\fromm_dump\02\window_0222.xml,五年級的時候
,AM 12:17,선우,[media/no text],C:\Users\yuyao\Desktop\fromm抓取\fromm_dump\02\window_0223.xml,
,AM 12:18,선우,이건 육학년 때,C:\Users\yuyao\Desktop\fromm抓取\fromm_dump\02\window_0226.xml,這是六年級的時候
,AM 12:18,선우,ㅋㅋㅋㅋㅋㅋㅋㅋㅋㅋㅋㅋㅋ,C:\Users\yuyao\Desktop\fromm抓取\fromm_dump\02\window_0226.xml,ㅋㅋㅋㅋㅋㅋㅋㅋㅋㅋㅋㅋㅋ
,AM 12:18,선우,그래도 조금 큼 오학년 때 보단,C:\Users\yuyao\Desktop\fromm抓取\fromm_dump\02\window_0226.xml,不過還是比五年級的時候長大了一點
,AM 12:18,선우,머리 ㄹㅈㄷ,C:\Users\yuyao\Desktop\fromm抓取\fromm_dump\02\window_0227.xml,髮型是傳奇級的
,AM 12:18,선우,저 원숭이티 뭐임 ㄹㅇ,C:\Users\yuyao\Desktop\fromm抓取\fromm_dump\02\window_0227.xml,那件猴子 T 到底是什麼啊真的
,AM 12:36,선우,트위터 저 영상 진짜 머리 장난으로 올리고 하니까 울엄마 저 시절때랑 똑~~~~~~같이 생김,C:\Users\yuyao\Desktop\fromm抓取\fromm_dump\02\window_0227.xml,Twitter 上那支影片，真的因為我開玩笑上傳了那個髮型，結果跟我媽那個時期長得一模～～～～～～一樣
,AM 12:38,선우,울 엄마 어릴 때말고 삼십 정도 되었을 때 얼굴이랑 아예 똑같아서 놀랐어,C:\Users\yuyao\Desktop\fromm抓取\fromm_dump\02\window_0227.xml,不是我媽小時候，是她大概三十歲左右的臉，真的一模一樣，嚇到我了
,AM 12:38,선우,저 시절의 냄새와 공기가 그립다,C:\Users\yuyao\Desktop\fromm抓取\fromm_dump\02\window_0228.xml,好懷念那個時候的味道和空氣
,AM 12:38,선우,동네만 나가면 친구들이 뛰어 놀고 있고,C:\Users\yuyao\Desktop\fromm抓取\fromm_dump\02\window_0228.xml,只要去社區附近，就會有朋友們在外面跑來跑去玩
,AM 12:38,선우,좋았는데 ㅋㅋ,C:\Users\yuyao\Desktop\fromm抓取\fromm_dump\02\window_0228.xml,那時候真好 ㅋㅋ
,AM 12:40,선우,쨌든 약속 지켰다 ㅋ,C:\Users\yuyao\Desktop\fromm抓取\fromm_dump\02\window_0228.xml,總之我遵守約定了 ㅋ
,AM 12:40,선우,해피 어린이날,C:\Users\yuyao\Desktop\fromm抓取\fromm_dump\02\window_0228.xml,兒童節快樂
,AM 12:40,선우,🫶🌸,C:\Users\yuyao\Desktop\fromm抓取\fromm_dump\02\window_0229.xml,🫶🌸
,AM 12:53,선우,똥강아지말고 오빠라고 불러~!,C:\Users\yuyao\Desktop\fromm抓取\fromm_dump\02\window_0230.xml,不要叫我小狗，叫我哥哥～！
,AM 12:54,선우,딱 저부분이 울엄마랑 똑같이 생겼어 유전자는 신기해 엄마 보고싶어요,C:\Users\yuyao\Desktop\fromm抓取\fromm_dump\02\window_0230.xml,就那個地方跟我媽長得一模一樣，基因真的好神奇，想媽媽了
,AM 11:49,선우,오늘도 조은 하루💕,C:\Users\yuyao\Desktop\fromm抓取\fromm_dump\02\window_0230.xml,今天也要有美好的一天💕
,AM 11:49,선우,환절기 땜시 미치겠네 그려,C:\Users\yuyao\Desktop\fromm抓取\fromm_dump\02\window_0231.xml,換季真的快把我搞瘋了
,AM 11:49,선우,오늘 라디오 코막힌 소리여도 양해부탁해,C:\Users\yuyao\Desktop\fromm抓取\fromm_dump\02\window_0231.xml,今天廣播如果聽起來鼻塞，也請多多包涵
,AM 11:49,선우,지금 코랑 목이 아야해,C:\Users\yuyao\Desktop\fromm抓取\fromm_dump\02\window_0231.xml,我現在鼻子跟喉嚨痛痛的
,AM 11:50,선우,환절기가 나를 미치게 ㅎH,C:\Users\yuyao\Desktop\fromm抓取\fromm_dump\02\window_0231.xml,換季要把我逼瘋了ㅎH
,AM 11:50,선우,학 씨 배우님 수상소감,C:\Users\yuyao\Desktop\fromm抓取\fromm_dump\02\window_0232.xml,學先生演員的得獎感言
,AM 11:50,선우,봤는데 너무 멋있으시더라,C:\Users\yuyao\Desktop\fromm抓取\fromm_dump\02\window_0232.xml,我看了，真的好帥
,AM 11:51,선우,안 봤으면 바바 그냥 맘이 좋아져,C:\Users\yuyao\Desktop\fromm抓取\fromm_dump\02\window_0232.xml,沒看的話去看看，心情會變好
,AM 11:51,선우,마지막 학 씨~! 하시는데 그렇게 멋질 수가 없음,C:\Users\yuyao\Desktop\fromm抓取\fromm_dump\02\window_0232.xml,最後他說「學先生～！」那裡，真的帥到不行
,AM 11:52,선우,그래서,C:\Users\yuyao\Desktop\fromm抓取\fromm_dump\02\window_0232.xml,所以
,AM 11:52,선우,그렇게 유명하고 멋진 사람들도 빛을 보는데까지 10년15년을 하시는데,C:\Users\yuyao\Desktop\fromm抓取\fromm_dump\02\window_0233.xml,那麼有名、那麼帥的人，也是花了 10 年、15 年才發光
,AM 11:52,선우,내가 뭐라고 빨리 빨리 잘되고 싶어하는지,C:\Users\yuyao\Desktop\fromm抓取\fromm_dump\02\window_0233.xml,我憑什麼想要那麼快就成功、那麼快就變好呢
,AM 11:52,선우,그냥 쭉 오랫동안 열심히 하면,C:\Users\yuyao\Desktop\fromm抓取\fromm_dump\02\window_0233.xml,只要一直長久地努力下去
,AM 11:53,선우,되는 거구나 하고,C:\Users\yuyao\Desktop\fromm抓取\fromm_dump\02\window_0233.xml,就可以了啊
,AM 11:53,선우,느꼈지 뭐야,C:\Users\yuyao\Desktop\fromm抓取\fromm_dump\02\window_0234.xml,我就是這樣感受到的
,AM 11:54,선우,물론 아이돌은 수명이 짧다고 하긴 하지만 무대서는 사람으로서는 어떤 방식으로던 오랫동안 무대위에서 더비들 보고싶다는 느낌,C:\Users\yuyao\Desktop\fromm抓取\fromm_dump\02\window_0234.xml,雖然都說偶像的壽命很短，但作為站上舞台的人，不管用什麼方式，我都想長久地在舞台上看到德比們
,AM 11:56,선우,그래서 내 속도로 꾸준히 가서 나중에 멋진 자리에서 이랬다 저랬다 꼭 얘기할 거임 ㅋ,C:\Users\yuyao\Desktop\fromm抓取\fromm_dump\02\window_0234.xml,所以我會照自己的速度穩穩走，之後在很棒的位置上，一定會聊起這些事 ㅋ
,AM 11:57,선우,마지막에 더비 사랑합니다 꼭 얘기하구 ㅋ,C:\Users\yuyao\Desktop\fromm抓取\fromm_dump\02\window_0235.xml,最後一定要說「我愛德比」ㅋ
,AM 11:57,선우,일단 그 전에,C:\Users\yuyao\Desktop\fromm抓取\fromm_dump\02\window_0235.xml,在那之前
,AM 11:57,선우,밥 부터 먹고,C:\Users\yuyao\Desktop\fromm抓取\fromm_dump\02\window_0235.xml,先吃飯
,AM 10:59,선우,오늘 하루도 힘내 월요팅이야💕,C:\Users\yuyao\Desktop\fromm抓取\fromm_dump\02\window_0235.xml,今天一天也加油，是週一加油日💕
,AM 10:59,선우,내가 더비들 응원하는 거 잊지마🫶💕,C:\Users\yuyao\Desktop\fromm抓取\fromm_dump\02\window_0236.xml,不要忘記我在為德比們加油🫶💕
,AM 11:02,선우,오늘도 쫀하루🥰,C:\Users\yuyao\Desktop\fromm抓取\fromm_dump\02\window_0236.xml,今天也要有好好的一天🥰
,PM 6:08,선우,예뽀니들,C:\Users\yuyao\Desktop\fromm抓取\fromm_dump\02\window_0236.xml,漂亮寶貝們
,PM 6:08,선우,복복복 강쥐머리털 아돌라 전 수욜날 깎아여 ㅎㅎ 내가 생각해도 넘 길어섴,C:\Users\yuyao\Desktop\fromm抓取\fromm_dump\02\window_0236.xml,摸摸摸小狗毛，ADOLA 前我星期三要去剪頭髮 ㅎㅎ 我自己也覺得太長了섴
,PM 6:09,선우,반삭하고 올게💕💕,C:\Users\yuyao\Desktop\fromm抓取\fromm_dump\02\window_0237.xml,我會剃平頭回來💕💕
,PM 6:09,선우,넘 더워 걍 밀어버릴 거야,C:\Users\yuyao\Desktop\fromm抓取\fromm_dump\02\window_0237.xml,太熱了，我乾脆要全部剃掉
,PM 6:09,선우,기대해줘~!,C:\Users\yuyao\Desktop\fromm抓取\fromm_dump\02\window_0237.xml,期待一下～！
,PM 6:09,선우,ㅋㅋㅋㅋㅋㅋㅋㅋㅋ뭘 그때까지 기다렼ㅋㅋ,C:\Users\yuyao\Desktop\fromm抓取\fromm_dump\02\window_0237.xml,ㅋㅋㅋㅋㅋㅋㅋㅋㅋ幹嘛等到那時候ㅋㅋㅋ
,PM 6:10,선우,내가 예쁘자나 그럼 반삭해도 예뻐해줘야지!!!,C:\Users\yuyao\Desktop\fromm抓取\fromm_dump\02\window_0237.xml,我很漂亮啊，那我剃平頭也要喜歡我才對！！！
,PM 6:10,선우,혿시 내가 아니라 내 머리카락을 좋아하는 거야...?🥺,C:\Users\yuyao\Desktop\fromm抓取\fromm_dump\02\window_0238.xml,難道你喜歡的不是我，是我的頭髮嗎...?🥺
,PM 6:10,선우,🥺,C:\Users\yuyao\Desktop\fromm抓取\fromm_dump\02\window_0238.xml,🥺
,PM 6:11,선우,ㅋㅋㅋㅋㅋㅋㅋ필살기 쓰기,C:\Users\yuyao\Desktop\fromm抓取\fromm_dump\02\window_0239.xml,ㅋㅋㅋㅋㅋㅋㅋ使用必殺技
,PM 6:11,선우,🥺,C:\Users\yuyao\Desktop\fromm抓取\fromm_dump\02\window_0240.xml,🥺
,PM 6:11,선우,🥺🥺,C:\Users\yuyao\Desktop\fromm抓取\fromm_dump\02\window_0240.xml,🥺🥺
,PM 6:11,선우,장난이구 예뿌게 짜르고 오껭,C:\Users\yuyao\Desktop\fromm抓取\fromm_dump\02\window_0240.xml,開玩笑的，我會剪得漂漂亮亮再來
,PM 6:11,선우,알라뿅,C:\Users\yuyao\Desktop\fromm抓取\fromm_dump\02\window_0240.xml,愛你啵
,PM 6:13,선우,ㅋㅋㅋㅋㅋㅋㅋ,C:\Users\yuyao\Desktop\fromm抓取\fromm_dump\02\window_0240.xml,ㅋㅋㅋㅋㅋㅋㅋ
,PM 6:13,선우,인스타 올릴 사진 미리 하나줄까,C:\Users\yuyao\Desktop\fromm抓取\fromm_dump\02\window_0241.xml,要不要先給你一張要發 IG 的照片
,PM 6:13,선우,너니까 주는 거야,C:\Users\yuyao\Desktop\fromm抓取\fromm_dump\02\window_0241.xml,因為是你我才給的
,PM 6:14,선우,라이브는 낼 저녁 밤에 킨다,C:\Users\yuyao\Desktop\fromm抓取\fromm_dump\02\window_0241.xml,直播明天傍晚、晚上開
,PM 6:14,선우,스케쥴로 넣어놨다,C:\Users\yuyao\Desktop\fromm抓取\fromm_dump\02\window_0241.xml,已經排進行程了
,PM 6:17,선우,[media/no text],C:\Users\yuyao\Desktop\fromm抓取\fromm_dump\02\window_0242.xml,
,PM 6:18,선우,[media/no text],C:\Users\yuyao\Desktop\fromm抓取\fromm_dump\02\window_0244.xml,
,PM 6:18,선우,슈프림 빤스는 보여야 제맛,C:\Users\yuyao\Desktop\fromm抓取\fromm_dump\02\window_0244.xml,Supreme 內褲就是要露出來才有味道
,PM 6:20,선우,라이브 주제,C:\Users\yuyao\Desktop\fromm抓取\fromm_dump\02\window_0244.xml,直播主題
,PM 6:20,선우,여러개 생각해놔,C:\Users\yuyao\Desktop\fromm抓取\fromm_dump\02\window_0244.xml,多想幾個
,PM 6:21,선우,나도 생각하긴 할 건데,C:\Users\yuyao\Desktop\fromm抓取\fromm_dump\02\window_0245.xml,我也會想啦
,PM 6:21,선우,좀 논쟁할 수 있는 재미난 것들로 ㅋㅋ,C:\Users\yuyao\Desktop\fromm抓取\fromm_dump\02\window_0245.xml,想一些可以辯論的有趣主題 ㅋㅋ
,PM 6:22,선우,프로필 바꿈,C:\Users\yuyao\Desktop\fromm抓取\fromm_dump\02\window_0245.xml,換頭像了
,PM 6:22,선우,ㄹㅈㄷ 똥개 사진으로,C:\Users\yuyao\Desktop\fromm抓取\fromm_dump\02\window_0245.xml,換成傳奇級糞狗照片
,PM 6:23,선우,[media/no text],C:\Users\yuyao\Desktop\fromm抓取\fromm_dump\02\window_0246.xml,
,PM 6:24,선우,실제로 깬지 얼마 안 됨,C:\Users\yuyao\Desktop\fromm抓取\fromm_dump\02\window_0246.xml,實際上也是真的剛醒沒多久
,PM 6:34,선우,나 준비 좀,C:\Users\yuyao\Desktop\fromm抓取\fromm_dump\02\window_0246.xml,我準備一下
,PM 6:34,선우,skrr,C:\Users\yuyao\Desktop\fromm抓取\fromm_dump\02\window_0247.xml,skrr
,PM 10:18,선우,여러분,C:\Users\yuyao\Desktop\fromm抓取\fromm_dump\02\window_0247.xml,各位
,PM 10:19,선우,비행기한테 억까를 당하였습니다,C:\Users\yuyao\Desktop\fromm抓取\fromm_dump\02\window_0247.xml,我被飛機針對了
,PM 10:19,선우,비행기가 3시간 4시간 연착이 되어,C:\Users\yuyao\Desktop\fromm抓取\fromm_dump\02\window_0248.xml,飛機延誤了 3、4 個小時
,PM 10:19,선우,상하이 호텔을 가면 한국은 새벽 4시가 넘어가게 되어 오늘 라이브는,C:\Users\yuyao\Desktop\fromm抓取\fromm_dump\02\window_0248.xml,如果到上海飯店，韓國時間就會超過凌晨 4 點，所以今天直播
,PM 10:19,선우,다음으로 미루겠읍니다,C:\Users\yuyao\Desktop\fromm抓取\fromm_dump\02\window_0248.xml,就延到下次了
,PM 10:20,선우,처ㅣ대한,C:\Users\yuyao\Desktop\fromm抓取\fromm_dump\02\window_0248.xml,我會盡最大可能
,PM 10:20,선우,빨리,C:\Users\yuyao\Desktop\fromm抓取\fromm_dump\02\window_0248.xml,盡快
,PM 10:20,선우,좋은 컨디션으로,C:\Users\yuyao\Desktop\fromm抓取\fromm_dump\02\window_0249.xml,以好的狀態
,PM 10:20,선우,여러분과 저를 만족시킬 수 있는,C:\Users\yuyao\Desktop\fromm抓取\fromm_dump\02\window_0249.xml,準備一場能讓大家和我都滿意的
,PM 10:20,선우,장시간 라이브를,C:\Users\yuyao\Desktop\fromm抓取\fromm_dump\02\window_0249.xml,長時間直播
,PM 10:20,선우,준비하도록,C:\Users\yuyao\Desktop\fromm抓取\fromm_dump\02\window_0249.xml,好好準備
,PM 10:20,선우,하겠슴당,C:\Users\yuyao\Desktop\fromm抓取\fromm_dump\02\window_0249.xml,給大家
,PM 10:20,선우,^.^,C:\Users\yuyao\Desktop\fromm抓取\fromm_dump\02\window_0250.xml,^.^
,PM 10:20,선우,ㅋㅋㅋㅋㅋㅋㅋㅋ,C:\Users\yuyao\Desktop\fromm抓取\fromm_dump\02\window_0250.xml,ㅋㅋㅋㅋㅋㅋㅋㅋ
,PM 10:20,선우,에라이~,C:\Users\yuyao\Desktop\fromm抓取\fromm_dump\02\window_0250.xml,唉呀～
,PM 10:21,선우,[media/no text],C:\Users\yuyao\Desktop\fromm抓取\fromm_dump\02\window_0251.xml,
,PM 10:21,선우,똥개사진 하나,C:\Users\yuyao\Desktop\fromm抓取\fromm_dump\02\window_0251.xml,再丟一張糞狗照片
,PM 10:21,선우,더 투척하며,C:\Users\yuyao\Desktop\fromm抓取\fromm_dump\02\window_0251.xml,給大家
,PM 10:21,선우,저는 다음시간에 또 찾아오도록 하겠습니다,C:\Users\yuyao\Desktop\fromm抓取\fromm_dump\02\window_0252.xml,我下次再來找大家
,PM 10:21,선우,사랑합니다,C:\Users\yuyao\Desktop\fromm抓取\fromm_dump\02\window_0252.xml,我愛你們
,PM 5:37,선우,비상,C:\Users\yuyao\Desktop\fromm抓取\fromm_dump\02\window_0252.xml,緊急狀況
,PM 5:38,선우,커트하려고 왔는데 담당 쌤 출장가심,C:\Users\yuyao\Desktop\fromm抓取\fromm_dump\02\window_0252.xml,我來剪頭髮，結果負責的老師出差了
,PM 5:38,선우,ㅋㅋㅋㅋㅋㅋㅋㅋㅋㅋㅋㅋ,C:\Users\yuyao\Desktop\fromm抓取\fromm_dump\02\window_0253.xml,ㅋㅋㅋㅋㅋㅋㅋㅋㅋㅋㅋㅋ
,PM 5:38,선우,ㅋㅋㅋㅋㅋㅋㅋㅋㅋㅋㅋㅋㅋㅋ 좀만 더 참아줘~! 나도 커트하고 싶음,C:\Users\yuyao\Desktop\fromm抓取\fromm_dump\02\window_0253.xml,ㅋㅋㅋㅋㅋㅋㅋㅋㅋㅋㅋㅋㅋㅋ 再忍一下～！我也想剪頭髮
,PM 5:38,선우,이왕 이렇게 된 거,C:\Users\yuyao\Desktop\fromm抓取\fromm_dump\02\window_0253.xml,既然都這樣了
,PM 5:38,선우,즐겨 ~,C:\Users\yuyao\Desktop\fromm抓取\fromm_dump\02\window_0253.xml,享受吧～
,PM 5:39,선우,아니먐 아돌라에서 원빈 해버릴게,C:\Users\yuyao\Desktop\fromm抓取\fromm_dump\02\window_0254.xml,不然我就在 ADOLA 變成元彬好了
,PM 5:40,선우,라방에서 상연 해버리던가..,C:\Users\yuyao\Desktop\fromm抓取\fromm_dump\02\window_0254.xml,或是在直播變成相淵..
,PM 5:40,선우,상연이 형하고 연랃했는데 최근에,C:\Users\yuyao\Desktop\fromm抓取\fromm_dump\02\window_0254.xml,最近有跟相淵哥聯絡
,PM 5:41,선우,여기는 선우가 꼭 와야하는 곳이래,C:\Users\yuyao\Desktop\fromm抓取\fromm_dump\02\window_0254.xml,他說這裡是善旴一定要去的地方
,PM 5:41,선우,그래서 바로 납득당했지 뭐야,C:\Users\yuyao\Desktop\fromm抓取\fromm_dump\02\window_0254.xml,所以我馬上就被說服了
,PM 5:42,선우,근데 3- 4년 남았어 아직 먼 얘기야,C:\Users\yuyao\Desktop\fromm抓取\fromm_dump\02\window_0255.xml,但還有 3、4 年，還很久以後的事
,PM 5:42,선우,그때까지 먼저 좋아해주기 부터,C:\Users\yuyao\Desktop\fromm抓取\fromm_dump\02\window_0255.xml,到那時候為止，先從喜歡我開始
,PM 5:42,선우,계획하면 돼,C:\Users\yuyao\Desktop\fromm抓取\fromm_dump\02\window_0255.xml,這樣規劃就好
,PM 5:43,선우,가능해?,C:\Users\yuyao\Desktop\fromm抓取\fromm_dump\02\window_0255.xml,可以嗎？
,PM 5:43,선우,근데 이렇게 먼 시간을 바로 가능하다고 해주는 것도,C:\Users\yuyao\Desktop\fromm抓取\fromm_dump\02\window_0256.xml,不過這麼久以後的時間，你們也馬上說可以
,PM 5:43,선우,감동인데?,C:\Users\yuyao\Desktop\fromm抓取\fromm_dump\02\window_0256.xml,有點感動耶？
,PM 5:44,선우,멋지다,C:\Users\yuyao\Desktop\fromm抓取\fromm_dump\02\window_0256.xml,帥欸
,PM 5:44,선우,끼잉...,C:\Users\yuyao\Desktop\fromm抓取\fromm_dump\02\window_0256.xml,嗚咽...
,PM 5:44,선우,똥개스킬,C:\Users\yuyao\Desktop\fromm抓取\fromm_dump\02\window_0256.xml,糞狗技能
,PM 5:44,선우,"끼잉..,,",C:\Users\yuyao\Desktop\fromm抓取\fromm_dump\02\window_0257.xml,"嗚咽..,,"
,PM 5:46,선우,[media/no text],C:\Users\yuyao\Desktop\fromm抓取\fromm_dump\02\window_0257.xml,
,PM 5:46,선우,먕,C:\Users\yuyao\Desktop\fromm抓取\fromm_dump\02\window_0257.xml,喵
,PM 5:46,선우,귀얍지,C:\Users\yuyao\Desktop\fromm抓取\fromm_dump\02\window_0258.xml,可愛吧
,PM 5:46,선우,나도 주워온 애임,C:\Users\yuyao\Desktop\fromm抓取\fromm_dump\02\window_0258.xml,我也是撿來的孩子
,PM 5:47,선우,누구네 천사인지 모름,C:\Users\yuyao\Desktop\fromm抓取\fromm_dump\02\window_0258.xml,不知道是哪家的天使
,PM 5:47,선우,넘 기엽다,C:\Users\yuyao\Desktop\fromm抓取\fromm_dump\02\window_0258.xml,太可愛了
,PM 5:47,선우,ㅠ,C:\Users\yuyao\Desktop\fromm抓取\fromm_dump\02\window_0258.xml,ㅠ
,PM 5:49,선우,오랜만에 라디오 하는 구만,C:\Users\yuyao\Desktop\fromm抓取\fromm_dump\02\window_0259.xml,久違地要做廣播了啊
,AM 1:40,선우,손흥민 선수 우승 제발,C:\Users\yuyao\Desktop\fromm抓取\fromm_dump\02\window_0259.xml,拜託孫興慜選手奪冠
,AM 1:40,선우,잘 자,C:\Users\yuyao\Desktop\fromm抓取\fromm_dump\02\window_0259.xml,晚安
,AM 1:40,선우,난 4시 축구보고 자련다,C:\Users\yuyao\Desktop\fromm抓取\fromm_dump\02\window_0259.xml,我要看 4 點的足球再睡
,AM 1:40,선우,손흥민 우승컵 제발,C:\Users\yuyao\Desktop\fromm抓取\fromm_dump\02\window_0260.xml,孫興慜冠軍盃拜託
,AM 1:40,선우,토트넘 화이팅,C:\Users\yuyao\Desktop\fromm抓取\fromm_dump\02\window_0260.xml,Tottenham 加油
,AM 1:42,선우,오늘 넘 고생했구 얼른 먼저 자💕💕,C:\Users\yuyao\Desktop\fromm抓取\fromm_dump\02\window_0260.xml,今天辛苦了，先快點睡吧💕💕
,AM 1:43,선우,굿나잇🫶🫶,C:\Users\yuyao\Desktop\fromm抓取\fromm_dump\02\window_0260.xml,Good night🫶🫶
,PM 11:20,선우,4605362,C:\Users\yuyao\Desktop\fromm抓取\fromm_dump\02\window_0261.xml,4605362
,PM 11:27,선우,[media/no text],C:\Users\yuyao\Desktop\fromm抓取\fromm_dump\02\window_0261.xml,
,PM 11:27,선우,2등으로 져버렸습니다,C:\Users\yuyao\Desktop\fromm抓取\fromm_dump\02\window_0261.xml,以第二名輸掉了
,PM 11:27,선우,한판 더 가겠습니다,C:\Users\yuyao\Desktop\fromm抓取\fromm_dump\02\window_0261.xml,再來一局
,PM 11:28,선우,2198891,C:\Users\yuyao\Desktop\fromm抓取\fromm_dump\02\window_0262.xml,2198891
,PM 11:36,선우,[media/no text],C:\Users\yuyao\Desktop\fromm抓取\fromm_dump\02\window_0262.xml,
,PM 11:36,선우,잘가라 애기들이여,C:\Users\yuyao\Desktop\fromm抓取\fromm_dump\02\window_0262.xml,再見了孩子們
,PM 11:37,선우,더비들 근데 개귀엽네,C:\Users\yuyao\Desktop\fromm抓取\fromm_dump\02\window_0262.xml,不過德比們真的超可愛
,PM 11:37,선우,자주해야겠다 ㅋㅋㅋㅋㅋ,C:\Users\yuyao\Desktop\fromm抓取\fromm_dump\02\window_0263.xml,要常常玩才行 ㅋㅋㅋㅋㅋ
,PM 11:37,선우,일단 지금응 끝!!!🫶 담에 또 자주하께 ㅎㅎ 고수들 들어와 ~,C:\Users\yuyao\Desktop\fromm抓取\fromm_dump\02\window_0263.xml,總之現在結束！！！🫶 下次會常常開的 ㅎㅎ 高手們進來～
,PM 6:01,선우,우쥬레코드 나왂어,C:\Users\yuyao\Desktop\fromm抓取\fromm_dump\02\window_0263.xml,Wuju Record 出來了
,PM 6:01,선우,봤어?,C:\Users\yuyao\Desktop\fromm抓取\fromm_dump\02\window_0263.xml,看了嗎？
,PM 6:01,선우,빨리 맛보고 즐기고 감상평 길게길게 남겨줘 <!~! ㅎㅎ,C:\Users\yuyao\Desktop\fromm抓取\fromm_dump\02\window_0264.xml,快點品嚐、享受，然後心得長長地留給我 <!~! ㅎㅎ
,PM 6:01,선우,노래부르고 랩하는 게 쩰 조아,C:\Users\yuyao\Desktop\fromm抓取\fromm_dump\02\window_0264.xml,唱歌跟 Rap 是最喜歡的
,PM 6:01,선우,쩰 행복해,C:\Users\yuyao\Desktop\fromm抓取\fromm_dump\02\window_0264.xml,最幸福了
,PM 6:01,선우,히히히ㅣ,C:\Users\yuyao\Desktop\fromm抓取\fromm_dump\02\window_0264.xml,嘻嘻嘻ㅣ
,PM 6:51,선우,나는 포인트가 최애야,C:\Users\yuyao\Desktop\fromm抓取\fromm_dump\02\window_0265.xml,我最愛 Point
,PM 6:52,선우,내 파트에 내가 의도한대로 보컬프라이가 잘 들어가서 조아,C:\Users\yuyao\Desktop\fromm抓取\fromm_dump\02\window_0265.xml,我的 Part 裡有照我想要的方式把 vocal fry 放進去，所以喜歡
,PM 6:52,선우,에브리 데이 앤 나잇 할때 나잇에 보컬 프라이 주게 연습했는데 잘돼서 조아써,C:\Users\yuyao\Desktop\fromm抓取\fromm_dump\02\window_0265.xml,Every day and night 的 night 那裡，我練習了加 vocal fry，做得不錯所以很開心
,PM 6:53,선우,가래끓는 소리가 보컬프라이얌,C:\Users\yuyao\Desktop\fromm抓取\fromm_dump\02\window_0265.xml,像有痰卡住的聲音就是 vocal fry
,PM 6:53,선우,히히 빨리 커버도 해야지 꺄아 신나🙌🫨🤭🫨,C:\Users\yuyao\Desktop\fromm抓取\fromm_dump\02\window_0266.xml,嘻嘻，快點也要 Cover，呀啊好興奮🙌🫨🤭🫨
,PM 7:32,선우,더비 모해,C:\Users\yuyao\Desktop\fromm抓取\fromm_dump\02\window_0266.xml,德比在幹嘛
,PM 7:34,선우,최근에 풋살 했는데,C:\Users\yuyao\Desktop\fromm抓取\fromm_dump\02\window_0266.xml,最近踢了五人制足球
,PM 7:34,선우,아직까지 못 걷는 중,C:\Users\yuyao\Desktop\fromm抓取\fromm_dump\02\window_0266.xml,到現在還走不了路
,PM 7:34,선우,근육통 말도 안됨,C:\Users\yuyao\Desktop\fromm抓取\fromm_dump\02\window_0267.xml,肌肉痠痛太扯了
,PM 7:35,선우,중심 좀만 앞으로 하면 다리가 덜덜덜 떨림 ㅋㅋ,C:\Users\yuyao\Desktop\fromm抓取\fromm_dump\02\window_0267.xml,重心只要稍微往前，腿就抖抖抖 ㅋㅋ
,PM 7:35,선우,마~이 주긋따 선우 ~,C:\Users\yuyao\Desktop\fromm抓取\fromm_dump\02\window_0267.xml,完～蛋了善旴～
,PM 7:36,선우,뭉찬 나가고 싶다,C:\Users\yuyao\Desktop\fromm抓取\fromm_dump\02\window_0267.xml,想上《團結才能踢》
,PM 7:37,선우,내일 스우파 나온다 리더들 싸움 빨리 보고싶네 ㅋ,C:\Users\yuyao\Desktop\fromm抓取\fromm_dump\02\window_0267.xml,明天《Street Woman Fighter》播，想快點看隊長們吵架 ㅋ
,PM 7:39,선우,나 요즘 빠진 노래,C:\Users\yuyao\Desktop\fromm抓取\fromm_dump\02\window_0268.xml,我最近沉迷的歌
,PM 7:39,선우,추천 드림,C:\Users\yuyao\Desktop\fromm抓取\fromm_dump\02\window_0268.xml,推薦給你們
,PM 7:39,선우,들어봐,C:\Users\yuyao\Desktop\fromm抓取\fromm_dump\02\window_0268.xml,聽看看
,PM 7:39,선우,홍다빈 -shower song,C:\Users\yuyao\Desktop\fromm抓取\fromm_dump\02\window_0268.xml,Hong Dabin - shower song
,PM 7:39,선우,들어봐 나도 지굼 들어야게따,C:\Users\yuyao\Desktop\fromm抓取\fromm_dump\02\window_0269.xml,聽看看，我現在也要來聽
,PM 7:39,선우,같이 듣자,C:\Users\yuyao\Desktop\fromm抓取\fromm_dump\02\window_0269.xml,一起聽吧
,PM 7:43,선우,좋지,C:\Users\yuyao\Desktop\fromm抓取\fromm_dump\02\window_0269.xml,不錯吧
,PM 7:44,선우,자기 삶을 샤워에 빗대어서 표현한게 넘 멋있뜸,C:\Users\yuyao\Desktop\fromm抓取\fromm_dump\02\window_0269.xml,把自己的人生比喻成洗澡來表達，真的很帥
,PM 7:45,선우,드라이브 하먄서 들어바 차있는 더비,C:\Users\yuyao\Desktop\fromm抓取\fromm_dump\02\window_0269.xml,有車的德比，開車時聽看看
,PM 7:45,선우,오빠,C:\Users\yuyao\Desktop\fromm抓取\fromm_dump\02\window_0270.xml,哥哥
,PM 7:45,선우,차 읶어?,C:\Users\yuyao\Desktop\fromm抓取\fromm_dump\02\window_0270.xml,有車嗎？
,PM 7:45,선우,ㅈㅅ,C:\Users\yuyao\Desktop\fromm抓取\fromm_dump\02\window_0270.xml,抱歉
,PM 7:46,선우,나 차 많지,C:\Users\yuyao\Desktop\fromm抓取\fromm_dump\02\window_0271.xml,我車很多啊
,PM 7:46,선우,3대 중에 골라타고 다녀,C:\Users\yuyao\Desktop\fromm抓取\fromm_dump\02\window_0271.xml,三台裡面挑一台開
,PM 7:47,선우,택시랑 버스랑 카니발,C:\Users\yuyao\Desktop\fromm抓取\fromm_dump\02\window_0271.xml,計程車、公車、嘉年華保母車
,PM 7:47,선우,뭐 탈래 너,C:\Users\yuyao\Desktop\fromm抓取\fromm_dump\02\window_0271.xml,你要搭哪個
,PM 7:47,선우,"그래,, 리듬이나 타자..",C:\Users\yuyao\Desktop\fromm抓取\fromm_dump\02\window_0271.xml,好吧，，還是跟著節奏搖好了..
,PM 7:47,선우,skrr,C:\Users\yuyao\Desktop\fromm抓取\fromm_dump\02\window_0272.xml,skrr
,PM 7:48,선우,누가 삼천원 던지는 선우 생각나네 라는데,C:\Users\yuyao\Desktop\fromm抓取\fromm_dump\02\window_0272.xml,有人說想到丟三千元的善旴
,PM 7:48,선우,천원이다,C:\Users\yuyao\Desktop\fromm抓取\fromm_dump\02\window_0272.xml,是一千元
,PM 7:48,선우,한장 뿌렸다,C:\Users\yuyao\Desktop\fromm抓取\fromm_dump\02\window_0272.xml,我撒了一張
,PM 7:48,선우,생각해보니 그거 누가 가져갔냐,C:\Users\yuyao\Desktop\fromm抓取\fromm_dump\02\window_0273.xml,想想那個到底誰拿走了
,PM 7:48,선우,맞다 내가 누구 줬었다,C:\Users\yuyao\Desktop\fromm抓取\fromm_dump\02\window_0273.xml,對了，我有給某個人
,PM 7:49,선우,몰라 앞에 어떤 소녀가 손 뻗길래 천원 줌,C:\Users\yuyao\Desktop\fromm抓取\fromm_dump\02\window_0273.xml,不知道，前面有個少女伸手，我就給了她一千元
,PM 7:49,선우,"그 천원은 지금 돌고 돌아서 누군가의 지갑에 있겠지,,",C:\Users\yuyao\Desktop\fromm抓取\fromm_dump\02\window_0273.xml,"那張一千元現在應該輾轉流到某個人的錢包裡了吧,,"
,PM 7:49,선우,넌 듯 ㄹㅇ ㅋㅋ,C:\Users\yuyao\Desktop\fromm抓取\fromm_dump\02\window_0273.xml,感覺就是你，真的 ㅋㅋ
,PM 7:49,선우,운 먕,C:\Users\yuyao\Desktop\fromm抓取\fromm_dump\02\window_0274.xml,運 喵
,PM 7:50,선우,진격거 보고 있는데 초대형 거인이 나 닮았다고?,C:\Users\yuyao\Desktop\fromm抓取\fromm_dump\02\window_0274.xml,我在看進擊的巨人，你說超大型巨人像我？
,PM 7:50,선우,응 너 차력 거인,C:\Users\yuyao\Desktop\fromm抓取\fromm_dump\02\window_0274.xml,嗯，你是車力巨人
,PM 7:50,선우,미안 너 말고 너,C:\Users\yuyao\Desktop\fromm抓取\fromm_dump\02\window_0274.xml,抱歉，不是你，是你
,PM 7:50,선우,ㄱㄷ,C:\Users\yuyao\Desktop\fromm抓取\fromm_dump\02\window_0274.xml,等一下
,PM 7:51,선우,ʕ•ﻌ•ʔฅ1751924,C:\Users\yuyao\Desktop\fromm抓取\fromm_dump\02\window_0275.xml,ʕ•ﻌ•ʔฅ1751924
,PM 7:57,선우,농락하네 막,C:\Users\yuyao\Desktop\fromm抓取\fromm_dump\02\window_0275.xml,一直耍人欸
,PM 7:57,선우,졌다,C:\Users\yuyao\Desktop\fromm抓取\fromm_dump\02\window_0275.xml,輸了
,PM 7:57,선우,오만원판 한판한다  돈 많은 사람만 들어와,C:\Users\yuyao\Desktop\fromm抓取\fromm_dump\02\window_0275.xml,來一局五萬元場，只有有錢人進來
,PM 7:57,선우,7464553,C:\Users\yuyao\Desktop\fromm抓取\fromm_dump\02\window_0276.xml,7464553
,PM 8:03,선우,하,C:\Users\yuyao\Desktop\fromm抓取\fromm_dump\02\window_0276.xml,唉
,PM 8:03,선우,이따 백원 짜리로 하고 지금은 안 한다 이제,C:\Users\yuyao\Desktop\fromm抓取\fromm_dump\02\window_0276.xml,等一下玩一百元的，現在不玩了
,PM 8:03,선우,패배의 쓴 맛,C:\Users\yuyao\Desktop\fromm抓取\fromm_dump\02\window_0276.xml,敗北的苦澀滋味
,PM 8:03,선우,이따 할래,C:\Users\yuyao\Desktop\fromm抓取\fromm_dump\02\window_0276.xml,等一下再玩
,PM 8:04,선우,제이콥 형도 시작했던데,C:\Users\yuyao\Desktop\fromm抓取\fromm_dump\02\window_0277.xml,Jacob 哥也開始了
,PM 8:04,선우,루린이임,C:\Users\yuyao\Desktop\fromm抓取\fromm_dump\02\window_0277.xml,是 LoL 新手
,PM 8:04,선우,아예 못하던데,C:\Users\yuyao\Desktop\fromm抓取\fromm_dump\02\window_0277.xml,他完全不會玩
,PM 8:11,선우,요즘 왤케 덥니,C:\Users\yuyao\Desktop\fromm抓取\fromm_dump\02\window_0277.xml,最近怎麼這麼熱啊
,PM 8:11,선우,요즘 나 또 빠진 거,C:\Users\yuyao\Desktop\fromm抓取\fromm_dump\02\window_0277.xml,我最近又迷上的東西
,PM 8:11,선우,추천해드림,C:\Users\yuyao\Desktop\fromm抓取\fromm_dump\02\window_0278.xml,推薦給大家
,PM 8:12,선우,돌비의 공포라디오,C:\Users\yuyao\Desktop\fromm抓取\fromm_dump\02\window_0278.xml,Dolby 的恐怖廣播
,PM 8:12,선우,"이거 무서은 얘기인데 귀신 말고도 실화 무서운 얘기들
있는데 함 봐바 막 깜놀 이런 거 없고 음성으로 들려주는 건데 몰입감 대박이고 재밌음",C:\Users\yuyao\Desktop\fromm抓取\fromm_dump\02\window_0278.xml,這個是恐怖故事，不只有鬼，也有真實事件那種可怕故事，去看看吧。沒有突然嚇人的東西，是用聲音講給你聽的，沉浸感超強，很有趣。
,PM 8:12,선우,나 깜놀만 없으면 무서운 거 좋아함,C:\Users\yuyao\Desktop\fromm抓取\fromm_dump\02\window_0278.xml,只要沒有突然嚇人，我其實滿喜歡恐怖的
,PM 8:13,선우,봐바 진짜 재밌다니까,C:\Users\yuyao\Desktop\fromm抓取\fromm_dump\02\window_0279.xml,去看啦，真的很有趣啦
,PM 8:13,선우,친구들이랑 봐봐 쫄보니까 너는 ㅎㅎ,C:\Users\yuyao\Desktop\fromm抓取\fromm_dump\02\window_0279.xml,跟朋友一起看吧，你是膽小鬼嘛ㅎㅎ
,PM 8:13,선우,맞잖아,C:\Users\yuyao\Desktop\fromm抓取\fromm_dump\02\window_0279.xml,沒錯吧
,PM 8:14,선우,난 아직 세편 봄,C:\Users\yuyao\Desktop\fromm抓取\fromm_dump\02\window_0279.xml,我目前看了三集
,PM 8:14,선우,한편에 평균 40분,C:\Users\yuyao\Desktop\fromm抓取\fromm_dump\02\window_0280.xml,一集平均 40 分鐘
,PM 8:14,선우,정도인 듯,C:\Users\yuyao\Desktop\fromm抓取\fromm_dump\02\window_0280.xml,左右的樣子
,PM 8:15,선우,내가 본 거 하나 추천해드림 이건 사람 얘기,C:\Users\yuyao\Desktop\fromm抓取\fromm_dump\02\window_0280.xml,我推薦一個我看過的，這個是人的故事
,PM 8:17,선우,일단 지인이 5년간 사라졌던 이유 편 진짜 무섭고 실화 같아서 듣기 불편할 수도 있는데 일단 이 편 하고,C:\Users\yuyao\Desktop\fromm抓取\fromm_dump\02\window_0280.xml,首先「熟人消失 5 年的理由」那集真的很可怕，也很像真實事件，聽起來可能會有點不舒服，總之先看這集
,PM 8:18,선우,그리고 관광지 가이드 알바 편,C:\Users\yuyao\Desktop\fromm抓取\fromm_dump\02\window_0281.xml,還有「觀光地導遊打工」那集
,PM 8:18,선우,이미 많이 봤단 더비도 있네 추천해준 편들 다 볼게,C:\Users\yuyao\Desktop\fromm抓取\fromm_dump\02\window_0281.xml,也有很多 DERBY 已經看過了呢，你們推薦的集數我都會看
,PM 8:18,선우,일단 난 세편 중에 저 두편도 잼썼고 나중에 또 봐야게따,C:\Users\yuyao\Desktop\fromm抓取\fromm_dump\02\window_0281.xml,總之我看的三集中，那兩集也很有趣，之後還要再看
,PM 8:19,선우,진짜 재밌음 집중되고 꼭 봐 ㅋ,C:\Users\yuyao\Desktop\fromm抓取\fromm_dump\02\window_0281.xml,真的很好看，很容易集中，一定要看ㅋ
,PM 8:19,선우,나중에 라이브로,C:\Users\yuyao\Desktop\fromm抓取\fromm_dump\02\window_0281.xml,之後直播的時候
,PM 8:19,선우,더비랑 같이 보기 ㄱ?,C:\Users\yuyao\Desktop\fromm抓取\fromm_dump\02\window_0282.xml,要不要跟 DERBY 一起看 ㄱ？
,PM 8:19,선우,재밌겠다,C:\Users\yuyao\Desktop\fromm抓取\fromm_dump\02\window_0282.xml,感覺會很好玩
,PM 8:19,선우,라디오니까 더비도 들릴 거 아냐,C:\Users\yuyao\Desktop\fromm抓取\fromm_dump\02\window_0282.xml,因為是廣播，DERBY 應該也聽得到吧
,PM 8:20,선우,나랑 같이 ㄱ ㄱ,C:\Users\yuyao\Desktop\fromm抓取\fromm_dump\02\window_0282.xml,跟我一起 ㄱㄱ
,PM 8:20,선우,나만 믿어 내가,C:\Users\yuyao\Desktop\fromm抓取\fromm_dump\02\window_0283.xml,相信我，我會
,PM 8:20,선우,지켜줄게,C:\Users\yuyao\Desktop\fromm抓取\fromm_dump\02\window_0283.xml,保護你的
,PM 8:20,선우,ㅋㅋ,C:\Users\yuyao\Desktop\fromm抓取\fromm_dump\02\window_0283.xml,ㅋㅋ
,PM 8:20,선우,내가 봐도 내가 하나도 안 듬직해보임,C:\Users\yuyao\Desktop\fromm抓取\fromm_dump\02\window_0283.xml,連我自己看都覺得我一點都不可靠
,PM 8:20,선우,이미지 큰일났네 ~,C:\Users\yuyao\Desktop\fromm抓取\fromm_dump\02\window_0283.xml,形象出大事了呢～
,PM 10:36,선우,소설들 먹금하고 루미큐브나 들어와~,C:\Users\yuyao\Desktop\fromm抓取\fromm_dump\02\window_0284.xml,不要理那些小說了，進來玩 Rummikub 啦～
,PM 10:36,선우,6987489,C:\Users\yuyao\Desktop\fromm抓取\fromm_dump\02\window_0284.xml,6987489
,PM 10:37,선우,584124,C:\Users\yuyao\Desktop\fromm抓取\fromm_dump\02\window_0284.xml,584124
,PM 10:37,선우,ㅈㅅ,C:\Users\yuyao\Desktop\fromm抓取\fromm_dump\02\window_0284.xml,抱歉
,PM 10:46,선우,2883240,C:\Users\yuyao\Desktop\fromm抓取\fromm_dump\02\window_0285.xml,2883240
,PM 11:28,선우,더비들 나 자세한 더비들 상황도 모르는 상태로 눈치없이 넘 가볍게 말하고 게임했다... 무슨 이유로든 더비 더 속상할 것 같은데 더비들 미안.. 진심 미안해요..🙏🤦‍♂️🤦‍♂️,C:\Users\yuyao\Desktop\fromm抓取\fromm_dump\02\window_0285.xml,DERBY 們，我在不清楚你們詳細狀況的情況下，太沒眼色、太輕率地說話還玩遊戲了……不管是什麼原因，好像都會讓 DERBY 更難過，DERBY 們對不起……真的對不起..🙏🤦‍♂️🤦‍♂️
,PM 11:29,선우,😭😭,C:\Users\yuyao\Desktop\fromm抓取\fromm_dump\02\window_0285.xml,😭😭
,PM 8:04,선우,더비 마니 사랑해 잊지마!!!!!,C:\Users\yuyao\Desktop\fromm抓取\fromm_dump\02\window_0286.xml,DERBY 我很愛你，別忘了!!!!!
,PM 8:04,선우,밥 챙겨머거요,C:\Users\yuyao\Desktop\fromm抓取\fromm_dump\02\window_0286.xml,要好好吃飯喔
,PM 8:04,선우,비 맞지말구,C:\Users\yuyao\Desktop\fromm抓取\fromm_dump\02\window_0286.xml,不要淋雨
,PM 8:04,선우,"그리고 코로나 또 유행이래 조심 또 조심,,",C:\Users\yuyao\Desktop\fromm抓取\fromm_dump\02\window_0286.xml,"還有聽說新冠又流行了，小心再小心,,"
,PM 11:01,선우,더비 잘자 푹자 빠이😬🫶,C:\Users\yuyao\Desktop\fromm抓取\fromm_dump\02\window_0286.xml,DERBY 晚安，好好睡，掰😬🫶
,PM 11:05,선우,사랑해!! 여러번 아무리 생각해봐도 사랑해!!!!! 잘자!! 나도 잔다 뿅,C:\Users\yuyao\Desktop\fromm抓取\fromm_dump\02\window_0287.xml,愛你!! 想了好多次，不管怎麼想都還是愛你!!!!! 晚安!! 我也要睡了，咻
,PM 11:05,선우,💕,C:\Users\yuyao\Desktop\fromm抓取\fromm_dump\02\window_0287.xml,💕
,PM 5:37,선우,더비 뭐하묘,C:\Users\yuyao\Desktop\fromm抓取\fromm_dump\02\window_0287.xml,DERBY 在幹嘛呀
,PM 5:37,선우,비 왤케 마니와,C:\Users\yuyao\Desktop\fromm抓取\fromm_dump\02\window_0288.xml,雨怎麼下這麼大
,PM 5:37,선우,한국도 비와?,C:\Users\yuyao\Desktop\fromm抓取\fromm_dump\02\window_0288.xml,韓國也下雨嗎？
,PM 5:37,선우,내일은 한국 비 옴?,C:\Users\yuyao\Desktop\fromm抓取\fromm_dump\02\window_0288.xml,明天韓國會下雨嗎？
,PM 5:38,선우,더비들 기상청도 아닌데 물어봐서 미안 ㅋ,C:\Users\yuyao\Desktop\fromm抓取\fromm_dump\02\window_0288.xml,DERBY 們又不是氣象廳，還問你們，抱歉ㅋ
,PM 5:39,선우,뭔가 나 단체로 자컨 같은 거 아이디어 생각했는데 어떤지 들어보센,C:\Users\yuyao\Desktop\fromm抓取\fromm_dump\02\window_0288.xml,我好像想到一個團體自製內容的點子，聽看看怎麼樣
,PM 5:39,선우,우리 모였을 때 걍 토론 같은 거 할 때가 난 어이엊ㅅ고 재밌단 말야,C:\Users\yuyao\Desktop\fromm抓取\fromm_dump\02\window_0289.xml,我們聚在一起像是討論什麼的時候，我覺得很荒唐又很好笑嘛
,PM 5:40,선우,그래서 요즘 유튜브 십이층,C:\Users\yuyao\Desktop\fromm抓取\fromm_dump\02\window_0289.xml,所以最近 YouTube 的《十二層》
,PM 5:40,선우,엄청 핫하자나,C:\Users\yuyao\Desktop\fromm抓取\fromm_dump\02\window_0289.xml,不是很紅嗎
,PM 5:40,선우,그런 것 처럼,C:\Users\yuyao\Desktop\fromm抓取\fromm_dump\02\window_0289.xml,就像那種
,PM 5:40,선우,예전에 바퀴입 처럼,C:\Users\yuyao\Desktop\fromm抓取\fromm_dump\02\window_0290.xml,也像以前的《輪子嘴》那樣
,PM 5:40,선우,칠판에 어이없는 거나 좀 요즘 핫했던  예전에 고전적으로 핫했던 밸런스 게임 주제 적어놓고,C:\Users\yuyao\Desktop\fromm抓取\fromm_dump\02\window_0290.xml,在黑板上寫一些荒唐的東西，或是最近很紅、以前經典紅過的二選一遊戲題目
,PM 5:40,선우,걍 서로의 생각 들으면서 막 화내고 난리내면서,C:\Users\yuyao\Desktop\fromm抓取\fromm_dump\02\window_0290.xml,然後就聽彼此的想法，一邊生氣一邊鬧翻天
,PM 5:40,선우,서로 싸우는 거임,C:\Users\yuyao\Desktop\fromm抓取\fromm_dump\02\window_0290.xml,互相吵起來
,PM 5:41,선우,뭔가 막 짜여진 것보다,C:\Users\yuyao\Desktop\fromm抓取\fromm_dump\02\window_0291.xml,比起那種設計得很完整的東西
,PM 5:41,선우,이런 하찮은 것들이나 좀 덜어낸 것들에사 재밌는 시너지가 나오는 듯,C:\Users\yuyao\Desktop\fromm抓取\fromm_dump\02\window_0291.xml,我覺得這種沒什麼了不起、比較放鬆的東西反而會有好笑的化學反應
,PM 5:42,선우,열한명이니까 십일층 으로 해서 ㅋ,C:\Users\yuyao\Desktop\fromm抓取\fromm_dump\02\window_0291.xml,因為有十一個人，就叫《十一層》ㅋ
,PM 5:42,선우,이런 건 사실 주기적으로 회사에서 넘 가볍게,C:\Users\yuyao\Desktop\fromm抓取\fromm_dump\02\window_0291.xml,這種其實公司也可以定期很輕鬆地
,PM 5:42,선우,정기적으로도 뭔가 할 수 있기도 하고,C:\Users\yuyao\Desktop\fromm抓取\fromm_dump\02\window_0292.xml,固定做點什麼
,PM 5:42,선우,뭐 이런 것만 한다는 건 아니지만,C:\Users\yuyao\Desktop\fromm抓取\fromm_dump\02\window_0292.xml,當然不是說只做這種
,PM 5:42,선우,그래도,C:\Users\yuyao\Desktop\fromm抓取\fromm_dump\02\window_0292.xml,不過
,PM 5:42,선우,간편해야 정기적으로 부담없이 오래 가능하니까 일단 이런 것도 생각해봤음,C:\Users\yuyao\Desktop\fromm抓取\fromm_dump\02\window_0292.xml,就是要簡單，才能定期、沒負擔地做很久，所以先想了這種
,PM 5:43,선우,그전에 난 라이브로 더비들이랑 따로,C:\Users\yuyao\Desktop\fromm抓取\fromm_dump\02\window_0293.xml,在那之前，我先用直播跟 DERBY 們另外
,PM 5:43,선우,예행연습 ㄱ ㄱ,C:\Users\yuyao\Desktop\fromm抓取\fromm_dump\02\window_0293.xml,預演 ㄱㄱ
,PM 5:43,선우,오늘 저녁,C:\Users\yuyao\Desktop\fromm抓取\fromm_dump\02\window_0293.xml,今天晚上
,PM 5:43,선우,돌비 같이,C:\Users\yuyao\Desktop\fromm抓取\fromm_dump\02\window_0293.xml,一起聽 Dolby
,PM 5:43,선우,들으실? ㅋㅋ,C:\Users\yuyao\Desktop\fromm抓取\fromm_dump\02\window_0293.xml,要不要？ㅋㅋ
,PM 5:43,선우,아 근데,C:\Users\yuyao\Desktop\fromm抓取\fromm_dump\02\window_0294.xml,啊不過
,PM 5:43,선우,그건 내가 좀,C:\Users\yuyao\Desktop\fromm抓取\fromm_dump\02\window_0294.xml,那個我有點
,PM 5:43,선우,아니다,C:\Users\yuyao\Desktop\fromm抓取\fromm_dump\02\window_0294.xml,算了
,PM 5:43,선우,안 무섭긴 해~,C:\Users\yuyao\Desktop\fromm抓取\fromm_dump\02\window_0294.xml,其實不恐怖啦～
,PM 5:44,선우,근데 ㄹㅇ 더비도 같이,C:\Users\yuyao\Desktop\fromm抓取\fromm_dump\02\window_0294.xml,但真的 DERBY 也要一起
,PM 5:44,선우,들어줘야함,C:\Users\yuyao\Desktop\fromm抓取\fromm_dump\02\window_0295.xml,聽才行
,PM 5:44,선우,무섭다고 빼고 소리끄면,C:\Users\yuyao\Desktop\fromm抓取\fromm_dump\02\window_0295.xml,不能因為害怕就逃走、把聲音關掉
,PM 5:44,선우,안되고,C:\Users\yuyao\Desktop\fromm抓取\fromm_dump\02\window_0295.xml,不可以
,PM 5:44,선우,그리규 한 화가 길어서 라디오 들어야하니까 난 중간 중간 리액션이랑 잠깐 끊고 스토리에 대해 얘기하고 요정도?,C:\Users\yuyao\Desktop\fromm抓取\fromm_dump\02\window_0295.xml,而且一集很長，因為是聽廣播，所以我中間會做反應，暫停一下聊劇情，大概這樣？
,PM 5:44,선우,함 해?,C:\Users\yuyao\Desktop\fromm抓取\fromm_dump\02\window_0296.xml,要試試嗎？
,PM 5:45,선우,일단 얘기해보구 정리되면 알려즈께!,C:\Users\yuyao\Desktop\fromm抓取\fromm_dump\02\window_0296.xml,我先問問看，整理好再告訴你！
,PM 5:45,선우,시간이랑 이런 거 나도 언제 도착하고 이런 걸 잘 몰라성!!,C:\Users\yuyao\Desktop\fromm抓取\fromm_dump\02\window_0296.xml,時間那些我也不太清楚什麼時候到之類的!!
,PM 5:46,선우,오늘 되면 오늘 하는 게 가장 좋지 생각날 때 해야함,C:\Users\yuyao\Desktop\fromm抓取\fromm_dump\02\window_0296.xml,今天可以的話今天做最好，想到就要做
,PM 5:46,선우,밥 잘챙겨먹구 하루 잘 마무리 하구 이떠 더비는,C:\Users\yuyao\Desktop\fromm抓取\fromm_dump\02\window_0296.xml,DERBY 要好好吃飯，好好結束一天喔
,PM 5:47,선우,근데 켜도 늦게 켜야하긴 할 거야 도쿄로 저녁에 또 넘어가고 해야해서 오늘 ㅠㅠ,C:\Users\yuyao\Desktop\fromm抓取\fromm_dump\02\window_0297.xml,不過就算開也應該會開得很晚，因為晚上還要再去東京，今天ㅠㅠ
,PM 5:52,선우,정해지고 알게 되자마자 바로 말해즈께😬,C:\Users\yuyao\Desktop\fromm抓取\fromm_dump\02\window_0297.xml,一決定、我一知道就馬上告訴你😬
,PM 5:53,선우,주말인데 좀 쉬는 중이야?,C:\Users\yuyao\Desktop\fromm抓取\fromm_dump\02\window_0297.xml,週末耶，你正在休息嗎？
,PM 5:54,선우,공부하는 더비도 있고 쉬는 더비도 있구 일정있는 더비도 있넴,C:\Users\yuyao\Desktop\fromm抓取\fromm_dump\02\window_0298.xml,有在讀書的 DERBY，也有休息的 DERBY，還有有行程的 DERBY 呢
,PM 5:54,선우,오늘도 쫀하루 보내,C:\Users\yuyao\Desktop\fromm抓取\fromm_dump\02\window_0298.xml,今天也要過美好的一天
,PM 5:54,선우,나는 다냐오께,C:\Users\yuyao\Desktop\fromm抓取\fromm_dump\02\window_0298.xml,我去去就回
,PM 5:54,선우,사랑해 빠이,C:\Users\yuyao\Desktop\fromm抓取\fromm_dump\02\window_0298.xml,愛你，掰
,PM 5:54,선우,🫶💕,C:\Users\yuyao\Desktop\fromm抓取\fromm_dump\02\window_0298.xml,🫶💕
,PM 10:38,선우,나 도착했어!!! 호텔!!!!,C:\Users\yuyao\Desktop\fromm抓取\fromm_dump\02\window_0299.xml,我到了!!! 飯店!!!!
,PM 10:38,선우,잠시만 더비 ㅠㅠ 넘 오래 기다렸지 ㅠㅠㅜ,C:\Users\yuyao\Desktop\fromm抓取\fromm_dump\02\window_0299.xml,等一下 DERBY ㅠㅠ 等很久了吧ㅠㅠㅜ
,PM 11:02,선우,폰이랑 짐 받는 것만 기다랴조 🫶 😩 졸리면 얼른 자!!!!,C:\Users\yuyao\Desktop\fromm抓取\fromm_dump\02\window_0299.xml,等我拿手機和行李就好 🫶 😩 如果睏了就快睡!!!!
,PM 11:04,선우,바부ㅑ야,C:\Users\yuyao\Desktop\fromm抓取\fromm_dump\02\window_0299.xml,笨蛋啊
,PM 11:04,선우,"일욜이니까 좀만 늦게
자자!!!!!",C:\Users\yuyao\Desktop\fromm抓取\fromm_dump\02\window_0299.xml,"因為是星期日，稍微晚一點
睡吧!!!!!"
,AM 1:29,선우,더비야아,C:\Users\yuyao\Desktop\fromm抓取\fromm_dump\03\window_0001.xml,DERBY 啊啊
,AM 1:29,선우,내가 라방하다보니까 무서운 얘기만 하다가 간 것 같은뎈ㅋ,C:\Users\yuyao\Desktop\fromm抓取\fromm_dump\03\window_0001.xml,我直播著直播著，好像只講了恐怖故事就走了뎈ㅋ
,AM 1:29,선우,몰겠어 그냥 사랑하고 고맙다고 말하려도 했는데,C:\Users\yuyao\Desktop\fromm抓取\fromm_dump\03\window_0002.xml,不知道耶，本來只是想說我愛你、謝謝你
,AM 1:32,선우,감히 내가 지금 무슨 말을 해도 되는 건가 싶구 하는 생각들이 많이 있지만 무슨 말들이 따라오던 그냥 사랑하는 건 사랑하는 거니까 언제까지나 꼬옥 곁에서 말해줄게 그리구,C:\Users\yuyao\Desktop\fromm抓取\fromm_dump\03\window_0002.xml,雖然我會想，我現在到底有沒有資格說什麼，不管接下來會跟著什麼樣的話，愛就是愛，所以我會一直在你身邊緊緊地說給你聽，還有
,,선우,"내가 바보같이 그저 사실이 아닌 것들에 대한 부분들에 있어서 분위기를 장난스레 풀어내려고 했던 이기심과 그러한 말들로 인해서 더비가 좋아했던 이유들이 사라지지 않도록 오해받지 않도록 뭐가 더비를 더 위한 건지 그게 그저 솔직함인지 아니면 두번 세번 더 생각한 언행들인지 계속 판단하면서 더비들의 눈이 틀리지 않았다는 걸!!!!!!!!!!!! 증명하고 싶어!!!! 사랑한다고 하는 말 뒤에 따라붙는 시선들은 겁나지 않아 그저 정말 사랑하는 더비들이 상처 받는 게 장산범보다 몇천배는 무섭다는 거!!! 그게 내 진심이니까 새벽의 힘을 빌려서 얘기해!! 이런 말들이 몇번째고 반복이 되지 않도록 끝까지 포기 안하고 노력할게!!! 그저 무한하게 이유없이 받는 사랑은 없다는 것과 사랑받는다는 이유로 실수를 언제까지나 용서 받지 못한 다는 점 받은 만큼, 아니 더 많이 더비에게 돌려주자는 마음 꼬옥 간직한 채로 오늘 귀신 물리치고 잘 잘게요 더비들도 괜히 무섭게 해서 미안하궇ㅎ 헤헷 잘 자요!!! 사랑해서 미안하고 사랑해서 고마워! 안녕🌸💕",C:\Users\yuyao\Desktop\fromm抓取\fromm_dump\03\window_0002.xml,我笨拙地只是想把那些不是事實的部分，用開玩笑的方式緩和氣氛，這份自私，還有因為那些話，為了不要讓 DERBY 曾經喜歡我的理由消失、不要被誤會，我會一直判斷什麼才是更為 DERBY 好，是單純坦白，還是再三思考後的言行，我想證明 DERBY 的眼光沒有錯!!!!!!!!!!!! 跟在「我愛你」後面的那些視線我不害怕，真正讓我害怕的，是我真的愛著的 DERBY 們受傷，這比長山虎還可怕幾千倍!!! 這就是我的真心，所以借著凌晨的力量說出來!! 為了不讓這些話一次又一次重複，我會努力到最後，不放棄!!! 只會牢牢記著，沒有無限、毫無理由被愛這件事，也不會因為被愛就永遠能被原諒錯誤；會帶著收到多少、不，是更多地回報 DERBY 的心，今天會趕走鬼然後好好睡。也抱歉讓 DERBY 們白白覺得害怕ㅎㅎ 嘿嘿，晚安!!! 對不起因為我愛你，謝謝你因為我愛你！再見🌸💕
,,선우,"무슨 문장으로 어떤 단어들로 마음을 전하고 글을 시작해야 할지 아직도 잘 모르겠지만 두서없어도 양해 부탁드려요
그냥 더비들한테 하고 싶은 말은 아이돌을 떠나서 인간 김선우로서 더비의 믿음을 그리고 스스로의 믿음을 깨는 행동은 절대 하지 않을 겁니다
지금까지 있었던 저의 언행의 실수들 당연하게 짊어지고 되짚고 생각하고 반성하면서 더 나은 사람이 될 수 있도록, 계속 제가 주고 싶은 사랑 더비한테 거짓 없이 전달하면서 안 멈추고 나아갈 거예요
제가 먼저 이 커다란 마음들을 받아 마땅한 사람이 될게요
더비들이 기꺼이
우리에게 내어준 마음을 스스로
부정하고 자책하게 만드는 게 제일 아프네요
늘 진심으로 더비를 대했고 앞으로도 진심으로 대할 겁니다
강해지고 성숙해질게요 더비!",C:\Users\yuyao\Desktop\fromm抓取\fromm_dump\03\window_0004.xml,"我到現在還是不知道該用什麼句子、什麼詞來傳達心意、開始這段文字，但就算語無倫次也請見諒。
我只是想對 DERBY 說，撇開偶像身分，作為人類金善旴，我絕對不會做出打破 DERBY 的信任、也打破我自己信念的行為。
至今我言行上的失誤，我當然會背負著、回頭檢視、思考、反省，為了成為更好的人，我會繼續把我想給的愛毫無虛假地傳達給 DERBY，不停下來往前走。
我會先成為配得上接住這些巨大心意的人。
讓 DERBY 們甘願交給我們的心，被你們自己否定、責備自己，這是最讓我痛的。
我一直都真心對待 DERBY，以後也會真心對待。
我會變得更堅強、更成熟的，DERBY！"
,PM 12:23,선우,오늘 날씨 좋다 더비 오늘 하루 힘내🫶🫶 밥 많이 먹어 두번 먹어 세번 먹어,C:\Users\yuyao\Desktop\fromm抓取\fromm_dump\03\window_0006.xml,今天天氣很好，DERBY 今天也加油🫶🫶 飯要多吃，吃兩次、吃三次
,PM 2:01,선우,이제 슬슬 장마 시작하나보다 더비 우산 챙기고 따뜻하게 입어 걱정되니까☔️☔️,C:\Users\yuyao\Desktop\fromm抓取\fromm_dump\03\window_0006.xml,現在好像慢慢要進入梅雨季了，DERBY 記得帶傘，穿暖一點，我會擔心☔️☔️
,PM 2:03,선우,사랑해!,C:\Users\yuyao\Desktop\fromm抓取\fromm_dump\03\window_0006.xml,愛你！
,AM 10:28,선우,오늘도 좋은 하루 보내 더비 좋은 생각하구💕,C:\Users\yuyao\Desktop\fromm抓取\fromm_dump\03\window_0007.xml,今天也過個美好的一天，DERBY，想些好的事情💕
,AM 10:28,선우,사랑해💕💕,C:\Users\yuyao\Desktop\fromm抓取\fromm_dump\03\window_0007.xml,愛你💕💕
,AM 10:29,선우,더비 보고싶다 ㅋ😬,C:\Users\yuyao\Desktop\fromm抓取\fromm_dump\03\window_0007.xml,想 DERBY 了ㅋ😬
,AM 10:30,선우,아 오늘 난 곧 보긴 하구나,C:\Users\yuyao\Desktop\fromm抓取\fromm_dump\03\window_0007.xml,啊，今天我等等就能見到了呢
,AM 10:31,선우,나 브링그린 영통회 이또,C:\Users\yuyao\Desktop\fromm抓取\fromm_dump\03\window_0008.xml,我有 Bring Green 視訊簽售
,AM 10:31,선우,잘하구 오껭,C:\Users\yuyao\Desktop\fromm抓取\fromm_dump\03\window_0008.xml,我會好好做完回來的
,AM 10:32,선우,ʕ•ﻌ•ʔฅ오늘은 좀 쉬나 ?,C:\Users\yuyao\Desktop\fromm抓取\fromm_dump\03\window_0008.xml,ʕ•ﻌ•ʔฅ 今天有休息一下嗎？
,AM 10:34,선우,뭘하던 내 생각은 같이 해주셈,C:\Users\yuyao\Desktop\fromm抓取\fromm_dump\03\window_0008.xml,不管做什麼，都要順便想我一下
,PM 1:35,선우,[media/no text],C:\Users\yuyao\Desktop\fromm抓取\fromm_dump\03\window_0009.xml,
,PM 1:35,선우,자,C:\Users\yuyao\Desktop\fromm抓取\fromm_dump\03\window_0010.xml,來
,PM 1:36,선우,play_video,C:\Users\yuyao\Desktop\fromm抓取\fromm_dump\03\window_0011.xml,播放影片
,PM 1:36,선우,알잘딱깔센,C:\Users\yuyao\Desktop\fromm抓取\fromm_dump\03\window_0012.xml,知道分寸、俐落到位
,AM 4:39,선우,파리에도 비가 오네요,C:\Users\yuyao\Desktop\fromm抓取\fromm_dump\03\window_0012.xml,巴黎也下雨了呢
,AM 8:16,선우,더비 보고싶구만,C:\Users\yuyao\Desktop\fromm抓取\fromm_dump\03\window_0013.xml,想 DERBY 了呢
,AM 8:17,선우,audio_play,C:\Users\yuyao\Desktop\fromm抓取\fromm_dump\03\window_0013.xml,播放音訊
,AM 8:27,선우,audio_play,C:\Users\yuyao\Desktop\fromm抓取\fromm_dump\03\window_0013.xml,播放音訊
,AM 8:40,선우,좋은 하루 보내💕,C:\Users\yuyao\Desktop\fromm抓取\fromm_dump\03\window_0013.xml,過個美好的一天💕
,AM 8:40,선우,여긴 새벽 3시 다 되어가는데,C:\Users\yuyao\Desktop\fromm抓取\fromm_dump\03\window_0013.xml,這裡快凌晨 3 點了
,AM 8:40,선우,혼자 호텔에 있으니까 적적해서 더비 찾아써 ㅋ,C:\Users\yuyao\Desktop\fromm抓取\fromm_dump\03\window_0014.xml,一個人在飯店有點寂寞，所以來找 DERBY 了ㅋ
,AM 8:40,선우,난 이제 잔다☔️✨,C:\Users\yuyao\Desktop\fromm抓取\fromm_dump\03\window_0014.xml,我現在要睡了☔️✨
,AM 8:41,선우,굿나잇🤭🫶🫶,C:\Users\yuyao\Desktop\fromm抓取\fromm_dump\03\window_0014.xml,Good night🤭🫶🫶
,AM 8:41,선우,뿅💕,C:\Users\yuyao\Desktop\fromm抓取\fromm_dump\03\window_0014.xml,咻💕
,AM 1:40,선우,더비 보고싶어!!!,C:\Users\yuyao\Desktop\fromm抓取\fromm_dump\03\window_0015.xml,DERBY 我想你!!!
,AM 1:40,선우,쇼 잘 마쳤어요!!,C:\Users\yuyao\Desktop\fromm抓取\fromm_dump\03\window_0015.xml,秀順利結束了!!
,AM 2:17,선우,프롬 리밑틷에디션,C:\Users\yuyao\Desktop\fromm抓取\fromm_dump\03\window_0015.xml,fromm limited edition
,AM 2:17,선우,[media/no text],C:\Users\yuyao\Desktop\fromm抓取\fromm_dump\03\window_0016.xml,
,AM 2:18,선우,이따 인스타로 사진 많이 올릴게요 사랑해요,C:\Users\yuyao\Desktop\fromm抓取\fromm_dump\03\window_0016.xml,等等會在 Instagram 上傳很多照片，我愛你們
,AM 2:38,선우,[media/no text],C:\Users\yuyao\Desktop\fromm抓取\fromm_dump\03\window_0017.xml,
,AM 2:38,선우,프롬 해주는 더비들 예뻐서 나중에 올릴 힙합체리 두개 더 보내요,C:\Users\yuyao\Desktop\fromm抓取\fromm_dump\03\window_0017.xml,因為用 fromm 的 DERBY 們很漂亮，所以再送兩張之後會上傳的嘻哈櫻桃
,AM 2:39,선우,[media/no text],C:\Users\yuyao\Desktop\fromm抓取\fromm_dump\03\window_0018.xml,
,AM 2:42,선우,못봤던 스타일링일텐데 이런 모습도 좋아해줬으면 좋겠다 늦었을 텐데 얼른 자요🫶 나중에 인스타로도 올릴테니 잘 봐주고💕 고마워! 관심 가져줘서! 얼른 자 잘 자🤭🫶,C:\Users\yuyao\Desktop\fromm抓取\fromm_dump\03\window_0019.xml,應該是沒看過的造型，希望你們也喜歡這樣的樣子。應該很晚了，快睡吧🫶 之後也會上傳到 Instagram，要好好看喔💕 謝謝你們關注！快睡，晚安🤭🫶
,PM 1:15,선우,더비야 모해💕💕💕,C:\Users\yuyao\Desktop\fromm抓取\fromm_dump\03\window_0019.xml,DERBY 啊，在幹嘛💕💕💕
,PM 1:15,선우,7월도 잘 부탁해🫶✨,C:\Users\yuyao\Desktop\fromm抓取\fromm_dump\03\window_0019.xml,7 月也請多多關照🫶✨
,PM 1:16,선우,하는 것들 준비하는 것들 다 잘 되길!!!!!!!!,C:\Users\yuyao\Desktop\fromm抓取\fromm_dump\03\window_0019.xml,正在做的事、準備的事都順順利利!!!!!!!!
,PM 1:16,선우,비나이다 비나이다,C:\Users\yuyao\Desktop\fromm抓取\fromm_dump\03\window_0020.xml,祈求祈求
,PM 1:17,선우,인스타 예전에 올렸다가 뭐 같이 올려야하는데 잘못올려서 삭제한 사진들 다시 주께,C:\Users\yuyao\Desktop\fromm抓取\fromm_dump\03\window_0020.xml,以前上傳到 Instagram 後，因為有些要一起發卻發錯所以刪掉的照片，我再給你
,PM 1:18,선우,왤케 느려,C:\Users\yuyao\Desktop\fromm抓取\fromm_dump\03\window_0022.xml,怎麼這麼慢
,PM 1:19,선우,[media/no text],C:\Users\yuyao\Desktop\fromm抓取\fromm_dump\03\window_0023.xml,
,PM 10:49,선우,ʕ•ﻌ•ʔฅ,C:\Users\yuyao\Desktop\fromm抓取\fromm_dump\03\window_0025.xml,ʕ•ﻌ•ʔฅ
,PM 10:49,선우,오늘도 고생했어,C:\Users\yuyao\Desktop\fromm抓取\fromm_dump\03\window_0025.xml,今天也辛苦了
,PM 10:49,선우,잘 자💕!,C:\Users\yuyao\Desktop\fromm抓取\fromm_dump\03\window_0025.xml,晚安💕！
,PM 10:50,선우,난 오늘 하루 크고작은 스케쥴을 5개를 해버린 슈스의 삶을 체험해봤어 고로 난,C:\Users\yuyao\Desktop\fromm抓取\fromm_dump\03\window_0025.xml,我今天體驗了一天跑了 5 個大大小小行程的超級巨星生活，所以我
,PM 10:50,선우,기절할개,C:\Users\yuyao\Desktop\fromm抓取\fromm_dump\03\window_0026.xml,要昏倒了
,PM 10:50,선우,게,C:\Users\yuyao\Desktop\fromm抓取\fromm_dump\03\window_0026.xml,啦
,PM 10:50,선우,잘 자 알라뷰,C:\Users\yuyao\Desktop\fromm抓取\fromm_dump\03\window_0026.xml,晚安，I love you
,PM 10:50,선우,체리해^^,C:\Users\yuyao\Desktop\fromm抓取\fromm_dump\03\window_0026.xml,Cherry hae^^
,PM 10:50,선우,방토해^^,C:\Users\yuyao\Desktop\fromm抓取\fromm_dump\03\window_0026.xml,小番茄 hae^^
,PM 10:50,선우,방토해는 어감 때문에 체리로 가겠습니다,C:\Users\yuyao\Desktop\fromm抓取\fromm_dump\03\window_0027.xml,因為「小番茄 hae」語感的關係，還是用 Cherry
,PM 10:51,선우,정신 체리자,C:\Users\yuyao\Desktop\fromm抓取\fromm_dump\03\window_0027.xml,打起精神來，Cherry 子
,PM 10:51,선우,ㅈㅅ,C:\Users\yuyao\Desktop\fromm抓取\fromm_dump\03\window_0027.xml,抱歉
,PM 10:51,선우,잘게 굿나잇💕💕,C:\Users\yuyao\Desktop\fromm抓取\fromm_dump\03\window_0027.xml,我要睡了，Good night💕💕
,PM 10:51,선우,너도 항상 행복해,C:\Users\yuyao\Desktop\fromm抓取\fromm_dump\03\window_0027.xml,你也要一直幸福
,PM 10:51,선우,사랑해요,C:\Users\yuyao\Desktop\fromm抓取\fromm_dump\03\window_0028.xml,我愛你
,PM 10:51,선우,✨,C:\Users\yuyao\Desktop\fromm抓取\fromm_dump\03\window_0028.xml,✨
,PM 10:53,선우,그냥 너가 주는 마음들이 너무 소중해 내가 꼭 아끼고 간직하고 있으께 진짜 가께 안뇽🍒,C:\Users\yuyao\Desktop\fromm抓取\fromm_dump\03\window_0028.xml,只是你給我的心意都太珍貴了，我一定會珍惜並好好收藏，真的要走了，掰🍒
,PM 12:32,선우,오늘 덥당 그래도 쫀하루🌸🥵💝,C:\Users\yuyao\Desktop\fromm抓取\fromm_dump\03\window_0029.xml,今天好熱啊，不過也要有美好的一天🌸🥵💝
,AM 8:55,선우,넘 졸리당 오늘도 빳팅이야💕,C:\Users\yuyao\Desktop\fromm抓取\fromm_dump\03\window_0029.xml,好睏啊，今天也 fighting💕
,AM 8:55,선우,더우니까 손풍기 들고 다녀 울이쁜 더비들,C:\Users\yuyao\Desktop\fromm抓取\fromm_dump\03\window_0029.xml,太熱了，我漂亮的 DERBY 們要帶手持風扇出門
,PM 3:04,선우,오늘 날씨 짱 더워!!!!!!!!,C:\Users\yuyao\Desktop\fromm抓取\fromm_dump\03\window_0030.xml,今天天氣超級熱!!!!!!!!
,PM 3:05,선우,"집에 있어,,, 일정없으면 ,,있어도 실내에만 이써,,,",C:\Users\yuyao\Desktop\fromm抓取\fromm_dump\03\window_0030.xml,"待在家裡吧,,, 沒行程的話,, 有行程也只待在室內,,,"
,PM 3:06,선우,오오,C:\Users\yuyao\Desktop\fromm抓取\fromm_dump\03\window_0030.xml,喔喔
,PM 3:06,선우,우와,C:\Users\yuyao\Desktop\fromm抓取\fromm_dump\03\window_0030.xml,哇
,PM 3:07,선우,답장기능 생겨따,C:\Users\yuyao\Desktop\fromm抓取\fromm_dump\03\window_0030.xml,有回覆功能了
,PM 3:07,선우,누구는 해달라고 하고 누구는 질투나서 하지말아달라고 하넼,C:\Users\yuyao\Desktop\fromm抓取\fromm_dump\03\window_0031.xml,有人說希望我回覆，有人又因為吃醋叫我不要回覆呢ㅋ
,PM 3:07,선우,이런 걸로 질투하는 거 보면,C:\Users\yuyao\Desktop\fromm抓取\fromm_dump\03\window_0031.xml,會因為這種事吃醋的話
,PM 3:08,선우,분명 액희 겠지,C:\Users\yuyao\Desktop\fromm抓取\fromm_dump\03\window_0031.xml,一定是小寶寶吧
,PM 3:08,선우,그래도 난 할 것임,C:\Users\yuyao\Desktop\fromm抓取\fromm_dump\03\window_0031.xml,不過我還是會回
,PM 3:08,선우,질투는 견뎌야 성장하는 법,C:\Users\yuyao\Desktop\fromm抓取\fromm_dump\03\window_0032.xml,嫉妒是要撐過去才會成長的
,PM 3:09,선우,내가 첫번째다!🫶,C:\Users\yuyao\Desktop\fromm抓取\fromm_dump\03\window_0032.xml,我是第一個！🫶
,PM 3:09,선우,건강하세요,C:\Users\yuyao\Desktop\fromm抓取\fromm_dump\03\window_0032.xml,請健康
,PM 3:10,선우,"당신이 답장 받는 그날까지,, 허ㅏ이팅💕",C:\Users\yuyao\Desktop\fromm抓取\fromm_dump\03\window_0032.xml,"直到你收到回覆的那天為止,, fighting💕"
,PM 3:10,선우,근데 다 읽긴함,C:\Users\yuyao\Desktop\fromm抓取\fromm_dump\03\window_0032.xml,不過我都有讀啦
,PM 3:11,선우,워아이니!,C:\Users\yuyao\Desktop\fromm抓取\fromm_dump\03\window_0033.xml,我愛你！
,PM 3:11,선우,어쨌든,C:\Users\yuyao\Desktop\fromm抓取\fromm_dump\03\window_0033.xml,總之
,PM 3:11,선우,이번 컨셉 뭐일 것 갘아,C:\Users\yuyao\Desktop\fromm抓取\fromm_dump\03\window_0033.xml,你覺得這次概念會是什麼
,PM 3:14,선우,나도 모르겠어 청량일지 청양일지..,C:\Users\yuyao\Desktop\fromm抓取\fromm_dump\03\window_0033.xml,我也不知道，是清涼還是青陽..
,PM 3:16,선우,뭔가 드라마나 영화 작가님 섭외해서 트레일러부터 의미부여 하나씩 다해서 뮤비까지 다 이어지게 더비들이 궁예하면서 막 해석하는 재미있게 만드는 거 하고 싶따,C:\Users\yuyao\Desktop\fromm抓取\fromm_dump\03\window_0034.xml,有點想邀請電視劇或電影編劇，從 trailer 開始一個一個都賦予意義，連到 MV，讓 DERBY 們一邊推測一邊解釋，做成那種有趣的東西
,PM 3:16,선우,그런게 재밌는데 그치 ㅋ,C:\Users\yuyao\Desktop\fromm抓取\fromm_dump\03\window_0034.xml,那種很好玩，對吧ㅋ
,PM 3:17,선우,더비 섭외합니다,C:\Users\yuyao\Desktop\fromm抓取\fromm_dump\03\window_0034.xml,徵召 DERBY
,PM 3:18,선우,트레일러는 의미는 있지만 뮤비까지 이어지진 않구 트레일러 자체로 의미가 마무리 되는 것이여,C:\Users\yuyao\Desktop\fromm抓取\fromm_dump\03\window_0034.xml,trailer 雖然有意義，但不會一路連到 MV，而是 trailer 本身的意義會在那裡收尾
,PM 3:19,선우,나중에 나도 기획할 수 있는 짬이 오면 내 상상력과 캐해력으로 만들어보고 싶다,C:\Users\yuyao\Desktop\fromm抓取\fromm_dump\03\window_0035.xml,以後如果我也到了能企劃的資歷，想用我的想像力和角色理解力做看看
,PM 3:19,선우,너무 할 맛날 듯,C:\Users\yuyao\Desktop\fromm抓取\fromm_dump\03\window_0035.xml,感覺會超有動力
,PM 3:19,선우,플러스 더비의 의견 참고해서 하면 넘무너무 조을뜻,C:\Users\yuyao\Desktop\fromm抓取\fromm_dump\03\window_0035.xml,再加上參考 DERBY 的意見來做，感覺會非常非常好
,PM 3:20,선우,엄청나게 큰 댐이 부서지면서 그 안에 더비가 있는 장면부터 시작,C:\Users\yuyao\Desktop\fromm抓取\fromm_dump\03\window_0035.xml,從一座超巨大的水壩崩塌，裡面有 DERBY 的畫面開始
,PM 3:21,선우,인류는 떠올랐다,C:\Users\yuyao\Desktop\fromm抓取\fromm_dump\03\window_0036.xml,人類想起了
,PM 3:21,선우,ㅋㅋㅋㅋㅋㅋㅋㅋㅋㅋㅋㅋㅋ,C:\Users\yuyao\Desktop\fromm抓取\fromm_dump\03\window_0036.xml,ㅋㅋㅋㅋㅋㅋㅋㅋㅋㅋㅋㅋㅋ
,PM 3:21,선우,나 춤추러 가야함,C:\Users\yuyao\Desktop\fromm抓取\fromm_dump\03\window_0036.xml,我得去跳舞了
,PM 3:21,선우,으앙,C:\Users\yuyao\Desktop\fromm抓取\fromm_dump\03\window_0036.xml,嗚앙
,PM 3:21,선우,다녀올게,C:\Users\yuyao\Desktop\fromm抓取\fromm_dump\03\window_0037.xml,我去去就回
,PM 3:21,선우,😩🫶💕,C:\Users\yuyao\Desktop\fromm抓取\fromm_dump\03\window_0037.xml,😩🫶💕
,PM 2:20,선우,비온다 서울 ㅠㅜ,C:\Users\yuyao\Desktop\fromm抓取\fromm_dump\03\window_0037.xml,首爾下雨了ㅠㅜ
,PM 2:21,선우,우산 챙기세용,C:\Users\yuyao\Desktop\fromm抓取\fromm_dump\03\window_0037.xml,請記得帶傘
,PM 2:21,선우,비 안오면 양산도 챙기시구여ㅎㅎ,C:\Users\yuyao\Desktop\fromm抓取\fromm_dump\03\window_0038.xml,如果沒下雨，也請帶陽傘ㅎㅎ
,PM 2:21,선우,아니 여러분,C:\Users\yuyao\Desktop\fromm抓取\fromm_dump\03\window_0038.xml,不是，各位
,PM 2:21,선우,이거,C:\Users\yuyao\Desktop\fromm抓取\fromm_dump\03\window_0038.xml,這個
,PM 2:21,선우,나 최근에,C:\Users\yuyao\Desktop\fromm抓取\fromm_dump\03\window_0038.xml,我最近
,PM 2:21,선우,브링그린에서,C:\Users\yuyao\Desktop\fromm抓取\fromm_dump\03\window_0038.xml,從 Bring Green 那邊
,PM 2:21,선우,또 뭐 주셔서 받았는데,C:\Users\yuyao\Desktop\fromm抓取\fromm_dump\03\window_0039.xml,又收到他們給的東西
,PM 2:21,선우,립밤,C:\Users\yuyao\Desktop\fromm抓取\fromm_dump\03\window_0039.xml,護唇膏
,PM 2:22,선우,있거든 그거 킥임 진짜,C:\Users\yuyao\Desktop\fromm抓取\fromm_dump\03\window_0039.xml,有喔，那個真的是亮點
,PM 2:22,선우,그거 써봐 ㄹㅇ,C:\Users\yuyao\Desktop\fromm抓取\fromm_dump\03\window_0039.xml,那個你真的用看看，ㄹㅇ
,PM 2:22,선우,진짜,C:\Users\yuyao\Desktop\fromm抓取\fromm_dump\03\window_0039.xml,真的
,PM 2:22,선우,나 장담함,C:\Users\yuyao\Desktop\fromm抓取\fromm_dump\03\window_0040.xml,我保證
,PM 2:22,선우,진짜 추천함 내가 모델 아녔어도 추천함,C:\Users\yuyao\Desktop\fromm抓取\fromm_dump\03\window_0040.xml,真的推薦，就算我不是代言人也會推薦
,PM 2:22,선우,ㄱㄷ,C:\Users\yuyao\Desktop\fromm抓取\fromm_dump\03\window_0040.xml,等一下
,PM 2:22,선우,브링그린 립 에센스,C:\Users\yuyao\Desktop\fromm抓取\fromm_dump\03\window_0040.xml,Bring Green 護唇精華
,PM 2:22,선우,있거든 하늘색,C:\Users\yuyao\Desktop\fromm抓取\fromm_dump\03\window_0040.xml,有一個天藍色的
,PM 2:23,선우,그거 ㄹㅇ 입술이,C:\Users\yuyao\Desktop\fromm抓取\fromm_dump\03\window_0041.xml,那個真的會讓嘴唇
,PM 2:23,선우,쫀ㅡ쫀 해짐,C:\Users\yuyao\Desktop\fromm抓取\fromm_dump\03\window_0041.xml,變得很～～Q 彈
,PM 2:23,선우,그,C:\Users\yuyao\Desktop\fromm抓取\fromm_dump\03\window_0041.xml,那個
,PM 2:23,선우,대나무,C:\Users\yuyao\Desktop\fromm抓取\fromm_dump\03\window_0041.xml,竹子
,PM 2:23,선우,히룰렐루,C:\Users\yuyao\Desktop\fromm抓取\fromm_dump\03\window_0041.xml,hi-ru-le-lu
,PM 2:23,선우,어쩌구,C:\Users\yuyao\Desktop\fromm抓取\fromm_dump\03\window_0042.xml,什麼什麼的
,PM 2:23,선우,히알루야?,C:\Users\yuyao\Desktop\fromm抓取\fromm_dump\03\window_0042.xml,是玻尿酸嗎？
,PM 2:23,선우,어쨌든,C:\Users\yuyao\Desktop\fromm抓取\fromm_dump\03\window_0042.xml,總之
,PM 2:24,선우,그거 써봐 진짜 진짜 진짜 킥이야 ㅋ,C:\Users\yuyao\Desktop\fromm抓取\fromm_dump\03\window_0042.xml,那個真的真的真的用看看，超讚ㅋ
,PM 2:24,선우,서누으 요즘 꿀템 공유 끝,C:\Users\yuyao\Desktop\fromm抓取\fromm_dump\03\window_0042.xml,善旴最近愛用品分享結束
,PM 2:25,선우,[media/no text],C:\Users\yuyao\Desktop\fromm抓取\fromm_dump\03\window_0043.xml,
,PM 2:25,선우,이건 걍 심심해서 찍었던 사진 ㅋㅋ,C:\Users\yuyao\Desktop\fromm抓取\fromm_dump\03\window_0045.xml,這只是無聊才拍的照片ㅋㅋ
,PM 2:25,선우,이 쪼끄만 건 무시해,C:\Users\yuyao\Desktop\fromm抓取\fromm_dump\03\window_0045.xml,這個小小的東西就無視吧
,PM 2:26,선우,염색은,C:\Users\yuyao\Desktop\fromm抓取\fromm_dump\03\window_0046.xml,染髮的話
,PM 2:26,선우,활동이랑 콘서트 시기 때,C:\Users\yuyao\Desktop\fromm抓取\fromm_dump\03\window_0046.xml,要在活動跟演唱會時期
,PM 2:26,선우,그 전엔 보색트리트먼트로 해야하고,C:\Users\yuyao\Desktop\fromm抓取\fromm_dump\03\window_0046.xml,在那之前要先用補色護髮處理
,PM 2:26,선우,머리가 빨리 자라서,C:\Users\yuyao\Desktop\fromm抓取\fromm_dump\03\window_0046.xml,因為頭髮長得很快
,PM 2:26,선우,좀 나눠서 해야함,C:\Users\yuyao\Desktop\fromm抓取\fromm_dump\03\window_0046.xml,所以得分開來做
,PM 2:27,선우,계석 빠질 때마다 하면,C:\Users\yuyao\Desktop\fromm抓取\fromm_dump\03\window_0047.xml,如果每次掉色都一直補
,PM 2:27,선우,활동때쯤은,C:\Users\yuyao\Desktop\fromm抓取\fromm_dump\03\window_0047.xml,到活動的時候
,PM 2:27,선우,까까머리가 될 것임,C:\Users\yuyao\Desktop\fromm抓取\fromm_dump\03\window_0047.xml,就會變成平頭了
,PM 2:29,선우,마이크 색 변하나ㅑ고?,C:\Users\yuyao\Desktop\fromm抓取\fromm_dump\03\window_0047.xml,你問麥克風顏色會不會變？
,PM 2:29,선우,나 변해 ㅠㅠ,C:\Users\yuyao\Desktop\fromm抓取\fromm_dump\03\window_0047.xml,我會變ㅠㅠ
,PM 2:29,선우,더 개쩌는 빨강으로 ㅋ,C:\Users\yuyao\Desktop\fromm抓取\fromm_dump\03\window_0048.xml,變成更炸的紅色ㅋ
,PM 2:30,선우,너무 잼민이 단어 썼다,C:\Users\yuyao\Desktop\fromm抓取\fromm_dump\03\window_0048.xml,剛剛用了太小屁孩的詞
,PM 2:30,선우,ㅈㅅ,C:\Users\yuyao\Desktop\fromm抓取\fromm_dump\03\window_0048.xml,抱歉
,PM 2:31,선우,움빠움빠쬽은 살면서 처음 들어보는 잼민 단어네요,C:\Users\yuyao\Desktop\fromm抓取\fromm_dump\03\window_0048.xml,「umppa umppa jjop」是我人生第一次聽到的小屁孩用語呢
,PM 2:32,선우,우리 모두 움빠움빠쬽 💕 입술이 되어보아용🫶,C:\Users\yuyao\Desktop\fromm抓取\fromm_dump\03\window_0049.xml,我們都來變成 umppa umppa jjop💕 的嘴唇吧🫶
,PM 2:32,선우,ʕ•ﻌ•ʔฅ,C:\Users\yuyao\Desktop\fromm抓取\fromm_dump\03\window_0049.xml,ʕ•ﻌ•ʔฅ
,PM 2:33,선우,ʕ•ﻌ•ʔฅ,C:\Users\yuyao\Desktop\fromm抓取\fromm_dump\03\window_0049.xml,ʕ•ﻌ•ʔฅ
,PM 2:33,선우,사랑해 ㅋ,C:\Users\yuyao\Desktop\fromm抓取\fromm_dump\03\window_0050.xml,愛你ㅋ
,PM 2:33,선우,어제 내 동생 생신이셨는데,C:\Users\yuyao\Desktop\fromm抓取\fromm_dump\03\window_0050.xml,昨天是我妹妹生日
,PM 2:34,선우,갖고싶은 거 말해 라고 하니까,C:\Users\yuyao\Desktop\fromm抓取\fromm_dump\03\window_0050.xml,我問她「說吧，想要什麼」
,PM 2:34,선우,기분 좋을 때 말하겠대,C:\Users\yuyao\Desktop\fromm抓取\fromm_dump\03\window_0051.xml,她說等我心情好的時候再講
,PM 2:34,선우,그니까 내 기분 좋을 때,C:\Users\yuyao\Desktop\fromm抓取\fromm_dump\03\window_0051.xml,所以等我心情好的時候
,PM 2:34,선우,뭘 말할지 감도 안 와서,C:\Users\yuyao\Desktop\fromm抓取\fromm_dump\03\window_0051.xml,她到底會說什麼我完全猜不到
,PM 2:34,선우,무서움,C:\Users\yuyao\Desktop\fromm抓取\fromm_dump\03\window_0051.xml,有點可怕
,PM 2:35,선우,그래서 기분 계속 나쁠 예정임,C:\Users\yuyao\Desktop\fromm抓取\fromm_dump\03\window_0051.xml,所以我打算心情一直不好
,PM 2:35,선우,그래도 내동생,C:\Users\yuyao\Desktop\fromm抓取\fromm_dump\03\window_0052.xml,不過我妹妹
,PM 2:36,선우,사치품이나 쓸데없는 건 절대 말 안 함,C:\Users\yuyao\Desktop\fromm抓取\fromm_dump\03\window_0052.xml,絕對不會說什麼奢侈品或沒用的東西
,PM 2:36,선우,차도 아빠랑 같이 동생 사줬는데 맨날 할머니 할아버지 모시고 셋이 놀러다녀,C:\Users\yuyao\Desktop\fromm抓取\fromm_dump\03\window_0052.xml,車也是我跟爸爸一起買給妹妹的，她每天都載奶奶爺爺三個人出去玩
,PM 2:36,선우,"너무 착하고 듬직한 내 동생,,,",C:\Users\yuyao\Desktop\fromm抓取\fromm_dump\03\window_0052.xml,"我妹妹真的又善良又可靠,,,"
,PM 2:36,선우,내가 바쁘니까 장녀처럼 계속 할무이 할부지 모시고 놀러다녀줄 때마다 기특해,C:\Users\yuyao\Desktop\fromm抓取\fromm_dump\03\window_0053.xml,因為我很忙，所以她像長女一樣一直帶奶奶爺爺出去玩，每次都覺得她好乖
,PM 2:37,선우,너도 내 동생할텨?,C:\Users\yuyao\Desktop\fromm抓取\fromm_dump\03\window_0053.xml,你也要當我妹妹嗎？
,PM 2:37,선우,옵빠 해바,C:\Users\yuyao\Desktop\fromm抓取\fromm_dump\03\window_0053.xml,叫聲哥哥看看
,PM 2:38,선우,더보이즈 시그는 사드릴게요,C:\Users\yuyao\Desktop\fromm抓取\fromm_dump\03\window_0053.xml,我會幫你買 THE BOYZ Season’s Greetings
,PM 2:38,선우,왜요 ㅜㅜ,C:\Users\yuyao\Desktop\fromm抓取\fromm_dump\03\window_0053.xml,為什麼啦ㅜㅜ
,PM 2:39,선우,맞다 응원봉 새로 나왔더라,C:\Users\yuyao\Desktop\fromm抓取\fromm_dump\03\window_0054.xml,對了，應援棒好像出新版了
,PM 2:39,선우,난 좀 아예 다른 스탈으로 변경하는 거에 투표했었는데,C:\Users\yuyao\Desktop\fromm抓取\fromm_dump\03\window_0054.xml,我本來是投票給乾脆換成完全不同風格的
,PM 2:39,선우,그래도 실물보면 귀여울 거야,C:\Users\yuyao\Desktop\fromm抓取\fromm_dump\03\window_0054.xml,不過實品看的話應該會很可愛
,PM 2:40,선우,발광이 조음,C:\Users\yuyao\Desktop\fromm抓取\fromm_dump\03\window_0054.xml,發光很不錯
,PM 2:40,선우,발광입니다,C:\Users\yuyao\Desktop\fromm抓取\fromm_dump\03\window_0055.xml,是發光啦
,PM 2:40,선우,어지럽네요,C:\Users\yuyao\Desktop\fromm抓取\fromm_dump\03\window_0055.xml,頭好暈呢
,PM 2:42,선우,응... 그것도 보고 어질어질 했지 ㅋ,C:\Users\yuyao\Desktop\fromm抓取\fromm_dump\03\window_0055.xml,嗯... 那個我也看得暈暈的ㅋ
,PM 2:42,선우,라면 못 넣어 먹어서 안 산다는 건 뭔데,C:\Users\yuyao\Desktop\fromm抓取\fromm_dump\03\window_0055.xml,說因為不能把泡麵放進去煮所以不買是怎樣
,PM 2:43,선우,더비들 참 특이해 ㅋ,C:\Users\yuyao\Desktop\fromm抓取\fromm_dump\03\window_0055.xml,THE B 們真的很特別ㅋ
,PM 2:43,선우,저,C:\Users\yuyao\Desktop\fromm抓取\fromm_dump\03\window_0056.xml,我
,PM 2:43,선우,연습하고 올게여 누님들,C:\Users\yuyao\Desktop\fromm抓取\fromm_dump\03\window_0056.xml,去練習了喔，姐姐們
,PM 2:43,선우,행쇼 행쇼,C:\Users\yuyao\Desktop\fromm抓取\fromm_dump\03\window_0056.xml,祝你幸福 祝你幸福
,PM 2:47,선우,저메추 엽기닭볶음탕 초보맛이요,C:\Users\yuyao\Desktop\fromm抓取\fromm_dump\03\window_0056.xml,晚餐推薦：엽기辣燉雞湯初級辣
,AM 11:37,선우,인스타 아직 올리는 날짜 아녔대,C:\Users\yuyao\Desktop\fromm抓取\fromm_dump\03\window_0057.xml,Instagram 還不到可以發的日期
,AM 11:37,선우,..,C:\Users\yuyao\Desktop\fromm抓取\fromm_dump\03\window_0057.xml,..
,AM 11:38,선우,아직 못본 걸로 치자~!,C:\Users\yuyao\Desktop\fromm抓取\fromm_dump\03\window_0057.xml,就當作還沒看過吧～！
,AM 11:29,선우,하이🫶,C:\Users\yuyao\Desktop\fromm抓取\fromm_dump\03\window_0058.xml,嗨🫶
,AM 11:30,선우,실종신고 할 뻔 했다니,C:\Users\yuyao\Desktop\fromm抓取\fromm_dump\03\window_0058.xml,差點要報失蹤人口了是吧
,AM 11:30,선우,인정해,C:\Users\yuyao\Desktop\fromm抓取\fromm_dump\03\window_0058.xml,我承認
,AM 11:30,선우,ㅋㅋㅋㅋㅋㅋ ㅠ,C:\Users\yuyao\Desktop\fromm抓取\fromm_dump\03\window_0058.xml,ㅋㅋㅋㅋㅋㅋ ㅠ
,AM 11:30,선우,삐져또?,C:\Users\yuyao\Desktop\fromm抓取\fromm_dump\03\window_0058.xml,鬧脾氣了嗎？
,AM 11:30,선우,히히 내가 풀어줄게,C:\Users\yuyao\Desktop\fromm抓取\fromm_dump\03\window_0059.xml,嘿嘿，我來哄你
,AM 11:31,선우,와다다ㅏ다 나올 것들 찍고 준비하고 있지요,C:\Users\yuyao\Desktop\fromm抓取\fromm_dump\03\window_0059.xml,正在拍攝、準備一堆會哇啦啦出來的東西呢
,AM 11:33,선우,낼 아돌라는 미안해 ㅜㅜ 준비할 것들이 내가 너무 많은데,C:\Users\yuyao\Desktop\fromm抓取\fromm_dump\03\window_0059.xml,明天的 Idol Radio 對不起ㅜㅜ 我有太多要準備的東西
,AM 11:34,선우,시간이 정말 너무 없어서 어쩔 수가 없어.. ㅠ,C:\Users\yuyao\Desktop\fromm抓取\fromm_dump\03\window_0059.xml,時間真的太不夠了，沒辦法..ㅠ
,AM 11:34,선우,지금 시간 일분 일초를 다 짜내서 써야해서 내가 외롭지 않게 생존신고 잘 하면서 준비하께,C:\Users\yuyao\Desktop\fromm抓取\fromm_dump\03\window_0060.xml,現在每一分每一秒都要擠出來用，我會好好報平安，不讓你孤單地準備的
,AM 11:35,선우,더빋ㅎ 마니,C:\Users\yuyao\Desktop\fromm抓取\fromm_dump\03\window_0060.xml,THE B 也很
,AM 11:35,선우,바쁘구 힘들지,C:\Users\yuyao\Desktop\fromm抓取\fromm_dump\03\window_0060.xml,忙、很累吧
,AM 11:35,선우,아마 나보다 훨씬 더 힘들텐데,C:\Users\yuyao\Desktop\fromm抓取\fromm_dump\03\window_0060.xml,大概比我還要辛苦多了
,AM 11:35,선우,사랑 많이 줘서 고마워 ㅠㅠ,C:\Users\yuyao\Desktop\fromm抓取\fromm_dump\03\window_0061.xml,謝謝你們給我很多愛ㅠㅠ
,AM 11:35,선우,나도 더비한테 계속 배울게 ㅜㅡㅜ,C:\Users\yuyao\Desktop\fromm抓取\fromm_dump\03\window_0061.xml,我也會繼續向 THE B 學習ㅜㅡㅜ
,AM 11:41,선우,인스타 미리보기,C:\Users\yuyao\Desktop\fromm抓取\fromm_dump\03\window_0061.xml,Instagram 預覽
,AM 11:41,선우,[media/no text],C:\Users\yuyao\Desktop\fromm抓取\fromm_dump\03\window_0062.xml,
,AM 11:42,선우,[media/no text],C:\Users\yuyao\Desktop\fromm抓取\fromm_dump\03\window_0063.xml,
,AM 11:42,선우,인스타 미리보기,C:\Users\yuyao\Desktop\fromm抓取\fromm_dump\03\window_0063.xml,Instagram 預覽
,AM 11:52,선우,인스타 율리소 오께,C:\Users\yuyao\Desktop\fromm抓取\fromm_dump\03\window_0063.xml,我發完 Instagram 再回來
,PM 12:03,선우,멤버들이 너무 예뻐보여서 내 사진은 나중에 올리려고 멤버들 사진 올렸어,C:\Users\yuyao\Desktop\fromm抓取\fromm_dump\03\window_0064.xml,因為成員們看起來太漂亮了，我的照片想晚點再發，所以先發了成員們的照片
,PM 12:03,선우,자켓이랑 븨씌알 사진은,C:\Users\yuyao\Desktop\fromm抓取\fromm_dump\03\window_0064.xml,專輯封面照跟 VCR 照
,PM 12:03,선우,여기다가 보내줄래,C:\Users\yuyao\Desktop\fromm抓取\fromm_dump\03\window_0064.xml,我想傳到這裡給你
,PM 12:29,선우,[media/no text],C:\Users\yuyao\Desktop\fromm抓取\fromm_dump\03\window_0064.xml,
,PM 12:29,선우,멘트찍기 전 뉴형의 대기방법,C:\Users\yuyao\Desktop\fromm抓取\fromm_dump\03\window_0069.xml,拍留言前 New 哥的等待方式
,PM 1:04,선우,나는 일정하러 가보께 울 더비 오늘은 좀 더운데 더위 조심하구 좋은 하루 보내요 진심으로 응원해!💕✨,C:\Users\yuyao\Desktop\fromm抓取\fromm_dump\03\window_0069.xml,我要去跑行程了，我們 THE B 今天有點熱，小心中暑，祝你有美好的一天，真心為你加油！💕✨
,PM 11:22,선우,하라메 나와땅,C:\Users\yuyao\Desktop\fromm抓取\fromm_dump\03\window_0069.xml,Highlight Medley 出來啦
,PM 11:22,선우,저 무대에서 날라다니겎슴다,C:\Users\yuyao\Desktop\fromm抓取\fromm_dump\03\window_0070.xml,我會在舞台上飛來飛去的
,PM 11:22,선우,예약이욤,C:\Users\yuyao\Desktop\fromm抓取\fromm_dump\03\window_0070.xml,預約囉
,PM 11:23,선우,뭐 취향은 갈리겠지만 당연히 난 잘할 자신은 있음,C:\Users\yuyao\Desktop\fromm抓取\fromm_dump\03\window_0070.xml,雖然喜好當然會有不同，但我當然有自信能做好
,PM 11:23,선우,기대해조~🫶,C:\Users\yuyao\Desktop\fromm抓取\fromm_dump\03\window_0070.xml,期待一下吧～🫶
,PM 1:03,선우,쪼은오후!,C:\Users\yuyao\Desktop\fromm抓取\fromm_dump\03\window_0071.xml,午安！
,PM 1:04,선우,모하고 있어,C:\Users\yuyao\Desktop\fromm抓取\fromm_dump\03\window_0071.xml,在幹嘛
,PM 1:04,선우,밥 잡쉈어?,C:\Users\yuyao\Desktop\fromm抓取\fromm_dump\03\window_0071.xml,吃飯了嗎？
,PM 1:05,선우,난 방금 제육 먹음,C:\Users\yuyao\Desktop\fromm抓取\fromm_dump\03\window_0071.xml,我剛剛吃了辣炒豬肉
,PM 1:05,선우,나으 소울푸드,C:\Users\yuyao\Desktop\fromm抓取\fromm_dump\03\window_0071.xml,我的靈魂食物
,PM 1:06,선우,두찜에 진한 닭볶음탕 있거든? 그거 순살 매운맛으로 시켜서 먹어봐,C:\Users\yuyao\Desktop\fromm抓取\fromm_dump\03\window_0072.xml,두찜 有一個濃郁辣燉雞湯，點無骨辣味吃看看
,PM 1:06,선우,맛있다,C:\Users\yuyao\Desktop\fromm抓取\fromm_dump\03\window_0072.xml,很好吃
,PM 1:06,선우,실비도 맛나긴 한데,C:\Users\yuyao\Desktop\fromm抓取\fromm_dump\03\window_0072.xml,實비也很好吃
,PM 1:06,선우,닭볶음탕도 맛있더라,C:\Users\yuyao\Desktop\fromm抓取\fromm_dump\03\window_0072.xml,但辣燉雞湯也很好吃
,PM 1:07,선우,난 닭을 좋아하나뵈,C:\Users\yuyao\Desktop\fromm抓取\fromm_dump\03\window_0073.xml,我好像喜歡雞肉
,PM 1:07,선우,근데 치킨은 안 좋아함,C:\Users\yuyao\Desktop\fromm抓取\fromm_dump\03\window_0073.xml,但我不喜歡炸雞
,PM 1:07,선우,치킨은 별루 안 땡기더라,C:\Users\yuyao\Desktop\fromm抓取\fromm_dump\03\window_0073.xml,炸雞不太會想吃
,PM 1:08,선우,사실 안 좋아하진 않는데,C:\Users\yuyao\Desktop\fromm抓取\fromm_dump\03\window_0073.xml,其實也不是不喜歡
,PM 1:08,선우,시켜먹지 않아,C:\Users\yuyao\Desktop\fromm抓取\fromm_dump\03\window_0073.xml,只是我不會點來吃
,PM 1:08,선우,닭꼬치 닭볶음탕 닭갈비 찜닭은 좋아해,C:\Users\yuyao\Desktop\fromm抓取\fromm_dump\03\window_0074.xml,雞肉串、辣燉雞湯、辣炒雞排、燉雞我都喜歡
,PM 1:08,선우,치킨텐더도 즇아하긴 힘,C:\Users\yuyao\Desktop\fromm抓取\fromm_dump\03\window_0074.xml,雞柳也算是喜歡啦
,PM 1:08,선우,근데 치킨은 시러!,C:\Users\yuyao\Desktop\fromm抓取\fromm_dump\03\window_0074.xml,但炸雞我不喜歡！
,PM 1:09,선우,치킨텐더는 조아 맥도 것만,C:\Users\yuyao\Desktop\fromm抓取\fromm_dump\03\window_0074.xml,雞柳我喜歡，只喜歡麥當勞的
,PM 1:09,선우,요즘 자꾸 일찍 자도 새뱍5시쯤 깬다 왜이러누 ㅠ,C:\Users\yuyao\Desktop\fromm抓取\fromm_dump\03\window_0074.xml,最近明明早睡，卻老是在凌晨 5 點左右醒來，怎麼回事ㅠ
,PM 1:10,선우,나 어디서든,C:\Users\yuyao\Desktop\fromm抓取\fromm_dump\03\window_0075.xml,我以前不管在哪裡
,PM 1:10,선우,머리만 대면 잤는데,C:\Users\yuyao\Desktop\fromm抓取\fromm_dump\03\window_0075.xml,頭一靠就睡著
,PM 1:10,선우,중간에 자꾸 깨 ;,C:\Users\yuyao\Desktop\fromm抓取\fromm_dump\03\window_0075.xml,現在老是睡到一半醒來；
,PM 1:10,선우,나이가 들었다는 증거라고?,C:\Users\yuyao\Desktop\fromm抓取\fromm_dump\03\window_0075.xml,你說這是年紀大了的證據？
,PM 1:10,선우,맞긴 해 ~!,C:\Users\yuyao\Desktop\fromm抓取\fromm_dump\03\window_0075.xml,也算是啦～！
,PM 1:11,선우,빨리 30대 되었으면,C:\Users\yuyao\Desktop\fromm抓取\fromm_dump\03\window_0076.xml,好想快點到 30 多歲
,PM 1:15,선우,10대 20대에는 이게 전부인 것처럼 다 쏟아내도 결국엔 끝날 거고 그 다음 인생도 생각하고 준비해야하는데 그게 참 궁금하고 기대되고 무서움,C:\Users\yuyao\Desktop\fromm抓取\fromm_dump\03\window_0076.xml,十幾歲、二十幾歲時，就算像這是全部一樣把一切都投入進去，最後也會結束，之後的人生也要思考和準備，這件事讓我很好奇、期待，也害怕
,PM 1:17,선우,계속 새로울 시작을 할 텐데 나는 그래서 더비들 항상 응원해  계속 새로운 시작을 본인 인생에서 같이 맞이할 텐데,C:\Users\yuyao\Desktop\fromm抓取\fromm_dump\03\window_0076.xml,人生會一直有新的開始，所以我總是為 THE B 加油，我們也會在各自人生裡一起迎接新的開始
,PM 1:17,선우,우린 동반자니까 으쌰으쌰해보쟈,C:\Users\yuyao\Desktop\fromm抓取\fromm_dump\03\window_0077.xml,因為我們是同行者，一起加油吧
,PM 1:19,선우,뭔가 살면서 엄청난 힘든 일들이나 큰 이벤트들이 있을 것 같아도 그냥 되돌아보면 하루하루 살아가는게 전부인 것 같음,C:\Users\yuyao\Desktop\fromm抓取\fromm_dump\03\window_0077.xml,總覺得人生中好像會有很辛苦的事或大事件，但回頭看，其實每天好好活著好像就是全部
,PM 1:19,선우,30대 40대가 기대되면서도 또 그냥 오늘 하루나 잘 보내야지 싶음,C:\Users\yuyao\Desktop\fromm抓取\fromm_dump\03\window_0077.xml,期待 30 代、40 代的同時，又覺得今天也先好好度過吧
,PM 1:20,선우,"지구에서 태어나서 쪼끄만한 사람들이 이리 치이고 저리 치이면서 치열하게
살아가는 게 너무 신기함",C:\Users\yuyao\Desktop\fromm抓取\fromm_dump\03\window_0078.xml,出生在地球上，小小的人們這樣被推來推去、撞來撞去，還拼命活著，真的很神奇
,PM 1:21,선우,태어났으면 열심히 살아가는게 임무고 의무라고 생각하고 열시미 해야지,C:\Users\yuyao\Desktop\fromm抓取\fromm_dump\03\window_0078.xml,既然出生了，就把努力活著當成任務和義務，努力去做吧
,PM 1:21,선우,결국엔 다 지나가버리는 순간들인데도 열시미 하는 거 보면 멋있어,C:\Users\yuyao\Desktop\fromm抓取\fromm_dump\03\window_0078.xml,明明最後都是會過去的瞬間，但看大家還是努力著，就覺得很帥
,PM 1:22,선우,가지고 있는 고민들이 너무 커다랗고 나를 짓누른다고 생각해도 그건 불필요한 것들이 아니라 삶에 필요한 일부분과 대부분이니,C:\Users\yuyao\Desktop\fromm抓取\fromm_dump\03\window_0079.xml,就算覺得自己抱著的煩惱太巨大、壓得自己喘不過氣，那也不是不必要的東西，而是人生需要的一部分、甚至大部分
,PM 1:22,선우,더비도 멈추지말고 힘내💕,C:\Users\yuyao\Desktop\fromm抓取\fromm_dump\03\window_0079.xml,所以 THE B 也不要停下來，加油💕
,PM 1:26,선우,그래서 내가 하고픈 말은 결국 다 사라지는 것들이니 부질없다고 생각하고 포기하지말고 길게 보면 전부 부질없다 할지라도  열심히 나아가는 게 사람이란 존재를 더 가치있게 만들어주는 거니까 부딪히면서 나아가자고 같이🥰!,C:\Users\yuyao\Desktop\fromm抓取\fromm_dump\03\window_0079.xml,所以我想說的是，不要因為覺得最後都會消失、都沒有意義就放棄。就算從長遠看全部都像是徒勞，努力往前走才會讓「人」這個存在變得更有價值，所以一起碰撞著往前走吧🥰！
,PM 1:26,선우,나도 더비도 안 보이는 곳에서 치열하게 고민하고 생각하고 아파하고 절망하고 할 거아냐,C:\Users\yuyao\Desktop\fromm抓取\fromm_dump\03\window_0080.xml,我和 THE B 都會在看不見的地方激烈地煩惱、思考、受傷、絕望，不是嗎
,PM 1:27,선우,그런 생각을 하는 것 자체가 살아가는 존재의 의미를 덧붙여준다고 생각해,C:\Users\yuyao\Desktop\fromm抓取\fromm_dump\03\window_0080.xml,我覺得能產生那樣的想法本身，就為活著這個存在增添了意義
,PM 1:27,선우,다 포기하면 그런 생각이 들지도 않자나,C:\Users\yuyao\Desktop\fromm抓取\fromm_dump\03\window_0080.xml,如果全部都放棄，就連那種想法也不會有了嘛
,PM 1:28,선우,게다가 우린 서로를 위하고 사랑하는 마음을 가진 공통된 사람들이 모인 거니까,C:\Users\yuyao\Desktop\fromm抓取\fromm_dump\03\window_0081.xml,而且我們是因為有著彼此著想、相愛的心，才聚在一起的一群人
,PM 1:29,선우,그런 마음을 가진 사람들과 이렇게 대화를 주고 받을 수 있는 것조차 멋진 일이야,C:\Users\yuyao\Desktop\fromm抓取\fromm_dump\03\window_0081.xml,能和有這種心意的人這樣互相對話，本身就是很了不起的事
,PM 1:29,선우,너가 누군가를 살게하고 움직이게 한다는 걸 꼭 알아야해!,C:\Users\yuyao\Desktop\fromm抓取\fromm_dump\03\window_0081.xml,你一定要知道，你讓某個人活下去、讓某個人動起來！
,PM 1:29,선우,남을 움직이게 하는 사람은 자기 자신도 움직이게 할 수 이써,C:\Users\yuyao\Desktop\fromm抓取\fromm_dump\03\window_0081.xml,能讓別人動起來的人，也一定能讓自己動起來
,PM 1:30,선우,남에게 힘을 주는 게 더 어려운 일이니깐,C:\Users\yuyao\Desktop\fromm抓取\fromm_dump\03\window_0082.xml,因為給別人力量是更困難的事
,PM 1:30,선우,우리가 만나본 적도 없고 말도 섞은 적 없다 할지라도 마음이 통하니까 모인 거야,C:\Users\yuyao\Desktop\fromm抓取\fromm_dump\03\window_0082.xml,就算我們沒見過面，也沒真正交談過，但因為心意相通才聚在一起
,PM 1:31,선우,그래서 참 특별하고 신기행,C:\Users\yuyao\Desktop\fromm抓取\fromm_dump\03\window_0082.xml,所以真的很特別、很神奇
,PM 1:33,선우,뭐 긍정적인 생각을 가지고 어려워도 해나가라! 이건 아니고 나도 부정적인 생각 투성이야 항상 ㅋㅋㅋ,C:\Users\yuyao\Desktop\fromm抓取\fromm_dump\03\window_0083.xml,不是說要保持正面想法、就算困難也要撐過去！不是這樣，我也總是滿腦子負面想法ㅋㅋㅋ
,PM 1:33,선우,그냥 부질없다고 생각하지 말쟈,C:\Users\yuyao\Desktop\fromm抓取\fromm_dump\03\window_0083.xml,只是不要覺得一切都沒有意義吧
,PM 1:37,선우,내 삶에 정답이 뭘지를 생각하면 항상 깊은 구렁텅이에 빠져버리는 기분이야,C:\Users\yuyao\Desktop\fromm抓取\fromm_dump\03\window_0083.xml,每次一想「我人生的正解到底是什麼」，就會有種掉進很深深淵的感覺
,PM 1:40,선우,삶에 정답은 없으니까 더비가 생각하는 대로 맞다고 생각하는 대로 잘 해나가길 바라!!,C:\Users\yuyao\Desktop\fromm抓取\fromm_dump\03\window_0083.xml,人生沒有正解，所以希望 THE B 按照自己想的、自己覺得對的方向好好走下去！！
,PM 1:40,선우,남과 비교하지말고💕,C:\Users\yuyao\Desktop\fromm抓取\fromm_dump\03\window_0084.xml,不要和別人比較💕
,PM 1:44,선우,나보다 더비들이 더 힘들 거라고 생각해,C:\Users\yuyao\Desktop\fromm抓取\fromm_dump\03\window_0084.xml,我覺得 THE B 們比我更辛苦
,PM 1:45,선우,안 힘들면 다행이구💕💕,C:\Users\yuyao\Desktop\fromm抓取\fromm_dump\03\window_0084.xml,如果不辛苦就太好了💕💕
,PM 1:45,선우,일 끝나고 소파에 누워서 에어컨 틀고 티비 보는 게 요즘 젤 큰 행복임,C:\Users\yuyao\Desktop\fromm抓取\fromm_dump\03\window_0084.xml,下班後躺在沙發上，開冷氣看電視，是我最近最大的幸福
,PM 1:45,선우,더비는 요즘 므ㅓ가 행복해,C:\Users\yuyao\Desktop\fromm抓取\fromm_dump\03\window_0085.xml,THE B 最近什麼事讓你幸福呢
,PM 1:46,선우,행복이 다 소소해서 너무 귀염다,C:\Users\yuyao\Desktop\fromm抓取\fromm_dump\03\window_0085.xml,大家的幸福都很小小的，太可愛了
,PM 1:48,선우,그런 소소하지만 큰행복들이 더비 곁에서 멀어지지 않길🙏,C:\Users\yuyao\Desktop\fromm抓取\fromm_dump\03\window_0085.xml,希望那些雖然小小、卻很大的幸福不要離開 THE B 身邊🙏
,PM 1:52,선우,더비 가끔 오는 큰 행복보다 자주 소소하게  행복을 느끼는 게 제일 중요해요!!,C:\Users\yuyao\Desktop\fromm抓取\fromm_dump\03\window_0085.xml,THE B，比起偶爾到來的大幸福，常常感受到小小的幸福才是最重要的！！
,PM 1:52,선우,입 밖으로 내가 편할 때 기분 좋을 땨,C:\Users\yuyao\Desktop\fromm抓取\fromm_dump\03\window_0086.xml,試著在我舒服、心情好的時候
,PM 1:52,선우,아 행복하다,C:\Users\yuyao\Desktop\fromm抓取\fromm_dump\03\window_0086.xml,把「啊，好幸福」
,PM 1:52,선우,라고 소리내서 얘기하는 걸 습관화 해봐여,C:\Users\yuyao\Desktop\fromm抓取\fromm_dump\03\window_0086.xml,這句話說出口，養成習慣吧
,PM 1:53,선우,화날 때 짜증날 때는 표출하지만 행복은 눈치를 우리가 잘 못채잖아여,C:\Users\yuyao\Desktop\fromm抓取\fromm_dump\03\window_0086.xml,生氣或煩躁的時候我們會表現出來，但幸福我們常常不太會察覺嘛
,PM 1:53,선우,그러니까 기분 좋을 때 행복하다 라고 우리가 발견해주자구여,C:\Users\yuyao\Desktop\fromm抓取\fromm_dump\03\window_0087.xml,所以心情好的時候，我們就一起發現「我很幸福」吧
,PM 1:54,선우,지금 얘기해봐 입밖으로 행복해..ㅎㅎ 라고,C:\Users\yuyao\Desktop\fromm抓取\fromm_dump\03\window_0087.xml,現在就說出口看看，說「好幸福..ㅎㅎ」
,PM 1:54,선우,그럼 웃음 나왕,C:\Users\yuyao\Desktop\fromm抓取\fromm_dump\03\window_0087.xml,那樣會笑出來喔
,PM 1:54,선우,헤헤,C:\Users\yuyao\Desktop\fromm抓取\fromm_dump\03\window_0087.xml,嘿嘿
,PM 1:58,선우,알라뷰,C:\Users\yuyao\Desktop\fromm抓取\fromm_dump\03\window_0087.xml,I love you
,PM 2:00,선우,감자많이먹어라 ㅋ,C:\Users\yuyao\Desktop\fromm抓取\fromm_dump\03\window_0088.xml,多吃馬鈴薯吧ㅋ
,PM 9:06,선우,오늘 티저 뜬다!!,C:\Users\yuyao\Desktop\fromm抓取\fromm_dump\03\window_0088.xml,今天預告要出了！！
,PM 9:06,선우,많관부🥰🥰,C:\Users\yuyao\Desktop\fromm抓取\fromm_dump\03\window_0088.xml,請多多關照🥰🥰
,PM 9:06,선우,미리 봤는데 춤 좀 나오더라,C:\Users\yuyao\Desktop\fromm抓取\fromm_dump\03\window_0088.xml,我先看過了，舞蹈還挺有的
,PM 9:07,선우,뮤비찍고 모니터링 할 때 멋있긴 했어,C:\Users\yuyao\Desktop\fromm抓取\fromm_dump\03\window_0089.xml,拍 MV 監看時確實覺得很帥
,PM 9:15,선우,오늘 하루 잘 보냈어?,C:\Users\yuyao\Desktop\fromm抓取\fromm_dump\03\window_0089.xml,今天一天過得好嗎？
,PM 7:59,선우,[media/no text],C:\Users\yuyao\Desktop\fromm抓取\fromm_dump\03\window_0090.xml,
,PM 7:59,선우,얘 왤케 꼬질하게,C:\Users\yuyao\Desktop\fromm抓取\fromm_dump\03\window_0090.xml,這傢伙怎麼這麼髒兮兮地
,PM 7:59,선우,생겼냐,C:\Users\yuyao\Desktop\fromm抓取\fromm_dump\03\window_0090.xml,長這樣啊
,PM 8:55,선우,더비 ㅛㅏ랑해!!!!!,C:\Users\yuyao\Desktop\fromm抓取\fromm_dump\03\window_0091.xml,THE B 我愛你!!!!!
,PM 8:55,선우,사!,C:\Users\yuyao\Desktop\fromm抓取\fromm_dump\03\window_0091.xml,愛！
,PM 6:47,선우,더비 마이 아낀다!!!!!!!!,C:\Users\yuyao\Desktop\fromm抓取\fromm_dump\03\window_0091.xml,THE B 我很珍惜你!!!!!!!!
,PM 6:56,선우,오늘 남은 하루도 힘내,C:\Users\yuyao\Desktop\fromm抓取\fromm_dump\03\window_0091.xml,今天剩下的時間也加油
,PM 6:56,선우,나는 스케줄 끝나고 집가서 못 잔 잠 얼른,C:\Users\yuyao\Desktop\fromm抓取\fromm_dump\03\window_0092.xml,我行程結束後要回家，把沒睡到的覺趕快
,PM 6:56,선우,자버리려구 너무 졸려ㅓ😂,C:\Users\yuyao\Desktop\fromm抓取\fromm_dump\03\window_0092.xml,補回來，太睏了😂
,PM 6:56,선우,더비도 더 피곤하고 힘들텐데 사랑줘서 고맙구,C:\Users\yuyao\Desktop\fromm抓取\fromm_dump\03\window_0092.xml,THE B 明明更累更辛苦，還給我愛，謝謝你
,PM 6:56,선우,내가 푹 자고 또 사랑 많이 나눠줄게!!!💕,C:\Users\yuyao\Desktop\fromm抓取\fromm_dump\03\window_0092.xml,我會好好睡一覺，再分給你很多愛！！！💕
,PM 6:57,선우,우리 예쁜 더비들 좋은 하루로 마무리 하길 꼭🙏😌,C:\Users\yuyao\Desktop\fromm抓取\fromm_dump\03\window_0092.xml,希望我們漂亮的 THE B 們能以美好的一天作結🙏😌
,PM 3:49,선우,콘서트 온 더비 괜차나 ? 너무 덥지 그늘 같은 곳이라도 무조건 가서 쉬고 있어 차나 어디나 ㅠㅠ,C:\Users\yuyao\Desktop\fromm抓取\fromm_dump\03\window_0093.xml,來演唱會的 THE B 還好嗎？很熱吧，一定要去陰影處之類的地方休息，在車裡也好、哪裡都好ㅠㅠ
,PM 3:49,선우,"왜 이런 일이 일어나는 거야 ,,",C:\Users\yuyao\Desktop\fromm抓取\fromm_dump\03\window_0093.xml,"為什麼會發生這種事啊,,"
,PM 3:51,선우,우리는 콘서트 뭐 체크할 때까지 입장 못한다고 해서 얼른 샵으로 와서 마무리 헤메 준비 보고 곧 다시 드가 !!,C:\Users\yuyao\Desktop\fromm抓取\fromm_dump\03\window_0094.xml,我們聽說要等演唱會檢查完才能入場，所以趕快先來造型室，整理妝髮，等等就再回去！！
,PM 3:52,선우,아니 그 미친 사람 때문에 공연 왔다가 못 보는 더비들도 있을 텐데,C:\Users\yuyao\Desktop\fromm抓取\fromm_dump\03\window_0094.xml,不是，因為那個瘋子，有些 THE B 可能明明來看演出卻看不到
,PM 3:52,선우,왜저럴까 진짜,C:\Users\yuyao\Desktop\fromm抓取\fromm_dump\03\window_0094.xml,到底為什麼要那樣，真的
,PM 3:52,선우,짜증나게 하네,C:\Users\yuyao\Desktop\fromm抓取\fromm_dump\03\window_0094.xml,真讓人煩躁
,PM 3:54,선우,학석인가 뭔가 하시는 분 잡히셔서 꼭 처벌 받으시길 바랍니다;,C:\Users\yuyao\Desktop\fromm抓取\fromm_dump\03\window_0095.xml,希望那個什麼人被抓到後一定受到處罰；
,PM 3:54,선우,더비 일단 물 많이 마시고,C:\Users\yuyao\Desktop\fromm抓取\fromm_dump\03\window_0095.xml,THE B 總之先多喝水
,PM 3:55,선우,입장가능하면 얼른 입장하고,C:\Users\yuyao\Desktop\fromm抓取\fromm_dump\03\window_0095.xml,如果可以入場就趕快入場
,PM 3:55,선우,우리가 미안해 ㅜㅜ,C:\Users\yuyao\Desktop\fromm抓取\fromm_dump\03\window_0095.xml,是我們對不起ㅜㅜ
,PM 3:57,선우,이따보자!! 😭💕,C:\Users\yuyao\Desktop\fromm抓取\fromm_dump\03\window_0096.xml,等一下見！！😭💕
,PM 10:50,선우,더비! 늘 우린 함께야 고맙고 사랑해,C:\Users\yuyao\Desktop\fromm抓取\fromm_dump\03\window_0096.xml,THE B！我們永遠都在一起，謝謝你，我愛你
,PM 10:52,선우,우리가 가진 큰 마음을 서로에게 얼른 보여주고 더 알려주고 싶겠지만 시간이 우리 마음을 증명해줄거야 더비 앞에서 무대할 수 있는 건 너무 큰 영광이고 축복이야 고마워 내 아이돌 더비💕,C:\Users\yuyao\Desktop\fromm抓取\fromm_dump\03\window_0096.xml,雖然我們都想趕快把彼此擁有的巨大心意展現出來、讓對方更知道，但時間會證明我們的心意。能在 THE B 面前表演，是非常大的榮幸和祝福。謝謝你，我的偶像 THE B💕
,AM 8:52,선우,우리 예쁜 더비들 비 맞지마,C:\Users\yuyao\Desktop\fromm抓取\fromm_dump\03\window_0097.xml,我們漂亮的 THE B 們不要淋到雨
,AM 8:52,선우,우산 챙겨☔️,C:\Users\yuyao\Desktop\fromm抓取\fromm_dump\03\window_0097.xml,記得帶傘☔️
,PM 10:09,선우,[media/no text],C:\Users\yuyao\Desktop\fromm抓取\fromm_dump\03\window_0098.xml,
,PM 10:09,선우,체리포장이요 ~🍒,C:\Users\yuyao\Desktop\fromm抓取\fromm_dump\03\window_0101.xml,櫻桃包裝喔～🍒
,PM 10:15,선우,[media/no text],C:\Users\yuyao\Desktop\fromm抓取\fromm_dump\03\window_0102.xml,
,PM 10:16,선우,블러셔 서누,C:\Users\yuyao\Desktop\fromm抓取\fromm_dump\03\window_0104.xml,腮紅善旴
,PM 10:16,선우,[media/no text],C:\Users\yuyao\Desktop\fromm抓取\fromm_dump\03\window_0104.xml,
,PM 10:16,선우,핸드마이크 자랑 서누,C:\Users\yuyao\Desktop\fromm抓取\fromm_dump\03\window_0105.xml,炫耀手持麥克風的善旴
,PM 10:17,선우,[media/no text],C:\Users\yuyao\Desktop\fromm抓取\fromm_dump\03\window_0106.xml,
,PM 10:17,선우,거울샷 서누,C:\Users\yuyao\Desktop\fromm抓取\fromm_dump\03\window_0107.xml,鏡子自拍善旴
,PM 3:16,선우,더비 오늘도 쫀하루🍒💕💕💕💕💕,C:\Users\yuyao\Desktop\fromm抓取\fromm_dump\03\window_0108.xml,THE B 今天也要有美好的一天🍒💕💕💕💕💕
,PM 3:17,선우,밥 머거 똥깨야,C:\Users\yuyao\Desktop\fromm抓取\fromm_dump\03\window_0108.xml,吃飯啦，小臭狗
,PM 3:17,선우,💕💕,C:\Users\yuyao\Desktop\fromm抓取\fromm_dump\03\window_0108.xml,💕💕
,PM 1:30,선우,오늘 억수로,C:\Users\yuyao\Desktop\fromm抓取\fromm_dump\03\window_0109.xml,今天真的是
,PM 1:30,선우,덥다!!!!!!!!!!!!!!,C:\Users\yuyao\Desktop\fromm抓取\fromm_dump\03\window_0109.xml,熱爆了!!!!!!!!!!!!!!
,PM 1:30,선우,밖에 잠깐 서 있었는데,C:\Users\yuyao\Desktop\fromm抓取\fromm_dump\03\window_0109.xml,只是在外面站了一下
,PM 1:30,선우,주거따,C:\Users\yuyao\Desktop\fromm抓取\fromm_dump\03\window_0109.xml,就死掉了
,AM 3:12,선우,사랑해 잘 자,C:\Users\yuyao\Desktop\fromm抓取\fromm_dump\03\window_0109.xml,愛你，晚安
,AM 3:13,선우,☔️💕✨,C:\Users\yuyao\Desktop\fromm抓取\fromm_dump\03\window_0110.xml,☔️💕✨
,AM 3:13,선우,낼 다시 올게!🫶,C:\Users\yuyao\Desktop\fromm抓取\fromm_dump\03\window_0110.xml,明天再來！🫶
,AM 3:13,선우,굿나잇🤤,C:\Users\yuyao\Desktop\fromm抓取\fromm_dump\03\window_0110.xml,晚安🤤
,AM 1:04,선우,나 밤낮 바뀌어서 시차 맞추려고 저녁까지 버티려고 했는데ㅋ,C:\Users\yuyao\Desktop\fromm抓取\fromm_dump\03\window_0110.xml,我日夜顛倒了，本來想為了調時差撐到晚上ㅋ
,AM 1:04,선우,5시까지 버티다가,C:\Users\yuyao\Desktop\fromm抓取\fromm_dump\03\window_0111.xml,撐到 5 點
,AM 1:04,선우,지금 눈떠서,C:\Users\yuyao\Desktop\fromm抓取\fromm_dump\03\window_0111.xml,結果現在醒來
,AM 1:04,선우,다시 밤낮 바뀜,C:\Users\yuyao\Desktop\fromm抓取\fromm_dump\03\window_0111.xml,又日夜顛倒了
,AM 1:21,선우,"다시 자려구 해보께 ,,,ㅠㅜ 😩 밤낮 맞춰야해서  잉,,.",C:\Users\yuyao\Desktop\fromm抓取\fromm_dump\03\window_0111.xml,"我試著再睡看看,,,ㅠㅜ 😩 要把日夜調回來 嗚,,."
,AM 8:35,선우,어제 천둥번개,C:\Users\yuyao\Desktop\fromm抓取\fromm_dump\03\window_0112.xml,昨天打雷閃電
,AM 8:35,선우,엄첨 쳤오!!!!!!!!!!,C:\Users\yuyao\Desktop\fromm抓取\fromm_dump\03\window_0112.xml,超級大聲!!!!!!!!!!
,PM 10:50,선우,벌써 9월이당 ㅎㅎㅎ,C:\Users\yuyao\Desktop\fromm抓取\fromm_dump\03\window_0113.xml,已經 9 月啦 ㅎㅎㅎ
,PM 10:50,선우,9월도 잘 부탁해!!!!!💕,C:\Users\yuyao\Desktop\fromm抓取\fromm_dump\03\window_0113.xml,9 月也請多多關照!!!!!💕
,PM 10:55,선우,[media/no text],C:\Users\yuyao\Desktop\fromm抓取\fromm_dump\03\window_0114.xml,
,PM 10:55,선우,잘부탁핑,C:\Users\yuyao\Desktop\fromm抓取\fromm_dump\03\window_0117.xml,請多關照 ping
,PM 10:56,선우,옛날 사진 ㅋㅋ 근데 이제 흑발 해야제,C:\Users\yuyao\Desktop\fromm抓取\fromm_dump\03\window_0117.xml,以前的照片ㅋㅋ 不過現在該染回黑髮了
,PM 10:56,선우,빨머 이제 못견뎌!,C:\Users\yuyao\Desktop\fromm抓取\fromm_dump\03\window_0117.xml,紅髮現在撐不下去了！
,PM 10:56,선우,잘 가 빨머야,C:\Users\yuyao\Desktop\fromm抓取\fromm_dump\03\window_0117.xml,再見了紅髮呀
,PM 10:56,선우,즐거웠다,C:\Users\yuyao\Desktop\fromm抓取\fromm_dump\03\window_0118.xml,很開心喔
,PM 10:57,선우,이미 머리 짧은데 자꾸 자르라하네,C:\Users\yuyao\Desktop\fromm抓取\fromm_dump\03\window_0118.xml,頭髮已經很短了，還一直叫我剪
,PM 10:57,선우,더 자르면 상연이형 보러 가는 거야,C:\Users\yuyao\Desktop\fromm抓取\fromm_dump\03\window_0118.xml,再剪的話就要去見尚淵哥了
,PM 10:58,선우,앞머리도 짧아 다 끊어져서,C:\Users\yuyao\Desktop\fromm抓取\fromm_dump\03\window_0118.xml,瀏海也很短，因為都斷掉了
,PM 10:58,선우,ㅋㅋㅋㅋㅋ,C:\Users\yuyao\Desktop\fromm抓取\fromm_dump\03\window_0118.xml,ㅋㅋㅋㅋㅋ
,PM 10:58,선우,처피뱅🤤,C:\Users\yuyao\Desktop\fromm抓取\fromm_dump\03\window_0119.xml,短瀏海🤤
,PM 2:37,선우,모해~,C:\Users\yuyao\Desktop\fromm抓取\fromm_dump\03\window_0119.xml,在幹嘛～
,PM 2:37,선우,모해 큥,C:\Users\yuyao\Desktop\fromm抓取\fromm_dump\03\window_0119.xml,在幹嘛 kyung
,PM 2:37,선우,모해모해 큥🫶✨,C:\Users\yuyao\Desktop\fromm抓取\fromm_dump\03\window_0119.xml,在幹嘛在幹嘛 kyung🫶✨
,PM 2:41,선우,나는 팬싸 끝났는데,C:\Users\yuyao\Desktop\fromm抓取\fromm_dump\03\window_0120.xml,我粉絲簽名會結束了
,PM 2:41,선우,차가 안 와서,C:\Users\yuyao\Desktop\fromm抓取\fromm_dump\03\window_0120.xml,但車還沒來
,PM 2:41,선우,기다리는 중,C:\Users\yuyao\Desktop\fromm抓取\fromm_dump\03\window_0120.xml,正在等
,PM 2:44,선우,[media/no text],C:\Users\yuyao\Desktop\fromm抓取\fromm_dump\03\window_0121.xml,
,PM 2:44,선우,이에로 사이다 있나여?,C:\Users\yuyao\Desktop\fromm抓取\fromm_dump\03\window_0121.xml,有黃色汽水嗎？
,PM 1:42,선우,영통이나 팬싸할때마다 느끼지만 오는 더비들도 못 오는 더비들도 있을 텐데 하나같이 다 사랑스럽당 ㅎㅎ,C:\Users\yuyao\Desktop\fromm抓取\fromm_dump\03\window_0121.xml,每次視訊簽售或粉絲簽名會都會感覺，雖然有能來的 THE B，也有不能來的 THE B，但大家真的都一樣可愛ㅎㅎ
,PM 1:42,선우,요즘 유일하게 웃는 이유가 더비인 듯💕💕,C:\Users\yuyao\Desktop\fromm抓取\fromm_dump\03\window_0122.xml,最近唯一會笑的理由好像就是 THE B💕💕
,PM 1:43,선우,그냥 웃기고 재밌고 사랑이 많아서 참,C:\Users\yuyao\Desktop\fromm抓取\fromm_dump\03\window_0122.xml,就是又好笑又有趣，又充滿愛，真的
,PM 1:43,선우,사랑스럽달까 갑자기,C:\Users\yuyao\Desktop\fromm抓取\fromm_dump\03\window_0122.xml,突然覺得好可愛
,PM 1:43,선우,덥차오르네 ㅋ,C:\Users\yuyao\Desktop\fromm抓取\fromm_dump\03\window_0122.xml,有點湧上來了ㅋ
,PM 1:43,선우,원래부터 느꼈지만,C:\Users\yuyao\Desktop\fromm抓取\fromm_dump\03\window_0124.xml,雖然本來就一直這麼覺得
,PM 1:44,선우,마니 웃어 더비들 때매 고마오💕,C:\Users\yuyao\Desktop\fromm抓取\fromm_dump\03\window_0124.xml,因為 THE B 們讓我笑很多，謝謝喔💕
,PM 1:44,선우,그냥 다 고마어 든든하구 사랑스럽구 더비랑 있으면 못할게 뭐가 있나 싶다!!!!!!,C:\Users\yuyao\Desktop\fromm抓取\fromm_dump\03\window_0124.xml,真的全部都謝謝，又可靠又可愛，跟 THE B 在一起還有什麼做不到的!!!!!!
,PM 2:01,선우,우리 더비들은 어쩜 이럴까,C:\Users\yuyao\Desktop\fromm抓取\fromm_dump\03\window_0124.xml,我們 THE B 們怎麼會這樣呢
,PM 2:02,선우,혐오가 넘치는 세상에서 누군가에게 사랑을 주려고 노력하는 사람들이 우리 더비들이라는 게 참 기특하고 멋지고 닮고 싶어,C:\Users\yuyao\Desktop\fromm抓取\fromm_dump\03\window_0125.xml,在充滿厭惡的世界裡，努力把愛給某個人的人就是我們 THE B，真的很乖、很帥氣，也很想向你們學習
,PM 2:02,선우,너무 멋있어,C:\Users\yuyao\Desktop\fromm抓取\fromm_dump\03\window_0125.xml,真的很帥氣
,PM 2:02,선우,우리 더비 같은 사람들이 있기에 세상이 그래도 이렇게 유지되는 거 아닌가 싶을 정도로,C:\Users\yuyao\Desktop\fromm抓取\fromm_dump\03\window_0125.xml,甚至會覺得，正因為有像我們 THE B 這樣的人，世界才還能這樣維持下去
,PM 2:03,선우,사랑을 말해줘서 고마워요!!!,C:\Users\yuyao\Desktop\fromm抓取\fromm_dump\03\window_0125.xml,謝謝你們說出愛！！！
,PM 2:04,선우,밥 많이 먹고 일요일인데 쉬는 더비도 일하는 더비도 있겠지만 오늘도 좋은 하루 보내자💕 예쁜 것만 보고 듣는 하루 되길 바라💕💕 이따 저녁에 또 안부 전하러 찾아올게요 사랑합니다🥰🫶,C:\Users\yuyao\Desktop\fromm抓取\fromm_dump\03\window_0126.xml,多吃飯，雖然今天是星期日，有休息的 THE B，也有工作的 THE B，但今天也一起過好一天吧💕 希望是只看見、只聽見美好事物的一天💕💕 晚上我再來問候你們，愛你們🥰🫶
,PM 11:25,선우,저는일정이 끝나고,C:\Users\yuyao\Desktop\fromm抓取\fromm_dump\03\window_0126.xml,我行程結束後
,PM 11:25,선우,기절할 준비,C:\Users\yuyao\Desktop\fromm抓取\fromm_dump\03\window_0126.xml,準備昏倒
,PM 11:25,선우,완,C:\Users\yuyao\Desktop\fromm抓取\fromm_dump\03\window_0126.xml,完成
,PM 11:32,선우,우리 같이 기잘해버리자,C:\Users\yuyao\Desktop\fromm抓取\fromm_dump\03\window_0127.xml,我們一起昏倒吧
,PM 11:36,선우,오늘도 꼭 잘자구,C:\Users\yuyao\Desktop\fromm抓取\fromm_dump\03\window_0127.xml,今天也一定要好好睡
,PM 11:36,선우,조흔꿈꾸자💕💕💕,C:\Users\yuyao\Desktop\fromm抓取\fromm_dump\03\window_0127.xml,做個好夢吧💕💕💕
,AM 2:11,선우,뜬금없긴 한데,C:\Users\yuyao\Desktop\fromm抓取\fromm_dump\03\window_0127.xml,雖然有點突然
,AM 2:12,선우,나 필립스에서 최신 면도기 선물 받았다,C:\Users\yuyao\Desktop\fromm抓取\fromm_dump\03\window_0128.xml,我收到了 Philips 送的最新款刮鬍刀
,AM 2:12,선우,ㅋㅋㅋㅋㅋㅋㅋㅋㅋ,C:\Users\yuyao\Desktop\fromm抓取\fromm_dump\03\window_0128.xml,ㅋㅋㅋㅋㅋㅋㅋㅋㅋ
,AM 2:12,선우,"거의 백만원짜리,,",C:\Users\yuyao\Desktop\fromm抓取\fromm_dump\03\window_0128.xml,"差不多一百萬韓元的,,"
,AM 2:12,선우,미국에 있을 때 개인라이브 할 건데 면도방송 해드림 ㅋㅋㅋ,C:\Users\yuyao\Desktop\fromm抓取\fromm_dump\03\window_0128.xml,在美國的時候會開個人直播，到時候給你們做刮鬍直播ㅋㅋㅋ
,AM 2:13,선우,[media/no text],C:\Users\yuyao\Desktop\fromm抓取\fromm_dump\03\window_0129.xml,
,AM 2:13,선우,우리 더비들 면도할 땐 필립스 쓰자!,C:\Users\yuyao\Desktop\fromm抓取\fromm_dump\03\window_0129.xml,我們 THE B 刮鬍子的時候就用 Philips 吧！
,AM 2:13,선우,ㅋㅋㅋㅋㅋㅋㅋㅋ 나는 공연 준비할 거야💕,C:\Users\yuyao\Desktop\fromm抓取\fromm_dump\03\window_0130.xml,ㅋㅋㅋㅋㅋㅋㅋㅋ 我去準備演出了💕
,AM 9:13,선우,자 선물,C:\Users\yuyao\Desktop\fromm抓取\fromm_dump\03\window_0130.xml,來，禮物
,PM 12:33,선우,밥을 얻어먹어버렸습니다,C:\Users\yuyao\Desktop\fromm抓取\fromm_dump\03\window_0133.xml,我被請吃飯了
,PM 12:33,선우,소식을 듣고 더비 테이블 결제 바로 했는데,C:\Users\yuyao\Desktop\fromm抓取\fromm_dump\03\window_0133.xml,聽到消息後，我馬上結了 THE B 那桌的帳
,PM 12:35,선우,"저희는 450불 을 먹었는데 더비분들은 35불 나왔습니다,.",C:\Users\yuyao\Desktop\fromm抓取\fromm_dump\03\window_0133.xml,"我們吃了 450 美金，但 THE B 們那桌只花了 35 美金,."
,PM 12:36,선우,ㅋㅌㅌㅋㅋㅋㅋㅋㅋㅋㅋ 이건 안된다고 결제취소 시켞눈대 사장님이랑 더비들이 안된다 해서 그 감사함 마음 이어받아 많은 더비들에게 더 베풀겠습니다... 감사합니다..,C:\Users\yuyao\Desktop\fromm抓取\fromm_dump\03\window_0134.xml,ㅋㅋㅋㅋㅋㅋㅋㅋㅋㅋㅋ 我說這樣不行就取消付款了，但老闆和 THE B 們都說不行，所以我會把這份感謝接下來，回饋給更多 THE B... 謝謝..
,PM 12:37,선우,미안하네 ㅋㅋㅋ ㅜ  다음부턴 절대로 저어어어어어어얼대로 우연으로 본다고 해도 결제 저어ㅓ어어어어어어얼대로 하지 마십쇼 사랑스런 더비님들!!!!!,C:\Users\yuyao\Desktop\fromm抓取\fromm_dump\03\window_0134.xml,有點抱歉ㅋㅋㅋㅜ 下次就算只是偶然見到，也絕對、絕對、絕對不要幫我付款，親愛的 THE B 們!!!!!
,PM 12:37,선우,우리에겐 법카가 있답니다!!!!!!!!!!!!!!!!!,C:\Users\yuyao\Desktop\fromm抓取\fromm_dump\03\window_0134.xml,我們有公司卡啊!!!!!!!!!!!!!!!!!
,PM 12:38,선우,더비님들의 권력은 한 번으로 족하니 오늘은 넘 감사했어요💕💕,C:\Users\yuyao\Desktop\fromm抓取\fromm_dump\03\window_0135.xml,THE B 們的權力用一次就夠了，今天真的非常謝謝💕💕
,PM 12:38,선우,더 베푸는 덥즈가 되도록 할게여!!!🤤🤭💕🫶,C:\Users\yuyao\Desktop\fromm抓取\fromm_dump\03\window_0135.xml,我會成為更懂得回饋的 THE BOYZ!!!🤤🤭💕🫶
,PM 12:43,선우,[media/no text],C:\Users\yuyao\Desktop\fromm抓取\fromm_dump\03\window_0137.xml,
,PM 12:47,선우,[media/no text],C:\Users\yuyao\Desktop\fromm抓取\fromm_dump\03\window_0143.xml,
,PM 12:47,선우,첫출근이라 가5잡고 회사 가는 신입사원,C:\Users\yuyao\Desktop\fromm抓取\fromm_dump\03\window_0144.xml,第一天上班，拿著架勢去公司的新進社員
,PM 12:48,선우,저래놓고 가서 하는 일 가오있게 커피 타기~!,C:\Users\yuyao\Desktop\fromm抓取\fromm_dump\03\window_0144.xml,結果去了之後做的事是很有架勢地泡咖啡～！
,PM 12:50,선우,사수님 저는 카페라떼요!,C:\Users\yuyao\Desktop\fromm抓取\fromm_dump\03\window_0144.xml,前輩，我要咖啡拿鐵喔！
,PM 12:51,선우,"아아는 제가 못마셔서.. 헤헤 
근데 왜그렇게 쳐다보세여??  ㅎㅎ",C:\Users\yuyao\Desktop\fromm抓取\fromm_dump\03\window_0144.xml,"冰美式我喝不了.. 嘿嘿
可是你們為什麼那樣看著我？？ㅎㅎ"
,PM 12:52,선우,이런 신입 어때,C:\Users\yuyao\Desktop\fromm抓取\fromm_dump\03\window_0145.xml,這種新人怎麼樣
,PM 12:52,선우,말씀하신 서류 분쇄기에 갈고 왔어요!!,C:\Users\yuyao\Desktop\fromm抓取\fromm_dump\03\window_0145.xml,您說的文件我拿去碎紙機碎掉了！！
,PM 12:53,선우,아 복사기였구나 ㅠㅠ,C:\Users\yuyao\Desktop\fromm抓取\fromm_dump\03\window_0145.xml,啊，原來是影印機啊ㅠㅠ
,PM 12:55,선우,지금까지 선우가 직장인이라면? 을 체험해보았눈데요,C:\Users\yuyao\Desktop\fromm抓取\fromm_dump\03\window_0145.xml,到目前為止體驗了「如果善旴是上班族？」
,PM 12:55,선우,그냥 음악할게요~!💕,C:\Users\yuyao\Desktop\fromm抓取\fromm_dump\03\window_0145.xml,我還是做音樂好了～！💕
,PM 12:59,선우,ʕ•ﻌ•ʔฅ,C:\Users\yuyao\Desktop\fromm抓取\fromm_dump\03\window_0146.xml,ʕ•ﻌ•ʔฅ
,PM 1:00,선우,@,C:\Users\yuyao\Desktop\fromm抓取\fromm_dump\03\window_0146.xml,@
,PM 1:00,선우,@@,C:\Users\yuyao\Desktop\fromm抓取\fromm_dump\03\window_0146.xml,@@
,PM 1:00,선우,ʕ•ﻌ•ʔฅ,C:\Users\yuyao\Desktop\fromm抓取\fromm_dump\03\window_0146.xml,ʕ•ﻌ•ʔฅ
,PM 1:01,선우,ʕ•ﻌ•ʔฅ안ㄴ녕,C:\Users\yuyao\Desktop\fromm抓取\fromm_dump\03\window_0146.xml,ʕ•ﻌ•ʔฅ你ㄋ你好
,PM 1:01,선우,ʕ•ﻌ•ʔฅ씨,C:\Users\yuyao\Desktop\fromm抓取\fromm_dump\03\window_0147.xml,ʕ•ﻌ•ʔฅ小
,PM 1:01,선우,ʕ•ﻌ•ʔฅ님,C:\Users\yuyao\Desktop\fromm抓取\fromm_dump\03\window_0147.xml,ʕ•ﻌ•ʔฅ姐／先生
,PM 1:01,선우,더비가 귀칼의 주 라면 무슨 호흡을 쓸 건가요,C:\Users\yuyao\Desktop\fromm抓取\fromm_dump\03\window_0147.xml,如果 THE B 是鬼滅之刃的柱，會用什麼呼吸法？
,PM 1:02,선우,귀칼 안 본 사람 어ㅐ이리 많아,C:\Users\yuyao\Desktop\fromm抓取\fromm_dump\03\window_0147.xml,沒看鬼滅的人怎麼這麼多
,PM 1:02,선우,미츼겠다 진짜,C:\Users\yuyao\Desktop\fromm抓取\fromm_dump\03\window_0148.xml,真的要瘋了
,PM 1:02,선우,"하,,",C:\Users\yuyao\Desktop\fromm抓取\fromm_dump\03\window_0148.xml,"唉,,"
,PM 1:03,선우,귀칼 안보는 사람들 내가 이쁜 캐릭터 시켜줄게,C:\Users\yuyao\Desktop\fromm抓取\fromm_dump\03\window_0148.xml,沒看鬼滅的人，我讓你們當漂亮角色
,PM 1:03,선우,오니 라고 젤 예쁘니 캐릭터야,C:\Users\yuyao\Desktop\fromm抓取\fromm_dump\03\window_0148.xml,叫做鬼，是最漂亮的角色喔
,PM 1:03,선우,너 해,C:\Users\yuyao\Desktop\fromm抓取\fromm_dump\03\window_0149.xml,你來當
,PM 1:04,선우,나는 텐겐이라고 엄청 못난 괴물할게 ㅠㅠ,C:\Users\yuyao\Desktop\fromm抓取\fromm_dump\03\window_0149.xml,我就當叫天元的超醜怪物ㅠㅠ
,PM 1:05,선우,뭔지 아네;,C:\Users\yuyao\Desktop\fromm抓取\fromm_dump\03\window_0149.xml,你知道是什麼嘛;
,PM 1:10,선우,아 근대,C:\Users\yuyao\Desktop\fromm抓取\fromm_dump\03\window_0149.xml,啊可是
,PM 1:11,선우,진짜 바로 잠들 것 같다,C:\Users\yuyao\Desktop\fromm抓取\fromm_dump\03\window_0149.xml,真的好像馬上就會睡著
,PM 1:11,선우,나 씻고,C:\Users\yuyao\Desktop\fromm抓取\fromm_dump\03\window_0150.xml,我洗完澡
,PM 1:11,선우,기절한다,C:\Users\yuyao\Desktop\fromm抓取\fromm_dump\03\window_0150.xml,就昏倒
,PM 1:11,선우,먼저,C:\Users\yuyao\Desktop\fromm抓取\fromm_dump\03\window_0150.xml,先
,PM 1:11,선우,모든 힘이 다 빠졌어,C:\Users\yuyao\Desktop\fromm抓取\fromm_dump\03\window_0150.xml,所有力氣都沒了
,PM 1:11,선우,지금도 액체괴물처럼 쓰러져서 보내는 중이야,C:\Users\yuyao\Desktop\fromm抓取\fromm_dump\03\window_0150.xml,現在也像史萊姆一樣癱著在傳訊息
,PM 1:11,선우,씻기 귀찮다,C:\Users\yuyao\Desktop\fromm抓取\fromm_dump\03\window_0151.xml,好懶得洗澡
,PM 1:11,선우,그래도 씻어야겠지,C:\Users\yuyao\Desktop\fromm抓取\fromm_dump\03\window_0151.xml,但還是要洗吧
,PM 1:11,선우,한번만 씻지말까,C:\Users\yuyao\Desktop\fromm抓取\fromm_dump\03\window_0151.xml,就一次不要洗好不好
,PM 1:11,선우,에이 그래도 콘서트 했는데,C:\Users\yuyao\Desktop\fromm抓取\fromm_dump\03\window_0151.xml,欸可是都開完演唱會了
,PM 1:12,선우,근데 너무 졸린데,C:\Users\yuyao\Desktop\fromm抓取\fromm_dump\03\window_0151.xml,但真的太睏了
,PM 1:12,선우,"하,,",C:\Users\yuyao\Desktop\fromm抓取\fromm_dump\03\window_0152.xml,"唉,,"
,PM 1:12,선우,핸드폰 좋게 내는 거 말고 자동으로 씻어지는 기계 개발해주세요,C:\Users\yuyao\Desktop\fromm抓取\fromm_dump\03\window_0152.xml,不要只把手機做得很好，請開發會自動幫人洗澡的機器
,PM 1:13,선우,문과가 상상하면 이과님들이 실행시켜주세요,C:\Users\yuyao\Desktop\fromm抓取\fromm_dump\03\window_0152.xml,文科負責想像的話，理科大人們請負責實現
,PM 1:13,선우,아잉,C:\Users\yuyao\Desktop\fromm抓取\fromm_dump\03\window_0152.xml,哎唷
,PM 1:14,선우,하지만 난 예체능,C:\Users\yuyao\Desktop\fromm抓取\fromm_dump\03\window_0153.xml,但我是藝體能
,PM 1:15,선우,씻고올게 이쁜 오니야💕 ㅜㅜ,C:\Users\yuyao\Desktop\fromm抓取\fromm_dump\03\window_0153.xml,我去洗澡了，漂亮的小鬼呀💕ㅜㅜ
,PM 1:15,선우,귀찮다 ㅠㅠ,C:\Users\yuyao\Desktop\fromm抓取\fromm_dump\03\window_0153.xml,好麻煩ㅠㅠ
,PM 1:15,선우,오니가 졸리면?,C:\Users\yuyao\Desktop\fromm抓取\fromm_dump\03\window_0153.xml,鬼如果睏了呢？
,PM 1:16,선우,잠오니,C:\Users\yuyao\Desktop\fromm抓取\fromm_dump\03\window_0153.xml,想睡鬼
,PM 1:16,선우,오니가 샐러드 만들면,C:\Users\yuyao\Desktop\fromm抓取\fromm_dump\03\window_0154.xml,鬼如果做沙拉
,PM 1:16,선우,마카로오니 샐러드 ~!,C:\Users\yuyao\Desktop\fromm抓取\fromm_dump\03\window_0154.xml,通心粉鬼沙拉～！
,PM 1:17,선우,오니가 허세부리면,C:\Users\yuyao\Desktop\fromm抓取\fromm_dump\03\window_0154.xml,鬼如果裝帥
,PM 1:17,선우,가오니~?,C:\Users\yuyao\Desktop\fromm抓取\fromm_dump\03\window_0154.xml,耍帥鬼～？
,PM 1:17,선우,오니가 기다리면!!,C:\Users\yuyao\Desktop\fromm抓取\fromm_dump\03\window_0154.xml,鬼如果在等呢！！
,PM 1:17,선우,언제오니~💕,C:\Users\yuyao\Desktop\fromm抓取\fromm_dump\03\window_0155.xml,什麼時候來鬼～💕
,PM 1:18,선우,웅 씻을게,C:\Users\yuyao\Desktop\fromm抓取\fromm_dump\03\window_0155.xml,嗯，我會洗
,PM 1:19,선우,"ㅋㅋㅋㅋㅋㅋㅋ  응 얼른 씻을게,, ㅜㅡㅜ",C:\Users\yuyao\Desktop\fromm抓取\fromm_dump\03\window_0155.xml,"ㅋㅋㅋㅋㅋㅋㅋ 嗯，我快去洗,,ㅜㅡㅜ"
,PM 1:19,선우,에휴,C:\Users\yuyao\Desktop\fromm抓取\fromm_dump\03\window_0155.xml,唉唷
,PM 1:19,선우,시간끌만큼 끌었다,C:\Users\yuyao\Desktop\fromm抓取\fromm_dump\03\window_0156.xml,能拖的時間都拖完了
,PM 1:19,선우,간다 안 씻어도 지금 내 몸에서 향기나지만,C:\Users\yuyao\Desktop\fromm抓取\fromm_dump\03\window_0156.xml,我要去了，就算不洗我現在身上也有香味
,PM 1:20,선우,사실 삼겹살 향이지만,C:\Users\yuyao\Desktop\fromm抓取\fromm_dump\03\window_0156.xml,其實是五花肉的味道啦
,PM 1:20,선우,씻을게!!!!!!!!!!!!!,C:\Users\yuyao\Desktop\fromm抓取\fromm_dump\03\window_0156.xml,我會洗啦!!!!!!!!!!!!!
,PM 1:20,선우,시끄러,C:\Users\yuyao\Desktop\fromm抓取\fromm_dump\03\window_0156.xml,吵死了
,PM 1:20,선우,더비는 왱케 귀엽니?,C:\Users\yuyao\Desktop\fromm抓取\fromm_dump\03\window_0157.xml,THE B 為什麼這麼可愛？
,PM 1:21,선우,봐준다 여러번,C:\Users\yuyao\Desktop\fromm抓取\fromm_dump\03\window_0157.xml,我放過你很多次了
,PM 1:21,선우,내가~,C:\Users\yuyao\Desktop\fromm抓取\fromm_dump\03\window_0157.xml,我啊～
,PM 1:21,선우,지금 샴푸 중,C:\Users\yuyao\Desktop\fromm抓取\fromm_dump\03\window_0157.xml,現在正在洗頭
,PM 1:22,선우,양치도 같이 하는 스킬,C:\Users\yuyao\Desktop\fromm抓取\fromm_dump\03\window_0157.xml,同時刷牙的技能
,PM 1:22,선우,상상으로 씻어도 씻는 거에오,C:\Users\yuyao\Desktop\fromm抓取\fromm_dump\03\window_0158.xml,用想像洗澡也算洗澡喔
,PM 1:22,선우,하 진짜 간다 찾지마라,C:\Users\yuyao\Desktop\fromm抓取\fromm_dump\03\window_0158.xml,哈，真的要去了，不要找我
,PM 1:22,선우,ㅃ,C:\Users\yuyao\Desktop\fromm抓取\fromm_dump\03\window_0158.xml,掰
,PM 1:23,선우,아아아아ㅏ아아ㅏ아아이아아ㅣ이아 귀찮아!!!!!‘ㅜㅏㅜㅜㅜㅜㅜ!!!!!!!!!!!!!!!!!!!!!!!!!!!!!!!,C:\Users\yuyao\Desktop\fromm抓取\fromm_dump\03\window_0158.xml,啊啊啊啊啊啊啊啊啊啊啊啊好麻煩!!!!!‘ㅜㅏㅜㅜㅜㅜㅜ!!!!!!!!!!!!!!!!!!!!!!!!!!!!!!!
,PM 1:23,선우,돌아와서 남길게여,C:\Users\yuyao\Desktop\fromm抓取\fromm_dump\03\window_0159.xml,回來後會留言的
,PM 1:23,선우,뿅,C:\Users\yuyao\Desktop\fromm抓取\fromm_dump\03\window_0159.xml,咻
,PM 1:24,선우,뿅이 왜 ㅋ큐형 꺼야 내껀데,C:\Users\yuyao\Desktop\fromm抓取\fromm_dump\03\window_0159.xml,咻為什麼是 Q 哥的啊，是我的耶
,PM 1:24,선우,아 김선우 말 그만하고 가라,C:\Users\yuyao\Desktop\fromm抓取\fromm_dump\03\window_0159.xml,啊金善旴不要再說了快去
,PM 1:24,선우,오ㅑ그러냐?,C:\Users\yuyao\Desktop\fromm抓取\fromm_dump\03\window_0159.xml,你為什麼這樣？
,PM 1:24,선우,웅 갈게 서누야,C:\Users\yuyao\Desktop\fromm抓取\fromm_dump\03\window_0160.xml,嗯，我會去的善旴呀
,PM 1:24,선우,뾹,C:\Users\yuyao\Desktop\fromm抓取\fromm_dump\03\window_0160.xml,噗
,AM 12:55,선우,[media/no text],C:\Users\yuyao\Desktop\fromm抓取\fromm_dump\03\window_0161.xml,
,AM 12:56,선우,타이거도 했어야했는데 ㅋ 까비!💕,C:\Users\yuyao\Desktop\fromm抓取\fromm_dump\03\window_0164.xml,本來也該做 Tiger 的ㅋ 可惜！💕
,AM 12:57,선우,더비들 만나서 반가웠어요💕💕 이따 오후에도 행사하는데 빨리 더비 보고싶다🥰🥰,C:\Users\yuyao\Desktop\fromm抓取\fromm_dump\03\window_0165.xml,很高興見到 THE B 們💕💕 等一下下午也有活動，已經好想快點見到 THE B 了🥰🥰
,AM 1:03,선우,나증에 나 엘에이에서 멤버들이랑 쉬는 날 놀러가서 찍은 사진도 보내주께💕 진짜 예쁜 곳 갔오!!!!!,C:\Users\yuyao\Desktop\fromm抓取\fromm_dump\03\window_0165.xml,之後我也會把我在 LA 跟成員們休息日出去玩時拍的照片傳給你們💕 去了真的很漂亮的地方!!!!!
,AM 1:04,선우,히히 늦었으니까 얼른 자💕💕 내일보자😍💕,C:\Users\yuyao\Desktop\fromm抓取\fromm_dump\03\window_0166.xml,嘻嘻，時間晚了快睡吧💕💕 明天見😍💕
,PM 8:14,선우,더비야 오늘도 짱많이 사랑해,C:\Users\yuyao\Desktop\fromm抓取\fromm_dump\03\window_0166.xml,THE B 呀，今天也超級愛你
,PM 8:14,선우,응원봉 짱많고 짱 예쁘고 짱 자랑스러웠어💪😁,C:\Users\yuyao\Desktop\fromm抓取\fromm_dump\03\window_0166.xml,手燈超多、超漂亮、超讓我驕傲💪😁
,PM 8:14,선우,[media/no text],C:\Users\yuyao\Desktop\fromm抓取\fromm_dump\03\window_0167.xml,
,PM 8:17,선우,더비는 어디가서도 내자랑으로 내놓을 수 있는 짱 예뽀니들이얌,C:\Users\yuyao\Desktop\fromm抓取\fromm_dump\03\window_0167.xml,THE B 不管去哪裡，都是我可以拿出來炫耀的超漂亮寶貝們
,PM 8:17,선우,히히,C:\Users\yuyao\Desktop\fromm抓取\fromm_dump\03\window_0167.xml,嘻嘻
,PM 8:17,선우,감자 마니 머거라,C:\Users\yuyao\Desktop\fromm抓取\fromm_dump\03\window_0167.xml,多吃點馬鈴薯吧
,PM 8:17,선우,너나 많이 먹어라!!!!!!,C:\Users\yuyao\Desktop\fromm抓取\fromm_dump\03\window_0168.xml,你自己多吃啦!!!!!!
,PM 6:50,선우,날ㅋ시좋다!!!!!!,C:\Users\yuyao\Desktop\fromm抓取\fromm_dump\03\window_0168.xml,天ㅋ氣真好!!!!!!
,PM 6:53,선우,[media/no text],C:\Users\yuyao\Desktop\fromm抓取\fromm_dump\03\window_0169.xml,
,PM 6:54,선우,히히,C:\Users\yuyao\Desktop\fromm抓取\fromm_dump\03\window_0171.xml,嘻嘻
,PM 6:54,선우,오늘 저는 한복 떠누에오,C:\Users\yuyao\Desktop\fromm抓取\fromm_dump\03\window_0171.xml,今天我是韓服善旴喔
,PM 6:55,선우,[media/no text],C:\Users\yuyao\Desktop\fromm抓取\fromm_dump\03\window_0172.xml,
,PM 6:55,선우,본가는 어제 잠깐 다냐왔어!,C:\Users\yuyao\Desktop\fromm抓取\fromm_dump\03\window_0172.xml,老家昨天有短暫回去一下！
,PM 6:56,선우,가서 맛난 거 많이 먹고 왔어,C:\Users\yuyao\Desktop\fromm抓取\fromm_dump\03\window_0172.xml,去那邊吃了很多好吃的回來
,PM 6:56,선우,우리 할머니 묵은지가 말도 안되거든,C:\Users\yuyao\Desktop\fromm抓取\fromm_dump\03\window_0172.xml,我奶奶的熟成泡菜真的不得了
,PM 6:56,선우,나는 병어조림을 어릴 때부터 좋아해서,C:\Users\yuyao\Desktop\fromm抓取\fromm_dump\03\window_0172.xml,我從小就很喜歡燉鯧魚
,PM 6:56,선우,할머니가 병어조림을 또 해주셔서 세마리 없애고 왔지뭐야,C:\Users\yuyao\Desktop\fromm抓取\fromm_dump\03\window_0173.xml,奶奶又做了燉鯧魚給我，所以我吃掉三條回來了
,PM 6:57,선우,내가 밥 젤 많이 먹었는데 할머니는,C:\Users\yuyao\Desktop\fromm抓取\fromm_dump\03\window_0173.xml,我明明飯吃最多，但奶奶卻說
,PM 6:57,선우,선우는 왜이렇게 입이 짧아,C:\Users\yuyao\Desktop\fromm抓取\fromm_dump\03\window_0173.xml,善旴怎麼吃這麼少
,PM 6:57,선우,하셔서,C:\Users\yuyao\Desktop\fromm抓取\fromm_dump\03\window_0173.xml,這樣說
,PM 6:57,선우,할머니 제가 젤 많이 먹었어요,C:\Users\yuyao\Desktop\fromm抓取\fromm_dump\03\window_0174.xml,我就說「奶奶，我吃最多了」
,PM 6:57,선우,하고 왔어,C:\Users\yuyao\Desktop\fromm抓取\fromm_dump\03\window_0174.xml,然後回來了
,PM 6:57,선우,동생은 눈썹을 밀었고,C:\Users\yuyao\Desktop\fromm抓取\fromm_dump\03\window_0174.xml,我妹妹把眉毛剃了
,PM 6:58,선우,눈썹 민 이유가,C:\Users\yuyao\Desktop\fromm抓取\fromm_dump\03\window_0174.xml,剃眉毛的理由是
,PM 6:58,선우,맨날 그리다가,C:\Users\yuyao\Desktop\fromm抓取\fromm_dump\03\window_0174.xml,因為每天都要畫
,PM 6:58,선우,내가 이걸 왜 그려야하지,C:\Users\yuyao\Desktop\fromm抓取\fromm_dump\03\window_0175.xml,她想「我為什麼要畫這個」
,PM 6:58,선우,해서 밀어버렸대,C:\Users\yuyao\Desktop\fromm抓取\fromm_dump\03\window_0175.xml,所以就剃掉了
,PM 6:58,선우,알파피메일 ㄷㄷ,C:\Users\yuyao\Desktop\fromm抓取\fromm_dump\03\window_0175.xml,Alpha female ㄷㄷ
,PM 6:59,선우,그리기 싫어서 밀어버리는 건 무슨 발상인지는 모르겠지만,C:\Users\yuyao\Desktop\fromm抓取\fromm_dump\03\window_0175.xml,雖然不知道因為不想畫就剃掉是什麼想法
,PM 6:59,선우,한층 더 힙해진 여동생과,C:\Users\yuyao\Desktop\fromm抓取\fromm_dump\03\window_0176.xml,我見到了變得更 hip 的妹妹
,PM 6:59,선우,사촌들을 보고왔어,C:\Users\yuyao\Desktop\fromm抓取\fromm_dump\03\window_0176.xml,還有表兄弟姐妹們
,PM 6:59,선우,내 친구는 얼마전에 군머에 들어갔는데,C:\Users\yuyao\Desktop\fromm抓取\fromm_dump\03\window_0176.xml,我朋友前陣子去當兵了
,PM 6:59,선우,200분의 1확률로 군악대에 합격해서,C:\Users\yuyao\Desktop\fromm抓取\fromm_dump\03\window_0176.xml,以 1/200 的機率考上了軍樂隊
,PM 7:00,선우,기분 좋다고 카톡이 왔어,C:\Users\yuyao\Desktop\fromm抓取\fromm_dump\03\window_0176.xml,他就傳 KakaoTalk 說很開心
,PM 7:01,선우,울 애기는 ㅇ용돈 받고 와써?,C:\Users\yuyao\Desktop\fromm抓取\fromm_dump\03\window_0177.xml,我們寶寶有拿到零用錢回來嗎？
,PM 7:03,선우,현생은 어때,C:\Users\yuyao\Desktop\fromm抓取\fromm_dump\03\window_0177.xml,現實生活過得怎麼樣
,PM 7:03,선우,힘든 거 이써?,C:\Users\yuyao\Desktop\fromm抓取\fromm_dump\03\window_0177.xml,有辛苦的事嗎？
,PM 7:04,선우,"지치고 피곤하고 힘들텐데,,",C:\Users\yuyao\Desktop\fromm抓取\fromm_dump\03\window_0177.xml,"應該很累、很疲憊、很辛苦吧,,"
,PM 7:04,선우,콘서트 때 운 거는,C:\Users\yuyao\Desktop\fromm抓取\fromm_dump\03\window_0177.xml,演唱會時哭的事
,PM 7:05,선우,나증에 말해주께,C:\Users\yuyao\Desktop\fromm抓取\fromm_dump\03\window_0178.xml,之後再跟你說
,PM 7:08,선우,더비 힘들텐데 담 주에 큐형이랑 라이브 하기로 해써 그때 힘 마니 마니 주도록 노력할게😁🥰,C:\Users\yuyao\Desktop\fromm抓取\fromm_dump\03\window_0178.xml,DERBY 應該很辛苦，下週我和 Q 哥約好要直播，那時候我會努力多多給你力量😁🥰
,PM 7:10,선우,투어는 우리도 못가서 슬퍼 근데 더비가 더 힘들겠지 시간 돈 다 돌려받지 못하는데 그래서 그거 생각하면 더 미안하고 힘들어 하지만 다른 방법으로 조금이나마 힘나게 해주께,C:\Users\yuyao\Desktop\fromm抓取\fromm_dump\03\window_0179.xml,巡演我們也不能去，所以也很難過。但 DERBY 會更難受吧，時間和錢都沒辦法完全拿回來，所以想到這個就更抱歉也更難受。不過我會用其他方式多少讓你們打起精神的
,PM 7:10,선우,사랑해,C:\Users\yuyao\Desktop\fromm抓取\fromm_dump\03\window_0179.xml,我愛你
,PM 7:11,선우,힘들고 슬픈 일들은 더비가 더 크게 올 텐데 늘 사랑 주러 와줘서 고맙고 늘 아껴,C:\Users\yuyao\Desktop\fromm抓取\fromm_dump\03\window_0179.xml,辛苦又難過的事，DERBY 應該會感受得更深，但謝謝你總是來給我愛，我也一直很珍惜你
,PM 7:11,선우,오늘도 팬싸인회하는데,C:\Users\yuyao\Desktop\fromm抓取\fromm_dump\03\window_0180.xml,今天也在辦簽售會
,PM 7:11,선우,예쁜 마음들을 너무 많이 주니까,C:\Users\yuyao\Desktop\fromm抓取\fromm_dump\03\window_0180.xml,大家給了我好多漂亮的心意
,PM 7:11,선우,더비들한테 더 고맙고 그 마음들을 대표해서 말해주는 거니까 더비들이 다 보고싶더라구,C:\Users\yuyao\Desktop\fromm抓取\fromm_dump\03\window_0180.xml,所以我更感謝 DERBY，因為她們是代表大家把那些心意說出來，所以我就更想見到所有 DERBY 了
,PM 7:12,선우,대단하다고 생각해 사람으로서 존경해,C:\Users\yuyao\Desktop\fromm抓取\fromm_dump\03\window_0180.xml,我覺得你們很了不起，作為人也很尊敬你們
,PM 7:12,선우,근데 아무리 강해도 더비도 순두부인데 결국,C:\Users\yuyao\Desktop\fromm抓取\fromm_dump\03\window_0181.xml,但再怎麼堅強，DERBY 到最後也是嫩豆腐啊
,PM 7:13,선우,겉바속촉 더비들 사랑해,C:\Users\yuyao\Desktop\fromm抓取\fromm_dump\03\window_0181.xml,外酥內嫩的 DERBY 們，我愛你們
,PM 7:13,선우,더비중에 안 강한 사람은 업서,C:\Users\yuyao\Desktop\fromm抓取\fromm_dump\03\window_0181.xml,DERBY 裡沒有不堅強的人
,PM 7:14,선우,더비면 강한 거임 일단,C:\Users\yuyao\Desktop\fromm抓取\fromm_dump\03\window_0181.xml,只要是 DERBY 就已經很堅強了
,PM 7:14,선우,그러니까 현생도 힘내쟈,C:\Users\yuyao\Desktop\fromm抓取\fromm_dump\03\window_0181.xml,所以現實生活也一起加油吧
,PM 7:14,선우,사랑해 마니,C:\Users\yuyao\Desktop\fromm抓取\fromm_dump\03\window_0182.xml,很愛你
,PM 7:14,선우,더비 맛난 음식 마니 먹고,C:\Users\yuyao\Desktop\fromm抓取\fromm_dump\03\window_0182.xml,DERBY 要多吃好吃的
,PM 7:15,선우,밥이 맛있어서 행복하고 잠 자기 전에 누워서 행복하고 씻고 나면 개운해서 행복한 하루 보내,C:\Users\yuyao\Desktop\fromm抓取\fromm_dump\03\window_0182.xml,過一個因為飯很好吃而幸福、睡前躺下來而幸福、洗完澡覺得清爽而幸福的一天
,PM 7:15,선우,난 아돌라 준비하러 갈게 이따보자💕💕💕😁,C:\Users\yuyao\Desktop\fromm抓取\fromm_dump\03\window_0182.xml,我要去準備 IDOL RADIO 了，待會見💕💕💕😁
,PM 7:15,선우,[media/no text],C:\Users\yuyao\Desktop\fromm抓取\fromm_dump\03\window_0183.xml,
,PM 10:11,선우,[media/no text],C:\Users\yuyao\Desktop\fromm抓取\fromm_dump\03\window_0185.xml,
,PM 10:11,선우,나중에 영상도 보내주께💕,C:\Users\yuyao\Desktop\fromm抓取\fromm_dump\03\window_0187.xml,之後影片也會傳給你💕
,AM 12:36,선우,영훈이형 하,C:\Users\yuyao\Desktop\fromm抓取\fromm_dump\03\window_0187.xml,泳勳哥，唉
,AM 12:36,선우,내 소중한 레그스킨헤어를,C:\Users\yuyao\Desktop\fromm抓取\fromm_dump\03\window_0187.xml,我珍貴的腿部皮膚毛髮
,AM 12:36,선우,하,C:\Users\yuyao\Desktop\fromm抓取\fromm_dump\03\window_0187.xml,唉
,AM 12:36,선우,진짜 어카지 저 사람,C:\Users\yuyao\Desktop\fromm抓取\fromm_dump\03\window_0188.xml,那個人真的怎麼辦啊
,AM 12:36,선우,진짜,C:\Users\yuyao\Desktop\fromm抓取\fromm_dump\03\window_0188.xml,真的
,AM 12:36,선우,ㅋㅋㅋㅋㅋㅋㅋㅋㅋㅋㅋㅋㅋㅋㅋㅋㅋ,C:\Users\yuyao\Desktop\fromm抓取\fromm_dump\03\window_0188.xml,ㅋㅋㅋㅋㅋㅋㅋㅋㅋㅋㅋㅋㅋㅋㅋㅋㅋ
,AM 12:36,선우,아,C:\Users\yuyao\Desktop\fromm抓取\fromm_dump\03\window_0188.xml,啊
,AM 12:37,선우,"하,,,",C:\Users\yuyao\Desktop\fromm抓取\fromm_dump\03\window_0188.xml,"唉,,,"
,AM 12:37,선우,자기 전에 생각나서,C:\Users\yuyao\Desktop\fromm抓取\fromm_dump\03\window_0189.xml,睡前突然想到
,AM 12:37,선우,보냈어,C:\Users\yuyao\Desktop\fromm抓取\fromm_dump\03\window_0189.xml,所以傳了
,AM 12:37,선우,",,,.",C:\Users\yuyao\Desktop\fromm抓取\fromm_dump\03\window_0189.xml,",,,."
,PM 8:47,선우,더비야 비가 ㅠㅠㅠ,C:\Users\yuyao\Desktop\fromm抓取\fromm_dump\03\window_0189.xml,DERBY 啊，下雨了ㅠㅠㅠ
,PM 8:47,선우,마니 오네ㅜㅠㅠ,C:\Users\yuyao\Desktop\fromm抓取\fromm_dump\03\window_0190.xml,下好大喔ㅠㅠㅠ
,PM 8:47,선우,비 맞지마 알것지,C:\Users\yuyao\Desktop\fromm抓取\fromm_dump\03\window_0190.xml,不要淋雨，知道吧
,PM 8:48,선우,추워져써 엄청,C:\Users\yuyao\Desktop\fromm抓取\fromm_dump\03\window_0190.xml,變超冷了
,PM 8:48,선우,따뜻하게 입고!!!!!,C:\Users\yuyao\Desktop\fromm抓取\fromm_dump\03\window_0190.xml,穿暖一點!!!!!
,PM 8:49,선우,나는 엽떡 머글거임,C:\Users\yuyao\Desktop\fromm抓取\fromm_dump\03\window_0190.xml,我要吃辣炒年糕
,PM 8:49,선우,히히,C:\Users\yuyao\Desktop\fromm抓取\fromm_dump\03\window_0191.xml,嘻嘻
,PM 7:02,선우,춥당🤤,C:\Users\yuyao\Desktop\fromm抓取\fromm_dump\03\window_0191.xml,好冷🤤
,PM 7:02,선우,안 추어?,C:\Users\yuyao\Desktop\fromm抓取\fromm_dump\03\window_0191.xml,你不冷嗎？
,PM 8:56,선우,밥 뭇나!!!,C:\Users\yuyao\Desktop\fromm抓取\fromm_dump\03\window_0191.xml,吃飯了嗎!!!
,PM 8:57,선우,미안 내가 요며칠간 어둠의 시간을 좀 보내서,C:\Users\yuyao\Desktop\fromm抓取\fromm_dump\03\window_0192.xml,抱歉，我這幾天有點經歷了黑暗時光
,PM 8:57,선우,다시 돌아와쪄요,C:\Users\yuyao\Desktop\fromm抓取\fromm_dump\03\window_0192.xml,我又回來了
,PM 8:57,선우,[media/no text],C:\Users\yuyao\Desktop\fromm抓取\fromm_dump\03\window_0192.xml,
,PM 8:58,선우,시상식 준비하는 즁이야 우리는🫶,C:\Users\yuyao\Desktop\fromm抓取\fromm_dump\03\window_0193.xml,我們正在準備頒獎典禮中🫶
,PM 8:59,선우,우리는 시상식 준비 중이야🤭🫶,C:\Users\yuyao\Desktop\fromm抓取\fromm_dump\03\window_0193.xml,我們正在準備頒獎典禮喔🤭🫶
,AM 9:31,선우,더비 굿모닝💕💕,C:\Users\yuyao\Desktop\fromm抓取\fromm_dump\03\window_0193.xml,DERBY 早安💕💕
,AM 9:31,선우,자카르타는 8시30분이얌👋,C:\Users\yuyao\Desktop\fromm抓取\fromm_dump\03\window_0193.xml,雅加達現在是 8 點 30 分唷👋
,AM 9:31,선우,뱅기에서 쭉 잤는데 또 자서 자다깨다 자다깨다 반복해써,C:\Users\yuyao\Desktop\fromm抓取\fromm_dump\03\window_0194.xml,我在飛機上一直睡，結果又睡了，反覆睡了醒、醒了睡
,AM 9:32,선우,아침밥 먹어라 ㅋ,C:\Users\yuyao\Desktop\fromm抓取\fromm_dump\03\window_0194.xml,去吃早餐啦ㅋ
,AM 9:55,선우,나도 가서 밥 먹구 할게🤤,C:\Users\yuyao\Desktop\fromm抓取\fromm_dump\03\window_0194.xml,我也要去吃飯再忙了🤤
,AM 9:55,선우,오늘도 쫀 하루👋🤤,C:\Users\yuyao\Desktop\fromm抓取\fromm_dump\03\window_0195.xml,今天也要過美好的一天👋🤤
,PM 10:03,선우,뭐해 ㅎㅎ,C:\Users\yuyao\Desktop\fromm抓取\fromm_dump\03\window_0195.xml,在幹嘛ㅎㅎ
,PM 10:03,선우,난 녹음 열시미 하는 즁,C:\Users\yuyao\Desktop\fromm抓取\fromm_dump\03\window_0195.xml,我正在很努力錄音中
,PM 10:04,선우,[media/no text],C:\Users\yuyao\Desktop\fromm抓取\fromm_dump\03\window_0196.xml,
,PM 10:04,선우,헤헤,C:\Users\yuyao\Desktop\fromm抓取\fromm_dump\03\window_0196.xml,嘿嘿
,PM 10:05,선우,[media/no text],C:\Users\yuyao\Desktop\fromm抓取\fromm_dump\03\window_0197.xml,
,PM 10:05,선우,밥 뭇나!,C:\Users\yuyao\Desktop\fromm抓取\fromm_dump\03\window_0197.xml,吃飯了嗎！
,PM 10:05,선우,마니 무라,C:\Users\yuyao\Desktop\fromm抓取\fromm_dump\03\window_0197.xml,多吃點
,PM 10:06,선우,요즘 더비는 어때 잘 지내??,C:\Users\yuyao\Desktop\fromm抓取\fromm_dump\03\window_0198.xml,最近 DERBY 怎麼樣，過得好嗎？？
,PM 11:30,선우,으ㅡ으 왤케 추워 넘 춥다 패딩의 계절이 왔다,C:\Users\yuyao\Desktop\fromm抓取\fromm_dump\03\window_0198.xml,呃ㅡ呃 怎麼這麼冷，太冷了，羽絨外套的季節來了
,PM 11:30,선우,반팔 입고 패딩 입으면 그만큼 편한게 없는데,C:\Users\yuyao\Desktop\fromm抓取\fromm_dump\03\window_0198.xml,穿短袖再套羽絨外套，沒有比這更舒服的了
,PM 3:15,선우,타이거,C:\Users\yuyao\Desktop\fromm抓取\fromm_dump\03\window_0198.xml,Tiger
,PM 1:47,선우,🤭🫶,C:\Users\yuyao\Desktop\fromm抓取\fromm_dump\03\window_0199.xml,🤭🫶
,PM 1:47,선우,같이 설레하고 기대해줘서 고마워,C:\Users\yuyao\Desktop\fromm抓取\fromm_dump\03\window_0199.xml,謝謝你跟我一起心動、一起期待
,PM 1:47,선우,내가 만든 것들 준비한 것들을 기다려주는 사람들이 있다는 건,C:\Users\yuyao\Desktop\fromm抓取\fromm_dump\03\window_0199.xml,有人等待著我做出的東西、準備好的東西
,PM 1:47,선우,엄청난 행운이고 축복이야🥲💕,C:\Users\yuyao\Desktop\fromm抓取\fromm_dump\03\window_0199.xml,真的是很大的幸運和祝福🥲💕
,PM 1:47,선우,사랑해요,C:\Users\yuyao\Desktop\fromm抓取\fromm_dump\03\window_0199.xml,我愛你們
,PM 11:10,선우,우리는 소라게 새로운 둥지를 찾아떠나요,C:\Users\yuyao\Desktop\fromm抓取\fromm_dump\03\window_0199.xml,我們是寄居蟹，要去尋找新的巢了
,PM 9:01,선우,고생했어 봐주느라!!!!!,C:\Users\yuyao\Desktop\fromm抓取\fromm_dump\03\window_0200.xml,辛苦你看完了!!!!!
,PM 9:07,선우,더비들이 좋아하니까 좋네,C:\Users\yuyao\Desktop\fromm抓取\fromm_dump\03\window_0200.xml,DERBY 們喜歡，所以我也開心
,PM 9:07,선우,솔로 노래도 사진도 다 줄테니 기다려조💕,C:\Users\yuyao\Desktop\fromm抓取\fromm_dump\03\window_0200.xml,Solo 歌曲和照片我都會給你們，等我一下💕
,PM 11:30,선우,사랑하는 우리 더비,C:\Users\yuyao\Desktop\fromm抓取\fromm_dump\03\window_0201.xml,我親愛的 DERBY
,PM 11:30,선우,새해도 잘 부탁해,C:\Users\yuyao\Desktop\fromm抓取\fromm_dump\03\window_0201.xml,新的一年也請多多關照
,PM 11:30,선우,더비가 내 복이고 행복이야,C:\Users\yuyao\Desktop\fromm抓取\fromm_dump\03\window_0201.xml,DERBY 就是我的福氣和幸福
,PM 11:34,선우,작년은 다사다난 했지 더비들 너무 고생 많았고 우리에게 어떤 일들이 또 일어날지 앞 날은 그 누구도 모르는 거지만 함께 있으니 다 이겨낼 수 있었고 이겨낼 수 있어 💕 ! 진심으로 사랑하고 감사하고 늘 더비들을 존경해 더비가 되어줘서 고마워💕 다시 한 번 잘 부탁해요 2026!🤭,C:\Users\yuyao\Desktop\fromm抓取\fromm_dump\03\window_0202.xml,去年發生了很多事吧，DERBY 們真的辛苦了。未來又會發生什麼事，誰也不知道，但因為我們在一起，所以都能撐過來，也一定能撐過去💕！真心愛你們、感謝你們，也一直尊敬 DERBY。謝謝你成為 DERBY💕 2026 也再次請多多關照！🤭
,AM 3:37,선우,"북치겠습니다 이렇게
하는 게 편할 듯",C:\Users\yuyao\Desktop\fromm抓取\fromm_dump\03\window_0202.xml,我要來敲鼓了，這樣做應該比較方便
,AM 3:38,선우,이번에만 개 좀 북치겠습니다,C:\Users\yuyao\Desktop\fromm抓取\fromm_dump\03\window_0202.xml,只有這次，我要稍微開罵一下
,AM 3:38,선우,"소개팅 남이 다 맘에
드는데 연락할 때 이러면 어칼 거임",C:\Users\yuyao\Desktop\fromm抓取\fromm_dump\03\window_0202.xml,相親對象其他地方都很合你意，但聊天時這樣，你會怎麼辦
,AM 3:39,선우,근데 진짜 실제로 봤는데 너 스타일인데 똑똑하기도 하고 다 완벽한데,C:\Users\yuyao\Desktop\fromm抓取\fromm_dump\03\window_0203.xml,但真的見過面，是你的菜，又聰明，其他都完美
,AM 3:39,선우,진짜 맞춤법만 저러면,C:\Users\yuyao\Desktop\fromm抓取\fromm_dump\03\window_0203.xml,結果只有拼字文法是那樣的話
,AM 3:39,선우,어때,C:\Users\yuyao\Desktop\fromm抓取\fromm_dump\03\window_0203.xml,你覺得怎樣
,AM 3:40,선우,오늘 식사 어떻셨어요 괜찮으셨나요.. ㅎㅎ 다음엔 저가 사겟습니다 너무 좋은 시간이엿습니다,C:\Users\yuyao\Desktop\fromm抓取\fromm_dump\03\window_0203.xml,「今天用餐如何呢？還可以嗎..ㅎㅎ 下次我請客，真的是很好的時間」
,AM 3:40,선우,이러면 어때,C:\Users\yuyao\Desktop\fromm抓取\fromm_dump\03\window_0204.xml,這樣的話怎麼樣
,AM 3:40,선우,왜 토하냐?,C:\Users\yuyao\Desktop\fromm抓取\fromm_dump\03\window_0204.xml,為什麼吐啊？
,AM 3:40,선우,그냥 얘를 든 거잖아,C:\Users\yuyao\Desktop\fromm抓取\fromm_dump\03\window_0204.xml,我只是舉例嘛
,AM 3:41,선우,하고 얘라고,C:\Users\yuyao\Desktop\fromm抓取\fromm_dump\03\window_0204.xml,然後如果把「例」寫成「孩子」
,AM 3:41,선우,쓰면,C:\Users\yuyao\Desktop\fromm抓取\fromm_dump\03\window_0204.xml,這樣寫的話
,AM 3:41,선우,어칼 거임,C:\Users\yuyao\Desktop\fromm抓取\fromm_dump\03\window_0205.xml,你會怎麼辦
,AM 3:42,선우,이게 되게 큰 부분을 차지하는 구나,C:\Users\yuyao\Desktop\fromm抓取\fromm_dump\03\window_0205.xml,原來這個佔了很大一部分啊
,AM 3:42,선우,근데 상상해보면,C:\Users\yuyao\Desktop\fromm抓取\fromm_dump\03\window_0205.xml,但想像一下的話
,AM 3:42,선우,정떨이긴 해~,C:\Users\yuyao\Desktop\fromm抓取\fromm_dump\03\window_0205.xml,確實會有點下頭～
,AM 3:42,선우,그럼 마지막으로 하나만,C:\Users\yuyao\Desktop\fromm抓取\fromm_dump\03\window_0206.xml,那最後再問一個
,AM 3:43,선우,맞춤법 정확한데 띄어쓰기를 못하는 건?,C:\Users\yuyao\Desktop\fromm抓取\fromm_dump\03\window_0206.xml,拼字正確，但不會空格呢？
,AM 3:44,선우,"땡땡씨오늘 저녁식사 너무맛 있게 먹었어요 다음번에 꼭다시 볼수있으면 좋겠어요 조심히
들어가 세요!!",C:\Users\yuyao\Desktop\fromm抓取\fromm_dump\03\window_0206.xml,「某某小姐今天晚餐吃得非常好吃 下次如果一定能再見面就好了 請小心回 去喔!!」
,AM 3:45,선우,ㅋㅋㅋㅋㅋㅋㅋㅋㅋㅋㅋㅋㅋㅋㅋㅋㅋㅋㅋㅋㅋㅋㅋㅋ,C:\Users\yuyao\Desktop\fromm抓取\fromm_dump\03\window_0206.xml,ㅋㅋㅋㅋㅋㅋㅋㅋㅋㅋㅋㅋㅋㅋㅋㅋㅋㅋㅋㅋㅋㅋㅋㅋ
,AM 3:45,선우,아 맞다 요즘,C:\Users\yuyao\Desktop\fromm抓取\fromm_dump\03\window_0207.xml,啊對了，最近
,AM 3:45,선우,아 요즘이 아니라,C:\Users\yuyao\Desktop\fromm抓取\fromm_dump\03\window_0207.xml,啊不是最近
,AM 3:45,선우,그거 논란 있었잖아,C:\Users\yuyao\Desktop\fromm抓取\fromm_dump\03\window_0207.xml,不是有那個爭議嗎
,AM 3:45,선우,ABCD,C:\Users\yuyao\Desktop\fromm抓取\fromm_dump\03\window_0207.xml,ABCD
,AM 3:46,선우,어떻게 부르는지,C:\Users\yuyao\Desktop\fromm抓取\fromm_dump\03\window_0207.xml,到底要怎麼唸
,AM 3:46,선우,그,C:\Users\yuyao\Desktop\fromm抓取\fromm_dump\03\window_0208.xml,那個
,AM 3:47,선우,audio_play,C:\Users\yuyao\Desktop\fromm抓取\fromm_dump\03\window_0208.xml,播放音訊
,AM 3:48,선우,아,C:\Users\yuyao\Desktop\fromm抓取\fromm_dump\03\window_0208.xml,啊
,AM 3:48,선우,잘못햤다,C:\Users\yuyao\Desktop\fromm抓取\fromm_dump\03\window_0208.xml,弄錯了
,AM 3:48,선우,두개 섞어서 해버림,C:\Users\yuyao\Desktop\fromm抓取\fromm_dump\03\window_0208.xml,我把兩個混在一起唸了
,AM 3:49,선우,audio_play,C:\Users\yuyao\Desktop\fromm抓取\fromm_dump\03\window_0209.xml,播放音訊
,AM 3:51,선우,audio_play,C:\Users\yuyao\Desktop\fromm抓取\fromm_dump\03\window_0209.xml,播放音訊
,AM 3:53,선우,있다니까 이렇게 했던 사람들도,C:\Users\yuyao\Desktop\fromm抓取\fromm_dump\03\window_0209.xml,真的有啊，也有人是這樣唸的
,AM 3:53,선우,그치,C:\Users\yuyao\Desktop\fromm抓取\fromm_dump\03\window_0209.xml,對吧
,AM 3:53,선우,오피 두번 나오는 사람들 다 나와 지금 옛날 사람이라고 공격 들어왔다 반격해라,C:\Users\yuyao\Desktop\fromm抓取\fromm_dump\03\window_0210.xml,唸出兩次 OP 的人都出來，現在有人攻擊說這是老一輩，反擊吧
,AM 3:54,선우,..그래,C:\Users\yuyao\Desktop\fromm抓取\fromm_dump\03\window_0210.xml,..好吧
,AM 3:55,선우,아하 요렇게 하는 사람 있음?,C:\Users\yuyao\Desktop\fromm抓取\fromm_dump\03\window_0210.xml,啊哈，有人是這樣唸的嗎？
,AM 3:57,선우,audio_play,C:\Users\yuyao\Desktop\fromm抓取\fromm_dump\03\window_0210.xml,播放音訊
,AM 3:58,선우,아니 이건 박자가 하나 더 있잖아,C:\Users\yuyao\Desktop\fromm抓取\fromm_dump\03\window_0210.xml,不是，這個不是多一拍嗎
,AM 3:58,선우,이게 어케 되는 겨,C:\Users\yuyao\Desktop\fromm抓取\fromm_dump\03\window_0211.xml,這到底怎麼成立的
,AM 3:59,선우,audio_play,C:\Users\yuyao\Desktop\fromm抓取\fromm_dump\03\window_0211.xml,播放音訊
,AM 4:01,선우,정말 많은 방법들이 있군요,C:\Users\yuyao\Desktop\fromm抓取\fromm_dump\03\window_0211.xml,原來有這麼多種方法啊
,AM 4:01,선우,이 새벽에 토론 좀 하고 싶었습니다,C:\Users\yuyao\Desktop\fromm抓取\fromm_dump\03\window_0211.xml,這個凌晨我就是想稍微討論一下
,AM 4:01,선우,전 토론을 좋아하거든요,C:\Users\yuyao\Desktop\fromm抓取\fromm_dump\03\window_0212.xml,因為我喜歡討論
,AM 4:01,선우,논쟁인가요,C:\Users\yuyao\Desktop\fromm抓取\fromm_dump\03\window_0212.xml,這算爭論嗎
,AM 4:01,선우,이런 실 없는 대화가 제가 제일 좋아하는 겁니다,C:\Users\yuyao\Desktop\fromm抓取\fromm_dump\03\window_0212.xml,這種沒營養的對話是我最喜歡的
,AM 4:02,선우,오늘 뭐먹어쪄 뭐해쪄 이런 거 식상해요 재미업허요,C:\Users\yuyao\Desktop\fromm抓取\fromm_dump\03\window_0212.xml,今天吃了什麼、做了什麼，這種太老套了，沒意思
,AM 4:02,선우,물론 궁금하겠지만,C:\Users\yuyao\Desktop\fromm抓取\fromm_dump\03\window_0212.xml,當然我也是會好奇啦
,AM 4:02,선우,몰아서 한달마다 뭐 먹었는지 정리해서 한 번에 드릴게요,C:\Users\yuyao\Desktop\fromm抓取\fromm_dump\03\window_0213.xml,我會每個月整理一次這個月吃了什麼，再一次給你們
,AM 4:03,선우,급식표 ㅋㅋㅋㅋㅋ,C:\Users\yuyao\Desktop\fromm抓取\fromm_dump\03\window_0213.xml,營養午餐表ㅋㅋㅋㅋㅋ
,AM 4:04,선우,저는 요즘 하루 한끼 먹어요,C:\Users\yuyao\Desktop\fromm抓取\fromm_dump\03\window_0213.xml,我最近一天吃一餐
,AM 4:04,선우,자느라요,C:\Users\yuyao\Desktop\fromm抓取\fromm_dump\03\window_0213.xml,因為都在睡覺
,AM 4:28,선우,audio_play,C:\Users\yuyao\Desktop\fromm抓取\fromm_dump\03\window_0214.xml,播放音訊
,AM 4:39,선우,audio_play,C:\Users\yuyao\Desktop\fromm抓取\fromm_dump\03\window_0214.xml,播放音訊
,AM 4:44,선우,audio_play,C:\Users\yuyao\Desktop\fromm抓取\fromm_dump\03\window_0214.xml,播放音訊
,AM 4:45,선우,audio_play,C:\Users\yuyao\Desktop\fromm抓取\fromm_dump\03\window_0214.xml,播放音訊
,PM 9:26,선우,[media/no text],C:\Users\yuyao\Desktop\fromm抓取\fromm_dump\03\window_0215.xml,
,PM 9:26,선우,ㅋㅋㅋ,C:\Users\yuyao\Desktop\fromm抓取\fromm_dump\03\window_0215.xml,ㅋㅋㅋ
,PM 9:27,선우,5학년 잼민이 149,C:\Users\yuyao\Desktop\fromm抓取\fromm_dump\03\window_0215.xml,小五屁孩 149
,PM 9:28,선우,[media/no text],C:\Users\yuyao\Desktop\fromm抓取\fromm_dump\03\window_0216.xml,
,PM 9:28,선우,1년 뒤,C:\Users\yuyao\Desktop\fromm抓取\fromm_dump\03\window_0216.xml,一年後
,PM 9:28,선우,최대업적 4cm 크기,C:\Users\yuyao\Desktop\fromm抓取\fromm_dump\03\window_0216.xml,最大成就：長高 4 公分
,PM 9:30,선우,[media/no text],C:\Users\yuyao\Desktop\fromm抓取\fromm_dump\03\window_0217.xml,
,PM 9:30,선우,음악이 너무 웃김,C:\Users\yuyao\Desktop\fromm抓取\fromm_dump\03\window_0217.xml,音樂太好笑了
,PM 9:30,선우,리듬 좀 탔나 봄,C:\Users\yuyao\Desktop\fromm抓取\fromm_dump\03\window_0217.xml,看來有稍微跟著節奏動了
,PM 9:32,선우,모범생은 아녔던 걸로,C:\Users\yuyao\Desktop\fromm抓取\fromm_dump\03\window_0218.xml,看來不是模範生
,PM 9:33,선우,나의 마지막 수학 90점,C:\Users\yuyao\Desktop\fromm抓取\fromm_dump\03\window_0219.xml,我最後一次數學 90 分
,PM 9:34,선우,6번 찍은 거 어떻게 알았냐,C:\Users\yuyao\Desktop\fromm抓取\fromm_dump\03\window_0219.xml,你怎麼知道第 6 題是用猜的
,PM 9:35,선우,아 풀이가 없네,C:\Users\yuyao\Desktop\fromm抓取\fromm_dump\03\window_0219.xml,啊，沒有解題過程耶
,PM 9:35,선우,ㅋㅋㅋㅋㅋㅋㅋㅋㅋ 추리력 ㄷ ㄷ,C:\Users\yuyao\Desktop\fromm抓取\fromm_dump\03\window_0219.xml,ㅋㅋㅋㅋㅋㅋㅋㅋㅋ 推理力 ㄷㄷ
,PM 9:35,선우,[media/no text],C:\Users\yuyao\Desktop\fromm抓取\fromm_dump\03\window_0220.xml,
,PM 9:36,선우,7번 갑분 반말,C:\Users\yuyao\Desktop\fromm抓取\fromm_dump\03\window_0220.xml,第 7 題突然變半語
,PM 9:37,선우,어쩔,C:\Users\yuyao\Desktop\fromm抓取\fromm_dump\03\window_0221.xml,怎樣啦
,PM 9:38,선우,1번 콘푸로스트를 챱! 이 아니라 잡수신다고 적으려다가 바꾼 거임;,C:\Users\yuyao\Desktop\fromm抓取\fromm_dump\03\window_0221.xml,第 1 題不是「把玉米脆片啪！地吃掉」，本來想寫「享用」後來改掉的;
,PM 9:38,선우,왜 이때 그림 더 잘 그리냐,C:\Users\yuyao\Desktop\fromm抓取\fromm_dump\03\window_0222.xml,為什麼那時候畫畫更好啊
,PM 9:40,선우,짝짝짝 ㅋㅋ,C:\Users\yuyao\Desktop\fromm抓取\fromm_dump\03\window_0222.xml,拍拍拍ㅋㅋ
,PM 9:40,선우,말만 하면 뭐든지 되는 나라는 안 찍었음 그건 나중에 2탄으로 찍어서 올려드림,C:\Users\yuyao\Desktop\fromm抓取\fromm_dump\03\window_0222.xml,「只要說出口什麼都能實現的國家」沒有拍，那個之後會拍成第 2 彈上傳給你們
,PM 9:41,선우,[media/no text],C:\Users\yuyao\Desktop\fromm抓取\fromm_dump\03\window_0223.xml,
,PM 9:43,선우,[media/no text],C:\Users\yuyao\Desktop\fromm抓取\fromm_dump\03\window_0224.xml,
,PM 9:45,선우,근데 갑자기 동시 적는게 있는데,C:\Users\yuyao\Desktop\fromm抓取\fromm_dump\03\window_0226.xml,不過突然有一張要寫童詩的
,PM 9:45,선우,내가 좀 무서운 동시를 적었음,C:\Users\yuyao\Desktop\fromm抓取\fromm_dump\03\window_0226.xml,我寫了一首有點可怕的童詩
,PM 9:46,선우,[media/no text],C:\Users\yuyao\Desktop\fromm抓取\fromm_dump\03\window_0227.xml,
,PM 9:46,선우,ㄷㄷ,C:\Users\yuyao\Desktop\fromm抓取\fromm_dump\03\window_0227.xml,ㄷㄷ
,PM 9:46,선우,현실을 벌써 깨달은 3학년 선우,C:\Users\yuyao\Desktop\fromm抓取\fromm_dump\03\window_0228.xml,已經領悟現實的小三善旴
,PM 9:49,선우,좀 있길래 찍어봤어,C:\Users\yuyao\Desktop\fromm抓取\fromm_dump\03\window_0228.xml,看到還有一些，所以拍了一下
,PM 9:49,선우,버내주려고 ㅋㅋ,C:\Users\yuyao\Desktop\fromm抓取\fromm_dump\03\window_0228.xml,想傳給你們ㅋㅋ
,PM 9:49,선우,담엔 사진 더 뒤적거려서 보내줄게,C:\Users\yuyao\Desktop\fromm抓取\fromm_dump\03\window_0228.xml,下次再翻更多照片傳給你
,PM 9:49,선우,"그건 다음 타임 때~,,",C:\Users\yuyao\Desktop\fromm抓取\fromm_dump\03\window_0229.xml,"那就下個時段再說～,,"
,AM 11:14,선우,졸려,C:\Users\yuyao\Desktop\fromm抓取\fromm_dump\03\window_0229.xml,好睏
,AM 11:16,선우,월요일 힘내자,C:\Users\yuyao\Desktop\fromm抓取\fromm_dump\03\window_0229.xml,星期一加油吧
,AM 11:17,선우,난 뒹굴뒹굴 하는 중,C:\Users\yuyao\Desktop\fromm抓取\fromm_dump\03\window_0229.xml,我正在懶洋洋滾來滾去
,AM 11:17,선우,배고프네,C:\Users\yuyao\Desktop\fromm抓取\fromm_dump\03\window_0229.xml,有點餓耶
,AM 11:17,선우,5시 넘어서 잤는데 11시에 눈 떠짐,C:\Users\yuyao\Desktop\fromm抓取\fromm_dump\03\window_0230.xml,5 點多才睡，結果 11 點就睜眼了
,AM 11:18,선우,내가6시간 밖에 안 잤는데 눈이 떠지다니,C:\Users\yuyao\Desktop\fromm抓取\fromm_dump\03\window_0230.xml,我才睡 6 小時，竟然就醒了
,AM 11:18,선우,새벽 5시면 나한텐 오후 11시쯤 잔 것과 같은 느낌,C:\Users\yuyao\Desktop\fromm抓取\fromm_dump\03\window_0230.xml,凌晨 5 點對我來說，感覺就像晚上 11 點睡一樣
