date,time,sender,message,source_file
,AM 10:32,선우,우리는 소라게 새로운 둥지를 찾아떠나요,C:\Users\yuyao\Desktop\fromm抓取\fromm_dump\01\window_0000.xml
,PM 10:27,선우,뭐야 이거,C:\Users\yuyao\Desktop\fromm抓取\fromm_dump\01\window_0000.xml
,PM 10:27,선우,보임?,C:\Users\yuyao\Desktop\fromm抓取\fromm_dump\01\window_0000.xml
,PM 10:27,선우,이건 그냥 막 보내지네,C:\Users\yuyao\Desktop\fromm抓取\fromm_dump\01\window_0000.xml
,PM 10:28,선우,말 조심 해야겠다,C:\Users\yuyao\Desktop\fromm抓取\fromm_dump\01\window_0000.xml
,PM 10:28,선우,ʕ•ﻌ•ʔฅ,C:\Users\yuyao\Desktop\fromm抓取\fromm_dump\01\window_0000.xml
,PM 10:29,선우,오늘은 너무 졸리니까 내일부터 ㄱ ㄱ,C:\Users\yuyao\Desktop\fromm抓取\fromm_dump\01\window_0000.xml
,PM 10:29,선우,낼 여러가지 얘기 함,C:\Users\yuyao\Desktop\fromm抓取\fromm_dump\01\window_0001.xml
,PM 10:29,선우,해보자고,C:\Users\yuyao\Desktop\fromm抓取\fromm_dump\01\window_0001.xml
,PM 10:29,선우,~~,C:\Users\yuyao\Desktop\fromm抓取\fromm_dump\01\window_0001.xml
,PM 10:30,선우,낼 저녁쯤 ㄱ ㄱ,C:\Users\yuyao\Desktop\fromm抓取\fromm_dump\01\window_0001.xml
,PM 10:39,선우,잘자~~💕💕,C:\Users\yuyao\Desktop\fromm抓取\fromm_dump\01\window_0001.xml
,PM 9:07,선우,요,C:\Users\yuyao\Desktop\fromm抓取\fromm_dump\01\window_0002.xml
,PM 9:07,선우,ㅎㅇ ㅋㅋㅋ,C:\Users\yuyao\Desktop\fromm抓取\fromm_dump\01\window_0002.xml
,PM 9:07,선우,밥은 먹었니,C:\Users\yuyao\Desktop\fromm抓取\fromm_dump\01\window_0002.xml
,PM 9:08,선우,잠은 잘 잤니,C:\Users\yuyao\Desktop\fromm抓取\fromm_dump\01\window_0002.xml
,PM 9:08,선우,ʕ•ﻌ•ʔฅ,C:\Users\yuyao\Desktop\fromm抓取\fromm_dump\01\window_0003.xml
,PM 9:08,선우,잘 떠?이름?,C:\Users\yuyao\Desktop\fromm抓取\fromm_dump\01\window_0003.xml
,PM 9:10,선우,프시,C:\Users\yuyao\Desktop\fromm抓取\fromm_dump\01\window_0003.xml
,PM 9:10,선우,프사,C:\Users\yuyao\Desktop\fromm抓取\fromm_dump\01\window_0003.xml
,PM 9:10,선우,바꿀만한 거 없는데...,C:\Users\yuyao\Desktop\fromm抓取\fromm_dump\01\window_0003.xml
,PM 9:10,선우,뭘로하지,C:\Users\yuyao\Desktop\fromm抓取\fromm_dump\01\window_0004.xml
,PM 9:10,선우,핀터레스트에 내사진 찾아서,C:\Users\yuyao\Desktop\fromm抓取\fromm_dump\01\window_0004.xml
,PM 9:10,선우,걍 해봐야겠다,C:\Users\yuyao\Desktop\fromm抓取\fromm_dump\01\window_0004.xml
,PM 9:33,선우,짜잔,C:\Users\yuyao\Desktop\fromm抓取\fromm_dump\01\window_0004.xml
,PM 9:34,선우,나 밥 왔닼,C:\Users\yuyao\Desktop\fromm抓取\fromm_dump\01\window_0004.xml
,PM 9:34,선우,밥만 ㄱㄷ ㄱ ㄷ ㄱㄷ ㄷ,C:\Users\yuyao\Desktop\fromm抓取\fromm_dump\01\window_0005.xml
,PM 10:08,선우,잘 먹었다,C:\Users\yuyao\Desktop\fromm抓取\fromm_dump\01\window_0005.xml
,PM 10:08,선우,배불러~,C:\Users\yuyao\Desktop\fromm抓取\fromm_dump\01\window_0005.xml
,PM 10:09,선우,닭볶음탕 먹음,C:\Users\yuyao\Desktop\fromm抓取\fromm_dump\01\window_0005.xml
,PM 10:10,선우,스키장도 가야하는데!!!!!!!!!,C:\Users\yuyao\Desktop\fromm抓取\fromm_dump\01\window_0005.xml
,PM 10:21,선우,무대서고 싶당 헤헤,C:\Users\yuyao\Desktop\fromm抓取\fromm_dump\01\window_0006.xml
,PM 10:21,선우,가대축 하고 있나 지금?,C:\Users\yuyao\Desktop\fromm抓取\fromm_dump\01\window_0006.xml
,PM 10:23,선우,내 25 연말을,C:\Users\yuyao\Desktop\fromm抓取\fromm_dump\01\window_0006.xml
,PM 10:23,선우,무대로 남길 수 없다니,C:\Users\yuyao\Desktop\fromm抓取\fromm_dump\01\window_0006.xml
,PM 10:24,선우,하지만,C:\Users\yuyao\Desktop\fromm抓取\fromm_dump\01\window_0006.xml
,PM 10:24,선우,내년에 더 하면 되지 ㅎㅎ,C:\Users\yuyao\Desktop\fromm抓取\fromm_dump\01\window_0007.xml
,PM 10:25,선우,올해버다 더 잘하고 더 멋잌ㅅ게 하면 됨,C:\Users\yuyao\Desktop\fromm抓取\fromm_dump\01\window_0007.xml
,PM 10:25,선우,할 수 이떠!!!!!!,C:\Users\yuyao\Desktop\fromm抓取\fromm_dump\01\window_0007.xml
,PM 10:33,선우,데뷔하고 항상 한 번도 빠짐 없이 젤 바빴던 연말이 올해는,C:\Users\yuyao\Desktop\fromm抓取\fromm_dump\01\window_0007.xml
,PM 10:34,선우,안 바쁘니까 가족이랑도 있어보고 레슨도 받아보고,C:\Users\yuyao\Desktop\fromm抓取\fromm_dump\01\window_0008.xml
,PM 10:34,선우,내년을 잘 준비 하기위해 마음도 좀 비우고 생각정리도 해보고 하려구,C:\Users\yuyao\Desktop\fromm抓取\fromm_dump\01\window_0008.xml
,PM 10:35,선우,앞으로의 연말이,C:\Users\yuyao\Desktop\fromm抓取\fromm_dump\01\window_0008.xml
,PM 10:35,선우,안 바쁠 일은 없을 테니까!,C:\Users\yuyao\Desktop\fromm抓取\fromm_dump\01\window_0008.xml
,PM 10:36,선우,"아이돌 하는 동안의 처음이자 마지막 연말의 여유일 테니까 ㅋ 더비들도 넘 아쉬워 하지말구 내년 같이
달리쟝",C:\Users\yuyao\Desktop\fromm抓取\fromm_dump\01\window_0009.xml
,PM 10:39,선우,연말에 그만큼 안 바쁜 건 안 바쁜 거고 뭐 레슨을 하던 여유를 즐기던 가족을 보던간에,C:\Users\yuyao\Desktop\fromm抓取\fromm_dump\01\window_0009.xml
,PM 10:39,선우,생존해 있는지는 알 수 있게 신경 쓸겤ㅋ,C:\Users\yuyao\Desktop\fromm抓取\fromm_dump\01\window_0009.xml
,,선우,프롬은 버블보단 자주 오기 도전!!!!!!!,C:\Users\yuyao\Desktop\fromm抓取\fromm_dump\01\window_0009.xml
,PM 10:40,선우,프롬은 버블보단 자주 오기 도전!!!!!!!,C:\Users\yuyao\Desktop\fromm抓取\fromm_dump\01\window_0010.xml
,PM 10:41,선우,버블보다 더 안 오면 사고이긴 한데 그럴 일은 없을 듯,C:\Users\yuyao\Desktop\fromm抓取\fromm_dump\01\window_0010.xml
,PM 10:41,선우,이게 유료라는 걸 망각하지 않겠습니다 누님들,C:\Users\yuyao\Desktop\fromm抓取\fromm_dump\01\window_0010.xml
,PM 10:41,선우,그동안 섭하셨죠,C:\Users\yuyao\Desktop\fromm抓取\fromm_dump\01\window_0010.xml
,PM 10:41,선우,반성합니디,C:\Users\yuyao\Desktop\fromm抓取\fromm_dump\01\window_0010.xml
,PM 10:42,선우,"그래도 연장은 들지
말아주세요",C:\Users\yuyao\Desktop\fromm抓取\fromm_dump\01\window_0011.xml
,PM 10:43,선우,"그래도 기계적으로 오지는 않을 거긴 한데 누가봐도 할 수 있을 때 , 예를들어 숏츠 볼 시간에 프롬 하나 더 보낼 수 있는",C:\Users\yuyao\Desktop\fromm抓取\fromm_dump\01\window_0011.xml
,PM 10:43,선우,그런 아이가 되도록 노력하겠습니다,C:\Users\yuyao\Desktop\fromm抓取\fromm_dump\01\window_0011.xml
,PM 10:45,선우,"그래도 무리는 알아서 안하니까 걱정ㅇ
 하지마~^.^! 내가 기계적으로 느껴질때까지 오직 의무만을 가지고 오고 성격이 그러질 못하니까 ㅎㅎ",C:\Users\yuyao\Desktop\fromm抓取\fromm_dump\01\window_0012.xml
,PM 10:45,선우,나도 재밌게 하구 가고,C:\Users\yuyao\Desktop\fromm抓取\fromm_dump\01\window_0012.xml
,PM 10:45,선우,떠드는 게 재밌구 얘기하는 게 재밌구,C:\Users\yuyao\Desktop\fromm抓取\fromm_dump\01\window_0012.xml
,PM 10:45,선우,이런 기억만 가지구,C:\Users\yuyao\Desktop\fromm抓取\fromm_dump\01\window_0012.xml
,PM 10:46,선우,있어야 내가 더 잘 온다는 걸 스스로,C:\Users\yuyao\Desktop\fromm抓取\fromm_dump\01\window_0013.xml
,PM 10:46,선우,알고 있음 ㅋ,C:\Users\yuyao\Desktop\fromm抓取\fromm_dump\01\window_0013.xml
,PM 11:18,선우,다음 앨범 언제 나오는 게 베스트라고 생각함,C:\Users\yuyao\Desktop\fromm抓取\fromm_dump\01\window_0013.xml
,PM 11:18,선우,내일 . 지금은 제외,C:\Users\yuyao\Desktop\fromm抓取\fromm_dump\01\window_0013.xml
,,선우,어차피 우리 맘대로 안될 테지만,C:\Users\yuyao\Desktop\fromm抓取\fromm_dump\01\window_0013.xml
,PM 11:25,선우,어차피 우리 맘대로 안될 테지만,C:\Users\yuyao\Desktop\fromm抓取\fromm_dump\01\window_0014.xml
,PM 11:25,선우,오케잌,C:\Users\yuyao\Desktop\fromm抓取\fromm_dump\01\window_0014.xml
,PM 11:32,선우,ʕ•ﻌ•ʔฅ,C:\Users\yuyao\Desktop\fromm抓取\fromm_dump\01\window_0014.xml
,PM 11:33,선우,너 뭐라고 저장했냐,C:\Users\yuyao\Desktop\fromm抓取\fromm_dump\01\window_0014.xml
,PM 11:33,선우,니 이름 다 보인다,C:\Users\yuyao\Desktop\fromm抓取\fromm_dump\01\window_0014.xml
,PM 11:33,선우,위에 뜨는 이름이랑 너가 불릴 애칭이랑,C:\Users\yuyao\Desktop\fromm抓取\fromm_dump\01\window_0015.xml
,PM 11:34,선우,따로 할 수 있는 건가?,C:\Users\yuyao\Desktop\fromm抓取\fromm_dump\01\window_0015.xml
,PM 11:58,선우,씻고 왔음,C:\Users\yuyao\Desktop\fromm抓取\fromm_dump\01\window_0015.xml
,PM 11:59,선우,나 가사도 쓰고 가사 안 나오면 겜 좀 하다가 자께,C:\Users\yuyao\Desktop\fromm抓取\fromm_dump\01\window_0015.xml
,PM 11:59,선우,얼른 자 ㅎㅎㅎㅎㅎ🫶,C:\Users\yuyao\Desktop\fromm抓取\fromm_dump\01\window_0015.xml
,AM 9:04,선우,[media/no text],C:\Users\yuyao\Desktop\fromm抓取\fromm_dump\01\window_0017.xml
,AM 9:05,선우,[media/no text],C:\Users\yuyao\Desktop\fromm抓取\fromm_dump\01\window_0020.xml
,AM 9:08,선우,[media/no text],C:\Users\yuyao\Desktop\fromm抓取\fromm_dump\01\window_0024.xml
,AM 9:11,선우,[media/no text],C:\Users\yuyao\Desktop\fromm抓取\fromm_dump\01\window_0028.xml
,AM 9:13,선우,[media/no text],C:\Users\yuyao\Desktop\fromm抓取\fromm_dump\01\window_0032.xml
,,선우,play_video,C:\Users\yuyao\Desktop\fromm抓取\fromm_dump\01\window_0035.xml
,AM 9:22,선우,play_video,C:\Users\yuyao\Desktop\fromm抓取\fromm_dump\01\window_0036.xml
,AM 9:29,선우,play_video,C:\Users\yuyao\Desktop\fromm抓取\fromm_dump\01\window_0036.xml
,AM 9:30,선우,play_video,C:\Users\yuyao\Desktop\fromm抓取\fromm_dump\01\window_0037.xml
,,선우,"나 사실 잠을 못 자써 지금까지🥲 갑자기 새벽에 코랑 목이 넘 아프고 오한 때뭄에 주사라도 맞고 하려고 했는데 좀 상태가 힘들어서 오늘 아돌라 넘 기다렸울 텐데 진짜 진짜 너무 미안해...!! 공지 나갈 건데 너무 미안하고 기다렸을 텐데 할 수 있는 게 사진 보내주고 이것 밖에 없어서.,, ㅠ 미안해 ㅜㅜㅜㅠㅠ병원가서 치료 바로 받을 거구 걱정하지말구 아픈 게 뭐가 미안하냐고 할 거 알지만 아파서 월요일 아돌라 기다렸을 더비들한테도 모두한테도 피해준 것 같아서 넘 미안하고 ㅠㅠ 빨리 나을게!! 더비 감기 조심해 ... 밥 잘 먹고 비타민도 챙기고 손도 잘 씻는데 걸려써 밖에 나가지마",C:\Users\yuyao\Desktop\fromm抓取\fromm_dump\01\window_0037.xml
,AM 10:15,선우,"나 사실 잠을 못 자써 지금까지🥲 갑자기 새벽에 코랑 목이 넘 아프고 오한 때뭄에 주사라도 맞고 하려고 했는데 좀 상태가 힘들어서 오늘 아돌라 넘 기다렸울 텐데 진짜 진짜 너무 미안해...!! 공지 나갈 건데 너무 미안하고 기다렸을 텐데 할 수 있는 게 사진 보내주고 이것 밖에 없어서.,, ㅠ 미안해 ㅜㅜㅜㅠㅠ병원가서 치료 바로 받을 거구 걱정하지말구 아픈 게 뭐가 미안하냐고 할 거 알지만 아파서 월요일 아돌라 기다렸을 더비들한테도 모두한테도 피해준 것 같아서 넘 미안하고 ㅠㅠ 빨리 나을게!! 더비 감기 조심해 ... 밥 잘 먹고 비타민도 챙기고 손도 잘 씻는데 걸려써 밖에 나가지마",C:\Users\yuyao\Desktop\fromm抓取\fromm_dump\01\window_0038.xml
,AM 10:19,선우,지금 맹구랑 콧물로 맞장뜰 수 있음,C:\Users\yuyao\Desktop\fromm抓取\fromm_dump\01\window_0039.xml
,AM 10:21,선우,그리구 다시한 번 진짜 오늘 기다려준 더비들 너무 미안해 안 아플게..! 사랑해 ㅠ,C:\Users\yuyao\Desktop\fromm抓取\fromm_dump\01\window_0039.xml
,AM 12:01,선우,메에에에ㅔㅇ리크리이이이이이이스마아아아앙스💕💕💕💕💕💕💕,C:\Users\yuyao\Desktop\fromm抓取\fromm_dump\01\window_0039.xml
,AM 12:01,선우,💕💕💕💕💕💕 나는 감기크리스마스젠장,C:\Users\yuyao\Desktop\fromm抓取\fromm_dump\01\window_0040.xml
,AM 12:01,선우,아푸지말고 남은 올해도 행복하쟈💕💕💕,C:\Users\yuyao\Desktop\fromm抓取\fromm_dump\01\window_0040.xml
,AM 12:01,선우,사랑해🫶,C:\Users\yuyao\Desktop\fromm抓取\fromm_dump\01\window_0040.xml
,PM 2:26,선우,새해 복 많이 많이 받고 항상 내 마음속엔 더비들이 일등이야 건강하게 곧 만나자 우리💕,C:\Users\yuyao\Desktop\fromm抓取\fromm_dump\01\window_0041.xml
,PM 6:49,선우,여,C:\Users\yuyao\Desktop\fromm抓取\fromm_dump\01\window_0041.xml
,PM 6:49,선우,~,C:\Users\yuyao\Desktop\fromm抓取\fromm_dump\01\window_0042.xml
,PM 6:49,선우,오랜만,C:\Users\yuyao\Desktop\fromm抓取\fromm_dump\01\window_0042.xml
,PM 6:50,선우,잘 지냈나 ~,C:\Users\yuyao\Desktop\fromm抓取\fromm_dump\01\window_0042.xml
,PM 6:51,선우,몸은 다 나았어~~~~,C:\Users\yuyao\Desktop\fromm抓取\fromm_dump\01\window_0042.xml
,PM 6:51,선우,감기 드릅게 오래가더라,C:\Users\yuyao\Desktop\fromm抓取\fromm_dump\01\window_0042.xml
,PM 6:51,선우,ㅋㅋㅋㅋㅋㅋㅋㅋㅋㅋㅋㅋ,C:\Users\yuyao\Desktop\fromm抓取\fromm_dump\01\window_0043.xml
,PM 6:52,선우,오랜만에 스케쥴 한다,C:\Users\yuyao\Desktop\fromm抓取\fromm_dump\01\window_0043.xml
,PM 6:52,선우,내일,C:\Users\yuyao\Desktop\fromm抓取\fromm_dump\01\window_0043.xml
,PM 6:55,선우,오늘 갑자기 눈와서,C:\Users\yuyao\Desktop\fromm抓取\fromm_dump\01\window_0043.xml
,PM 6:55,선우,깜짝 놀랐네,C:\Users\yuyao\Desktop\fromm抓取\fromm_dump\01\window_0043.xml
,PM 6:56,선우,요즘 너무 추워,C:\Users\yuyao\Desktop\fromm抓取\fromm_dump\01\window_0044.xml
,PM 6:58,선우,밥 머거쏘?,C:\Users\yuyao\Desktop\fromm抓取\fromm_dump\01\window_0044.xml
,PM 6:58,선우,저메추 ㄱ,C:\Users\yuyao\Desktop\fromm抓取\fromm_dump\01\window_0044.xml
,PM 7:01,선우,쭈삼 맛있겠닿,C:\Users\yuyao\Desktop\fromm抓取\fromm_dump\01\window_0044.xml
,,선우,"나 진짜 청국장 못 먹는데 이제
슬슬",C:\Users\yuyao\Desktop\fromm抓取\fromm_dump\01\window_0044.xml
,PM 7:02,선우,"나 진짜 청국장 못 먹는데 이제
슬슬",C:\Users\yuyao\Desktop\fromm抓取\fromm_dump\01\window_0045.xml
,PM 7:02,선우,맛을 알아가는 중,C:\Users\yuyao\Desktop\fromm抓取\fromm_dump\01\window_0045.xml
,PM 7:02,선우,음식 향 때문에 진입장벽이 높았는데,C:\Users\yuyao\Desktop\fromm抓取\fromm_dump\01\window_0045.xml
,PM 7:03,선우,코막힐 때 먹으니까,C:\Users\yuyao\Desktop\fromm抓取\fromm_dump\01\window_0045.xml
,PM 7:03,선우,맛있더라고,C:\Users\yuyao\Desktop\fromm抓取\fromm_dump\01\window_0045.xml
,PM 7:03,선우,맛은 대충 느껴졌으니까,C:\Users\yuyao\Desktop\fromm抓取\fromm_dump\01\window_0046.xml
,PM 7:03,선우,코 뚫린 상태에서 도전해봐야겠다,C:\Users\yuyao\Desktop\fromm抓取\fromm_dump\01\window_0046.xml
,PM 7:04,선우,나 ㅇ요즘 밥 먹으면 진짜 참을 수 없이 졸리던데,C:\Users\yuyao\Desktop\fromm抓取\fromm_dump\01\window_0046.xml
,PM 7:05,선우,나랑 같은 사람?,C:\Users\yuyao\Desktop\fromm抓取\fromm_dump\01\window_0046.xml
,,선우,이거 어케 극복함,C:\Users\yuyao\Desktop\fromm抓取\fromm_dump\01\window_0046.xml
,PM 7:05,선우,이거 어케 극복함,C:\Users\yuyao\Desktop\fromm抓取\fromm_dump\01\window_0047.xml
,PM 7:05,선우,밥 먹으면 수면제 먹은 것처럼,C:\Users\yuyao\Desktop\fromm抓取\fromm_dump\01\window_0047.xml
,PM 7:05,선우,잠와,C:\Users\yuyao\Desktop\fromm抓取\fromm_dump\01\window_0047.xml
,PM 7:05,선우,혈당 스파이크 때메 그런가 진짜,C:\Users\yuyao\Desktop\fromm抓取\fromm_dump\01\window_0047.xml
,PM 7:06,선우,혈당이 올랐다가 갑자기 내려가면 그런다고 네이버가 알려주긴 하더라,C:\Users\yuyao\Desktop\fromm抓取\fromm_dump\01\window_0047.xml
,PM 7:06,선우,밥 먹고 10분 산책하기엔,C:\Users\yuyao\Desktop\fromm抓取\fromm_dump\01\window_0048.xml
,PM 7:06,선우,그 10분안에 얼어죽음,C:\Users\yuyao\Desktop\fromm抓取\fromm_dump\01\window_0048.xml
,PM 7:07,선우,애사비가 머야,C:\Users\yuyao\Desktop\fromm抓取\fromm_dump\01\window_0048.xml
,PM 7:07,선우,오 사과식초 비슷한 거구나,C:\Users\yuyao\Desktop\fromm抓取\fromm_dump\01\window_0048.xml
,,선우,근데 그냥 알약 같은 건 없음?,C:\Users\yuyao\Desktop\fromm抓取\fromm_dump\01\window_0048.xml
,PM 7:07,선우,근데 그냥 알약 같은 건 없음?,C:\Users\yuyao\Desktop\fromm抓取\fromm_dump\01\window_0049.xml
,PM 7:08,선우,먹기 편한 거,C:\Users\yuyao\Desktop\fromm抓取\fromm_dump\01\window_0049.xml
,PM 7:08,선우,오 알약도 있고 젤리도 있다구?,C:\Users\yuyao\Desktop\fromm抓取\fromm_dump\01\window_0049.xml
,PM 7:08,선우,좋은데?,C:\Users\yuyao\Desktop\fromm抓取\fromm_dump\01\window_0049.xml
,PM 7:08,선우,시키고 옴 ㄱㄷ,C:\Users\yuyao\Desktop\fromm抓取\fromm_dump\01\window_0049.xml
,PM 7:12,선우,시켰는대,C:\Users\yuyao\Desktop\fromm抓取\fromm_dump\01\window_0050.xml
,PM 7:12,선우,이거,C:\Users\yuyao\Desktop\fromm抓取\fromm_dump\01\window_0050.xml
,PM 7:12,선우,왤케 비싸;,C:\Users\yuyao\Desktop\fromm抓取\fromm_dump\01\window_0050.xml
,PM 7:12,선우,애사비 젤리 시킴,C:\Users\yuyao\Desktop\fromm抓取\fromm_dump\01\window_0050.xml
,PM 7:12,선우,60정 3통,C:\Users\yuyao\Desktop\fromm抓取\fromm_dump\01\window_0050.xml
,PM 7:12,선우,칠만 얼마,C:\Users\yuyao\Desktop\fromm抓取\fromm_dump\01\window_0051.xml
,PM 7:13,선우,내가 먹어보고,C:\Users\yuyao\Desktop\fromm抓取\fromm_dump\01\window_0051.xml
,PM 7:13,선우,후기 알려줌,C:\Users\yuyao\Desktop\fromm抓取\fromm_dump\01\window_0051.xml
,PM 7:13,선우,밥 먹고 안 졸린지 ㅋ,C:\Users\yuyao\Desktop\fromm抓取\fromm_dump\01\window_0051.xml
,PM 7:13,선우,내가 겪어볼 테니 그리고 떤민수 ㄱ ㄱ,C:\Users\yuyao\Desktop\fromm抓取\fromm_dump\01\window_0051.xml
,PM 7:13,선우,한달 정도 꾸준히,C:\Users\yuyao\Desktop\fromm抓取\fromm_dump\01\window_0052.xml
,PM 7:14,선우,복용 후 리뷰 남길게요~!,C:\Users\yuyao\Desktop\fromm抓取\fromm_dump\01\window_0052.xml
,PM 7:14,선우,탄수화물 적게 먹기앤,C:\Users\yuyao\Desktop\fromm抓取\fromm_dump\01\window_0052.xml
,PM 7:14,선우,엔,C:\Users\yuyao\Desktop\fromm抓取\fromm_dump\01\window_0052.xml
,PM 7:14,선우,탄수화물이 맛있는 걸 .. ㅜㅠ,C:\Users\yuyao\Desktop\fromm抓取\fromm_dump\01\window_0052.xml
,PM 7:15,선우,밀가루 탄수화물 안 먹으면 넘 좋겠지만,C:\Users\yuyao\Desktop\fromm抓取\fromm_dump\01\window_0053.xml
,PM 7:15,선우,그럼 먹을게 없잖아,C:\Users\yuyao\Desktop\fromm抓取\fromm_dump\01\window_0053.xml
,PM 7:15,선우,물만 마셔?,C:\Users\yuyao\Desktop\fromm抓取\fromm_dump\01\window_0053.xml
,PM 7:16,선우,밀가루와 탄수화물을 맘 껏 먹어도,C:\Users\yuyao\Desktop\fromm抓取\fromm_dump\01\window_0053.xml
,PM 7:16,선우,"건강해지는 약이
생겼으면 조켓당",C:\Users\yuyao\Desktop\fromm抓取\fromm_dump\01\window_0054.xml
,PM 7:16,선우,헤헤,C:\Users\yuyao\Desktop\fromm抓取\fromm_dump\01\window_0054.xml
,PM 7:17,선우,이과 화이팅!💕,C:\Users\yuyao\Desktop\fromm抓取\fromm_dump\01\window_0054.xml
,PM 7:18,선우,문과는 세상을 아름답게 이과는 세상을 이롭게 예체능은 세상을 다채롭게,C:\Users\yuyao\Desktop\fromm抓取\fromm_dump\01\window_0054.xml
,,선우,각자의 역할을 열심히 해보자,C:\Users\yuyao\Desktop\fromm抓取\fromm_dump\01\window_0054.xml
,PM 7:18,선우,각자의 역할을 열심히 해보자,C:\Users\yuyao\Desktop\fromm抓取\fromm_dump\01\window_0055.xml
,PM 7:18,선우,ㅋ,C:\Users\yuyao\Desktop\fromm抓取\fromm_dump\01\window_0055.xml
,PM 7:21,선우,공평하게 문과도 화이팅 하라고?,C:\Users\yuyao\Desktop\fromm抓取\fromm_dump\01\window_0055.xml
,PM 7:21,선우,그래,C:\Users\yuyao\Desktop\fromm抓取\fromm_dump\01\window_0055.xml
,PM 7:22,선우,문과 화이팅💕,C:\Users\yuyao\Desktop\fromm抓取\fromm_dump\01\window_0055.xml
,PM 7:22,선우,예체능 화이팅💕,C:\Users\yuyao\Desktop\fromm抓取\fromm_dump\01\window_0056.xml
,PM 7:22,선우,아무 것도 해당 안된다고 해도 화이팅💕,C:\Users\yuyao\Desktop\fromm抓取\fromm_dump\01\window_0056.xml
,PM 7:23,선우,26살 실화냐,C:\Users\yuyao\Desktop\fromm抓取\fromm_dump\01\window_0056.xml
,PM 7:23,선우,점점 무섭다 시간이,C:\Users\yuyao\Desktop\fromm抓取\fromm_dump\01\window_0056.xml
,PM 7:23,선우,더보이즈만 햤는데 벌써 26이야,C:\Users\yuyao\Desktop\fromm抓取\fromm_dump\01\window_0056.xml
,PM 7:23,선우,교복입고 댕길 때 더보이즈 했는데,C:\Users\yuyao\Desktop\fromm抓取\fromm_dump\01\window_0057.xml
,PM 7:24,선우,군복 입을 때까지 더보이즈라니,C:\Users\yuyao\Desktop\fromm抓取\fromm_dump\01\window_0057.xml
,PM 7:24,선우,내 삶이네 이젠,C:\Users\yuyao\Desktop\fromm抓取\fromm_dump\01\window_0057.xml
,PM 7:25,선우,생각할 수록 26살 신기해,C:\Users\yuyao\Desktop\fromm抓取\fromm_dump\01\window_0057.xml
,PM 7:26,선우,06년생이 이젠 성인이라니,C:\Users\yuyao\Desktop\fromm抓取\fromm_dump\01\window_0058.xml
,PM 7:26,선우,거짓말 치지마!!!!!!!!!!!,C:\Users\yuyao\Desktop\fromm抓取\fromm_dump\01\window_0058.xml
,PM 7:27,선우,꼰대 젤 싫어하는데 점점 시간 조금씩 지날 수록,C:\Users\yuyao\Desktop\fromm抓取\fromm_dump\01\window_0058.xml
,PM 7:27,선우,그게 나야,C:\Users\yuyao\Desktop\fromm抓取\fromm_dump\01\window_0058.xml
,PM 7:27,선우,뚜밥 두밥 두비두밥,C:\Users\yuyao\Desktop\fromm抓取\fromm_dump\01\window_0058.xml
,PM 7:29,선우,하난 너야,C:\Users\yuyao\Desktop\fromm抓取\fromm_dump\01\window_0059.xml
,PM 7:29,선우,뚜밥두밥 드비두밥,C:\Users\yuyao\Desktop\fromm抓取\fromm_dump\01\window_0059.xml
,PM 7:29,선우,젊꼰이라는 걸 느끼는 순간은,C:\Users\yuyao\Desktop\fromm抓取\fromm_dump\01\window_0059.xml
,PM 7:29,선우,내 앞가림이나 잘하면 되는데 자꾸 나보다 어린 친구들에게 조언을 해주고 싶은 병이 생김,C:\Users\yuyao\Desktop\fromm抓取\fromm_dump\01\window_0059.xml
,PM 7:30,선우,"내가 조금이라도 겪었던 걸 안 겪게 해주고픈 마음이랄까,,,",C:\Users\yuyao\Desktop\fromm抓取\fromm_dump\01\window_0060.xml
,PM 7:30,선우,"내게 조언을 남긴 수많은 어른들의 마음을 이제야 헤아려요,,",C:\Users\yuyao\Desktop\fromm抓取\fromm_dump\01\window_0060.xml
,PM 7:30,선우,하지만,C:\Users\yuyao\Desktop\fromm抓取\fromm_dump\01\window_0060.xml
,PM 7:31,선우,나처럼 본인이 겪기 전까진,C:\Users\yuyao\Desktop\fromm抓取\fromm_dump\01\window_0060.xml
,PM 7:31,선우,ʕ•ﻌ•ʔฅ말이 귓등으로도 안 들릴 걸 알지,C:\Users\yuyao\Desktop\fromm抓取\fromm_dump\01\window_0061.xml
,PM 7:31,선우,엥 애칭 잘 못 나감,C:\Users\yuyao\Desktop\fromm抓取\fromm_dump\01\window_0061.xml
,PM 7:31,선우,니 말이 귓등으로도 안들린다는 게 아니야,C:\Users\yuyao\Desktop\fromm抓取\fromm_dump\01\window_0061.xml
,PM 7:31,선우,ㅋㅋㅋㅋㅋㅋㅋㅋㅋㅋㅋㅋㅋㅋㅋㅋㅋㅋㅋ,C:\Users\yuyao\Desktop\fromm抓取\fromm_dump\01\window_0061.xml
,PM 7:31,선우,전송버튼 꾹 누르면 애칭 발사된단 말야,C:\Users\yuyao\Desktop\fromm抓取\fromm_dump\01\window_0062.xml
,PM 7:31,선우,방금 실수임,C:\Users\yuyao\Desktop\fromm抓取\fromm_dump\01\window_0062.xml
,PM 7:32,선우,꾸욱 누르면 애칭이 뿅하고 발사됨,C:\Users\yuyao\Desktop\fromm抓取\fromm_dump\01\window_0062.xml
,PM 7:32,선우,ʕ•ﻌ•ʔฅ,C:\Users\yuyao\Desktop\fromm抓取\fromm_dump\01\window_0062.xml
,PM 7:32,선우,방금도 발사,C:\Users\yuyao\Desktop\fromm抓取\fromm_dump\01\window_0062.xml
,PM 7:32,선우,어쨌든,C:\Users\yuyao\Desktop\fromm抓取\fromm_dump\01\window_0063.xml
,PM 7:32,선우,꼰대 지망생 여러분,C:\Users\yuyao\Desktop\fromm抓取\fromm_dump\01\window_0063.xml
,PM 7:32,선우,우리 꼰대 지망생들은 적어도,C:\Users\yuyao\Desktop\fromm抓取\fromm_dump\01\window_0063.xml
,PM 7:33,선우,어린 친구들에게 간섭은 하지 말기로 해요,C:\Users\yuyao\Desktop\fromm抓取\fromm_dump\01\window_0063.xml
,PM 7:33,선우,꼰대도 급이 나뉨,C:\Users\yuyao\Desktop\fromm抓取\fromm_dump\01\window_0064.xml
,PM 7:34,선우,이런 거 하지말라며 간섭하면서 자기가 살아온 삶이 정답인 것처럼 시야를 좁게 만들면 하꼰,C:\Users\yuyao\Desktop\fromm抓取\fromm_dump\01\window_0064.xml
,PM 7:35,선우,내가 이렇게 행동했을 땐 이런 경우도 있더라 하고 예시만 들어주며 하나의 경우의 수만 알려주면 상꼰,C:\Users\yuyao\Desktop\fromm抓取\fromm_dump\01\window_0064.xml
,,선우,지금처럼 예시를 들며 내 생각을 정답인 것처럼 말하는 나는 중꼰,C:\Users\yuyao\Desktop\fromm抓取\fromm_dump\01\window_0064.xml
,PM 7:36,선우,지금처럼 예시를 들며 내 생각을 정답인 것처럼 말하는 나는 중꼰,C:\Users\yuyao\Desktop\fromm抓取\fromm_dump\01\window_0065.xml
,PM 7:37,선우,"아니 사실 난 누가 어떻게
살든 내 상관은 아닌데",C:\Users\yuyao\Desktop\fromm抓取\fromm_dump\01\window_0065.xml
,PM 7:37,선우,그냥 서로 인생 얘기하는 게,C:\Users\yuyao\Desktop\fromm抓取\fromm_dump\01\window_0065.xml
,PM 7:37,선우,재미져서 그런 걸 조아해,C:\Users\yuyao\Desktop\fromm抓取\fromm_dump\01\window_0065.xml
,PM 7:37,선우,나만 조아했을라나,C:\Users\yuyao\Desktop\fromm抓取\fromm_dump\01\window_0065.xml
,PM 7:38,선우,방금 질문이 있었는데,C:\Users\yuyao\Desktop\fromm抓取\fromm_dump\01\window_0066.xml
,PM 7:38,선우,누군가를 죽도록 미워해본 적이 있냐고,C:\Users\yuyao\Desktop\fromm抓取\fromm_dump\01\window_0066.xml
,PM 7:38,선우,흠,C:\Users\yuyao\Desktop\fromm抓取\fromm_dump\01\window_0066.xml
,PM 7:38,선우,난 없던 것 같아,C:\Users\yuyao\Desktop\fromm抓取\fromm_dump\01\window_0066.xml
,PM 7:39,선우,있었던 사람 있음?,C:\Users\yuyao\Desktop\fromm抓取\fromm_dump\01\window_0066.xml
,PM 7:39,선우,난 근데 싫어하는 사람. 이라는 개념자체그,C:\Users\yuyao\Desktop\fromm抓取\fromm_dump\01\window_0067.xml
,PM 7:39,선우,가,C:\Users\yuyao\Desktop\fromm抓取\fromm_dump\01\window_0067.xml
,PM 7:39,선우,없는 것 같아,C:\Users\yuyao\Desktop\fromm抓取\fromm_dump\01\window_0067.xml
,PM 7:39,선우,좋아하는 사람 or 누구세요,C:\Users\yuyao\Desktop\fromm抓取\fromm_dump\01\window_0067.xml
,PM 7:39,선우,느낌쓰,C:\Users\yuyao\Desktop\fromm抓取\fromm_dump\01\window_0067.xml
,PM 7:40,선우,애초에 난 어떤 관계든,C:\Users\yuyao\Desktop\fromm抓取\fromm_dump\01\window_0068.xml
,PM 7:40,선우,애매한 감정을 두고 계산하는 관계는,C:\Users\yuyao\Desktop\fromm抓取\fromm_dump\01\window_0068.xml
,PM 7:40,선우,곁에 없는 듯,C:\Users\yuyao\Desktop\fromm抓取\fromm_dump\01\window_0068.xml
,PM 7:41,선우,모두에게 사랑 받고 싶어서 한 직업인데,C:\Users\yuyao\Desktop\fromm抓取\fromm_dump\01\window_0068.xml
,PM 7:41,선우,오히려,C:\Users\yuyao\Desktop\fromm抓取\fromm_dump\01\window_0069.xml
,PM 7:41,선우,이 일 하면서,C:\Users\yuyao\Desktop\fromm抓取\fromm_dump\01\window_0069.xml
,PM 7:41,선우,모두에게 사랑 받을 필요 없고 모두에게 좋게 보일 필요 없구나 라는 걸 느꼈어,C:\Users\yuyao\Desktop\fromm抓取\fromm_dump\01\window_0069.xml
,PM 7:41,선우,객관적으로 좋고 나쁘고를 떠나서,C:\Users\yuyao\Desktop\fromm抓取\fromm_dump\01\window_0069.xml
,,선우,그냥 모두의 마음에 쏙 들어야지 라는 마음이,C:\Users\yuyao\Desktop\fromm抓取\fromm_dump\01\window_0069.xml
,PM 7:42,선우,그냥 모두의 마음에 쏙 들어야지 라는 마음이,C:\Users\yuyao\Desktop\fromm抓取\fromm_dump\01\window_0070.xml
,PM 7:42,선우,병들 수 밖에 없는 마음인 것 같음 시간이 지날 수록,C:\Users\yuyao\Desktop\fromm抓取\fromm_dump\01\window_0070.xml
,PM 7:43,선우,내가 좋아하는 사람에게 진심을 다하고 날 좋아해주는 사람에게 진심을 다하면 되는 것 같아,C:\Users\yuyao\Desktop\fromm抓取\fromm_dump\01\window_0070.xml
,PM 7:43,선우,근데 모두에게 좋은 사람이 되려고 하는 사람은 오히려 더 성숙한 사람일 수도 있는 거지,C:\Users\yuyao\Desktop\fromm抓取\fromm_dump\01\window_0070.xml
,PM 7:44,선우,근데 그렇지 못하는 사람들로 인해서 산처를 받게 되면,C:\Users\yuyao\Desktop\fromm抓取\fromm_dump\01\window_0071.xml
,PM 7:44,선우,그 마음이 무너지면 내 자신이 손해잖아,C:\Users\yuyao\Desktop\fromm抓取\fromm_dump\01\window_0071.xml
,PM 7:44,선우,소문은 항상 부풀려지고 없는 얘기가 나오고,C:\Users\yuyao\Desktop\fromm抓取\fromm_dump\01\window_0071.xml
,PM 7:45,선우,거기에 억울하고,C:\Users\yuyao\Desktop\fromm抓取\fromm_dump\01\window_0071.xml
,PM 7:45,선우,그런 적도 너무 많은데,C:\Users\yuyao\Desktop\fromm抓取\fromm_dump\01\window_0072.xml
,PM 7:45,선우,적어도 내 사람들과 내 자신이 아니란 걸 알면,C:\Users\yuyao\Desktop\fromm抓取\fromm_dump\01\window_0072.xml
,PM 7:45,선우,그 후부터는 내가 컨트롤 할 수 없는 영역임,C:\Users\yuyao\Desktop\fromm抓取\fromm_dump\01\window_0072.xml
,PM 7:46,선우,그런 이후부터 나부터 소문은 믿지 않게 되더라고,C:\Users\yuyao\Desktop\fromm抓取\fromm_dump\01\window_0072.xml
,PM 7:48,선우,내가 잘 알고 믿지 않는 남의 말을 함부로 믿고 말을 옮기는 것이 얼마나 무서운 일인지 알면 그러지 못하게 되더라구,C:\Users\yuyao\Desktop\fromm抓取\fromm_dump\01\window_0073.xml
,PM 7:48,선우,왜냐면 상처를 받는 대부분이 그런 인간관계에서 누가 저랬다더라 얘가 너 이렇게 얘기했다더라,C:\Users\yuyao\Desktop\fromm抓取\fromm_dump\01\window_0073.xml
,PM 7:49,선우,이런 거에 휩쓸려서 상처가 나니까,C:\Users\yuyao\Desktop\fromm抓取\fromm_dump\01\window_0073.xml
,,선우,그냥 내가 듣고 보고 확인한 거 아니면 믿고 거르고 직접 확인하는 태도를 가지려고 노력하면 그로인한 상처도 줄고 그로인한 상처도 안 주게 됨,C:\Users\yuyao\Desktop\fromm抓取\fromm_dump\01\window_0073.xml
,PM 7:49,선우,그냥 내가 듣고 보고 확인한 거 아니면 믿고 거르고 직접 확인하는 태도를 가지려고 노력하면 그로인한 상처도 줄고 그로인한 상처도 안 주게 됨,C:\Users\yuyao\Desktop\fromm抓取\fromm_dump\01\window_0074.xml
,PM 7:49,선우,말은 파도 같은 거라서,C:\Users\yuyao\Desktop\fromm抓取\fromm_dump\01\window_0074.xml
,PM 7:51,선우,휩쓸려와서 내가 상처 입어도 다시 언제 그랬냐는 듯 그런 말들은 파도 물 빠지듯 빠지고 결국 상처입은 나만 남음,C:\Users\yuyao\Desktop\fromm抓取\fromm_dump\01\window_0074.xml
,,선우,그러니까 휩쓸리며 살 필요 전혀! 없다! 이거지,C:\Users\yuyao\Desktop\fromm抓取\fromm_dump\01\window_0074.xml
,PM 7:52,선우,그러니까 휩쓸리며 살 필요 전혀! 없다! 이거지,C:\Users\yuyao\Desktop\fromm抓取\fromm_dump\01\window_0075.xml
,PM 7:52,선우,아이러니 하게도 정작 날 휩쓰는 사람들은 날 책임져 주지 않는 사람들임,C:\Users\yuyao\Desktop\fromm抓取\fromm_dump\01\window_0075.xml
,PM 7:54,선우,그런 누군가의 생각없는 가벼운 언행들로 소중하게 감춰둔 자기 자신 마음에 상처 안 나게,C:\Users\yuyao\Desktop\fromm抓取\fromm_dump\01\window_0075.xml
,PM 7:55,선우,풍문에 귀기울일 필요 없다~!,C:\Users\yuyao\Desktop\fromm抓取\fromm_dump\01\window_0075.xml
,PM 7:55,선우,"그저 내가
사랑해~ 라고 하는 것만",C:\Users\yuyao\Desktop\fromm抓取\fromm_dump\01\window_0076.xml
,PM 7:55,선우,들어라 ~,C:\Users\yuyao\Desktop\fromm抓取\fromm_dump\01\window_0076.xml
,PM 7:55,선우,이 말이야~,C:\Users\yuyao\Desktop\fromm抓取\fromm_dump\01\window_0076.xml
,PM 7:55,선우,근데 이건 뭐 내가 이랬다 저런 일이 있었다 해서 말하는 게 아니라,C:\Users\yuyao\Desktop\fromm抓取\fromm_dump\01\window_0076.xml
,,선우,그냥 더비들도,C:\Users\yuyao\Desktop\fromm抓取\fromm_dump\01\window_0076.xml
,PM 7:55,선우,그냥 더비들도,C:\Users\yuyao\Desktop\fromm抓取\fromm_dump\01\window_0077.xml
,PM 7:56,선우,분명 인간관계에서 힘듦이 있을 텐데,C:\Users\yuyao\Desktop\fromm抓取\fromm_dump\01\window_0077.xml
,PM 7:56,선우,자기 자신에게 상처를 내지 않았으면 해서 하는 말이얌,C:\Users\yuyao\Desktop\fromm抓取\fromm_dump\01\window_0077.xml
,,선우,그런데 가끔 가시가 안 쪽으로 나 있어서나를 찌르니까 그걸 차라리 밖으로 내보내는 사람들도 있단 말야 내가 다칠까봐 가시를 밖에 치는 거지 근데 그러는 방법이 결코 해결법은 아니라고 생각해 나는,C:\Users\yuyao\Desktop\fromm抓取\fromm_dump\01\window_0077.xml
,PM 8:00,선우,그런데 가끔 가시가 안 쪽으로 나 있어서나를 찌르니까 그걸 차라리 밖으로 내보내는 사람들도 있단 말야 내가 다칠까봐 가시를 밖에 치는 거지 근데 그러는 방법이 결코 해결법은 아니라고 생각해 나는,C:\Users\yuyao\Desktop\fromm抓取\fromm_dump\01\window_0078.xml
,PM 8:00,선우,간단한 일이 아니지만 간단하게 생각하는 게 중요한 듯,C:\Users\yuyao\Desktop\fromm抓取\fromm_dump\01\window_0078.xml
,PM 8:01,선우,ㅇㅋ 내가 마음 먼저 줄게 그런데 너가 그럴 생각도 없어보이고 마음을 안주네? ㅇㅋ 우리뉴인연이 아닌가보다 다음~!,C:\Users\yuyao\Desktop\fromm抓取\fromm_dump\01\window_0078.xml
,PM 8:01,선우,우리는*,C:\Users\yuyao\Desktop\fromm抓取\fromm_dump\01\window_0078.xml
,PM 8:01,선우,마음 줄게~! 오 너두 같나보네? ㅇㅋ 넌 내사람~,C:\Users\yuyao\Desktop\fromm抓取\fromm_dump\01\window_0079.xml
,PM 8:01,선우,예를 들면 살짝 요런 마인드 ㅋ,C:\Users\yuyao\Desktop\fromm抓取\fromm_dump\01\window_0079.xml
,PM 8:03,선우,계산적으로 마음을 주라는 게 아니구 모두가 날 좋아할 수 없다는 걸 인지한 뒤에 그 상황마다 ㅇㅋ 그럴 수도 있지 이렇게 생각하는 게 도움이 되더라구,C:\Users\yuyao\Desktop\fromm抓取\fromm_dump\01\window_0079.xml
,PM 8:03,선우,울 더비들도 인간관계,C:\Users\yuyao\Desktop\fromm抓取\fromm_dump\01\window_0079.xml
,PM 8:03,선우,화이팅💕,C:\Users\yuyao\Desktop\fromm抓取\fromm_dump\01\window_0080.xml
,PM 8:04,선우,이상 중꼰의 인간관계 강의 마치겠습니다,C:\Users\yuyao\Desktop\fromm抓取\fromm_dump\01\window_0080.xml
,PM 8:04,선우,다음 번엔,C:\Users\yuyao\Desktop\fromm抓取\fromm_dump\01\window_0080.xml
,PM 8:04,선우,자존감 강의로 찾아뵙겠습니다,C:\Users\yuyao\Desktop\fromm抓取\fromm_dump\01\window_0080.xml
,PM 8:04,선우,전 밥 먹으러 갈게요💕,C:\Users\yuyao\Desktop\fromm抓取\fromm_dump\01\window_0081.xml
,PM 8:05,선우,금방 봬요💕,C:\Users\yuyao\Desktop\fromm抓取\fromm_dump\01\window_0081.xml
,PM 8:05,선우,밥 챙기고 감기 개무서우니까 조심하고 손 잘 씻고 아무 거나 주워 먹지말고,C:\Users\yuyao\Desktop\fromm抓取\fromm_dump\01\window_0081.xml
,PM 8:05,선우,아무거나*,C:\Users\yuyao\Desktop\fromm抓取\fromm_dump\01\window_0081.xml
,PM 8:05,선우,빠이,C:\Users\yuyao\Desktop\fromm抓取\fromm_dump\01\window_0081.xml
,PM 8:05,선우,💕,C:\Users\yuyao\Desktop\fromm抓取\fromm_dump\01\window_0082.xml
,PM 8:10,선우,맞다 그리고 혼자라고 생각하지 말고 절대 !,C:\Users\yuyao\Desktop\fromm抓取\fromm_dump\01\window_0082.xml
,PM 8:11,선우,적어도 나는 더비가 준 진심 외면하지 않는 사람이 될 테니,C:\Users\yuyao\Desktop\fromm抓取\fromm_dump\01\window_0082.xml
,PM 8:11,선우,나도 진심으로 응원해주고 사랑해줘서 고맙고 나도 응원하고 사랑할게💕💕,C:\Users\yuyao\Desktop\fromm抓取\fromm_dump\01\window_0082.xml
,PM 8:15,선우,진실이 아닌 말들에 의해 부풀려진 말들에 의해 상처 받은 적이 있다면,C:\Users\yuyao\Desktop\fromm抓取\fromm_dump\01\window_0083.xml
,PM 8:16,선우,적어도 나는 알아 더비가 그런 사람이 아니란 걸,C:\Users\yuyao\Desktop\fromm抓取\fromm_dump\01\window_0083.xml
,PM 8:16,선우,그러니까,C:\Users\yuyao\Desktop\fromm抓取\fromm_dump\01\window_0083.xml
,PM 8:16,선우,따뜻한 밤 되세요,C:\Users\yuyao\Desktop\fromm抓取\fromm_dump\01\window_0083.xml
,PM 8:16,선우,사랑합니다,C:\Users\yuyao\Desktop\fromm抓取\fromm_dump\01\window_0084.xml
,AM 2:25,선우,잘자,C:\Users\yuyao\Desktop\fromm抓取\fromm_dump\01\window_0084.xml
,AM 2:25,선우,자고 일나서 얘기 나누자 ㅋ,C:\Users\yuyao\Desktop\fromm抓取\fromm_dump\01\window_0084.xml
,AM 2:29,선우,아니 벌써 마지막 프롬이 일주일이나 지났다고?,C:\Users\yuyao\Desktop\fromm抓取\fromm_dump\01\window_0084.xml
,AM 2:29,선우,말도 안돼,C:\Users\yuyao\Desktop\fromm抓取\fromm_dump\01\window_0085.xml
,AM 2:35,선우,한 4일 된 줄 알았는데 ㅋ,C:\Users\yuyao\Desktop\fromm抓取\fromm_dump\01\window_0085.xml
,AM 2:35,선우,기다랴줘서 고마옹🫶,C:\Users\yuyao\Desktop\fromm抓取\fromm_dump\01\window_0085.xml
,AM 2:35,선우,나 잔다 ㄹㅇ,C:\Users\yuyao\Desktop\fromm抓取\fromm_dump\01\window_0085.xml
,AM 2:35,선우,눈알 무겁다 지금,C:\Users\yuyao\Desktop\fromm抓取\fromm_dump\01\window_0085.xml
,AM 2:35,선우,잘 자🥱💕,C:\Users\yuyao\Desktop\fromm抓取\fromm_dump\01\window_0086.xml
,AM 2:36,선우,내꿈꾸지마셈,C:\Users\yuyao\Desktop\fromm抓取\fromm_dump\01\window_0086.xml
,AM 2:37,선우,"그럼 깨고 싶지 않아질 테니,,,",C:\Users\yuyao\Desktop\fromm抓取\fromm_dump\01\window_0086.xml
,AM 2:37,선우,skrr,C:\Users\yuyao\Desktop\fromm抓取\fromm_dump\01\window_0086.xml
,AM 2:37,선우,진짜 빠이 ㅋ🤤,C:\Users\yuyao\Desktop\fromm抓取\fromm_dump\01\window_0086.xml
,PM 11:06,선우,주연이 형 생축~~,C:\Users\yuyao\Desktop\fromm抓取\fromm_dump\01\window_0087.xml
,PM 11:10,선우,잘 잤오?,C:\Users\yuyao\Desktop\fromm抓取\fromm_dump\01\window_0087.xml
,PM 11:15,선우,티켓팅,C:\Users\yuyao\Desktop\fromm抓取\fromm_dump\01\window_0087.xml
,PM 11:15,선우,했어??,C:\Users\yuyao\Desktop\fromm抓取\fromm_dump\01\window_0087.xml
,PM 11:15,선우,아직??,C:\Users\yuyao\Desktop\fromm抓取\fromm_dump\01\window_0087.xml
,PM 11:16,선우,아 내일이구나,C:\Users\yuyao\Desktop\fromm抓取\fromm_dump\01\window_0088.xml
,PM 11:16,선우,어때 준비들 했어 다?,C:\Users\yuyao\Desktop\fromm抓取\fromm_dump\01\window_0088.xml
,PM 11:21,선우,다들 건승하시길,C:\Users\yuyao\Desktop\fromm抓取\fromm_dump\01\window_0088.xml
,PM 11:21,선우,보고시프니까~,C:\Users\yuyao\Desktop\fromm抓取\fromm_dump\01\window_0088.xml
,PM 11:21,선우,못와도 걱정말구 올해 많이 볼 거야~!,C:\Users\yuyao\Desktop\fromm抓取\fromm_dump\01\window_0088.xml
,AM 12:11,선우,맞다 나 애사비,C:\Users\yuyao\Desktop\fromm抓取\fromm_dump\01\window_0089.xml
,AM 12:11,선우,잘 챙겨먹는 중,C:\Users\yuyao\Desktop\fromm抓取\fromm_dump\01\window_0089.xml
,AM 12:11,선우,젤리 맛 나쁘지 않더라고,C:\Users\yuyao\Desktop\fromm抓取\fromm_dump\01\window_0089.xml
,AM 12:11,선우,확실히 먹고 식곤증은,C:\Users\yuyao\Desktop\fromm抓取\fromm_dump\01\window_0089.xml
,AM 12:11,선우,우연인진 모르겠는데 없어지긴 함,C:\Users\yuyao\Desktop\fromm抓取\fromm_dump\01\window_0090.xml
,AM 12:14,선우,그래도 좀 더,C:\Users\yuyao\Desktop\fromm抓取\fromm_dump\01\window_0090.xml
,AM 12:14,선우,먹어보구,C:\Users\yuyao\Desktop\fromm抓取\fromm_dump\01\window_0090.xml
,AM 12:14,선우,알려주껭 ㅎㅎ,C:\Users\yuyao\Desktop\fromm抓取\fromm_dump\01\window_0090.xml
,AM 12:15,선우,졸린 사람,C:\Users\yuyao\Desktop\fromm抓取\fromm_dump\01\window_0090.xml
,AM 12:16,선우,졸린 사람은 얼른 자셈 난 씻고 뭐 좀 주워먹고 할 거 좀 있어서 마저하고 자기 전에 인사하러 다시 들릴겡 ㅎㅎ,C:\Users\yuyao\Desktop\fromm抓取\fromm_dump\01\window_0091.xml
,AM 12:17,선우,전 섹시 샤워하러 갑니다,C:\Users\yuyao\Desktop\fromm抓取\fromm_dump\01\window_0091.xml
,AM 12:17,선우,ㅃㅃ,C:\Users\yuyao\Desktop\fromm抓取\fromm_dump\01\window_0091.xml
,AM 12:17,선우,자는 사람은 미리 잘자💕,C:\Users\yuyao\Desktop\fromm抓取\fromm_dump\01\window_0091.xml
,AM 12:17,선우,오늘도 고생해써💕,C:\Users\yuyao\Desktop\fromm抓取\fromm_dump\01\window_0092.xml
,AM 12:18,선우,악몽 꾸지말구 잘자 베이비,C:\Users\yuyao\Desktop\fromm抓取\fromm_dump\01\window_0092.xml
,AM 12:18,선우,움뫄,C:\Users\yuyao\Desktop\fromm抓取\fromm_dump\01\window_0092.xml
,AM 2:09,선우,나도 이제 잔다!!!!,C:\Users\yuyao\Desktop\fromm抓取\fromm_dump\01\window_0092.xml
,AM 2:09,선우,식곤증 아직 있었음,C:\Users\yuyao\Desktop\fromm抓取\fromm_dump\01\window_0092.xml
,AM 2:09,선우,죽지 않고 또 왔네,C:\Users\yuyao\Desktop\fromm抓取\fromm_dump\01\window_0093.xml
,AM 2:09,선우,잘 자고 이따가 아돌라에서,C:\Users\yuyao\Desktop\fromm抓取\fromm_dump\01\window_0093.xml
,AM 2:09,선우,보자💕,C:\Users\yuyao\Desktop\fromm抓取\fromm_dump\01\window_0093.xml
,AM 2:09,선우,잘 자라🫶,C:\Users\yuyao\Desktop\fromm抓取\fromm_dump\01\window_0093.xml
,PM 9:01,선우,하이,C:\Users\yuyao\Desktop\fromm抓取\fromm_dump\01\window_0094.xml
,PM 9:01,선우,머해 ㅋ,C:\Users\yuyao\Desktop\fromm抓取\fromm_dump\01\window_0094.xml
,PM 9:01,선우,에릭 아돌라 잘하고 있나?,C:\Users\yuyao\Desktop\fromm抓取\fromm_dump\01\window_0094.xml
,PM 9:03,선우,생방 보는 중,C:\Users\yuyao\Desktop\fromm抓取\fromm_dump\01\window_0094.xml
,PM 9:03,선우,방금 킴,C:\Users\yuyao\Desktop\fromm抓取\fromm_dump\01\window_0094.xml
,PM 9:03,선우,내자리 뺏길 것 같대 영훈이 향이,C:\Users\yuyao\Desktop\fromm抓取\fromm_dump\01\window_0095.xml
,PM 9:04,선우,영재 잘한다,C:\Users\yuyao\Desktop\fromm抓取\fromm_dump\01\window_0095.xml
,PM 9:05,선우,ㅋㅋㅋㅋㅋㅋㅋㅋㅋㅋㅋㅋㅋㅋㅋㅋ,C:\Users\yuyao\Desktop\fromm抓取\fromm_dump\01\window_0095.xml
,PM 9:05,선우,귀여어 에릭이,C:\Users\yuyao\Desktop\fromm抓取\fromm_dump\01\window_0095.xml
,PM 9:06,선우,엠비씨 덥즈가 정복한다,C:\Users\yuyao\Desktop\fromm抓取\fromm_dump\01\window_0095.xml
,PM 9:07,선우,비주얼 센터 에서 저거 센터 뺐다 본인이,C:\Users\yuyao\Desktop\fromm抓取\fromm_dump\01\window_0096.xml
,PM 9:07,선우,백퍼 ㅋㅋ,C:\Users\yuyao\Desktop\fromm抓取\fromm_dump\01\window_0096.xml
,PM 9:07,선우,겸손한 빵훈,C:\Users\yuyao\Desktop\fromm抓取\fromm_dump\01\window_0096.xml
,PM 9:07,선우,하긴 내가 있는데 함부로 센터라 말하기 쉽지 않았겠지,C:\Users\yuyao\Desktop\fromm抓取\fromm_dump\01\window_0096.xml
,PM 9:07,선우,이해해,C:\Users\yuyao\Desktop\fromm抓取\fromm_dump\01\window_0097.xml
,PM 9:07,선우,겸손하지 않은 선우,C:\Users\yuyao\Desktop\fromm抓取\fromm_dump\01\window_0097.xml
,PM 9:08,선우,오~별론데~,C:\Users\yuyao\Desktop\fromm抓取\fromm_dump\01\window_0097.xml
,PM 9:08,선우,에릭이 넘 잘생겨따 근데,C:\Users\yuyao\Desktop\fromm抓取\fromm_dump\01\window_0097.xml
,PM 9:09,선우,토니스타크 보고 아저씨?,C:\Users\yuyao\Desktop\fromm抓取\fromm_dump\01\window_0097.xml
,PM 9:09,선우,맞긴 하지,C:\Users\yuyao\Desktop\fromm抓取\fromm_dump\01\window_0098.xml
,PM 9:09,선우,또떴네,C:\Users\yuyao\Desktop\fromm抓取\fromm_dump\01\window_0098.xml
,PM 9:09,선우,지금 나,C:\Users\yuyao\Desktop\fromm抓取\fromm_dump\01\window_0098.xml
,PM 9:10,선우,아,C:\Users\yuyao\Desktop\fromm抓取\fromm_dump\01\window_0098.xml
,PM 9:10,선우,누군데구나,C:\Users\yuyao\Desktop\fromm抓取\fromm_dump\01\window_0098.xml
,PM 9:10,선우,개꿀이지,C:\Users\yuyao\Desktop\fromm抓取\fromm_dump\01\window_0099.xml
,PM 9:10,선우,이건 뭐야,C:\Users\yuyao\Desktop\fromm抓取\fromm_dump\01\window_0099.xml
,PM 9:10,선우,아돌라 보는 중임 이해목하는 사람 위해서,C:\Users\yuyao\Desktop\fromm抓取\fromm_dump\01\window_0099.xml
,PM 9:10,선우,ㅋㅋ,C:\Users\yuyao\Desktop\fromm抓取\fromm_dump\01\window_0099.xml
,PM 9:10,선우,손가락질,C:\Users\yuyao\Desktop\fromm抓取\fromm_dump\01\window_0099.xml
,PM 9:10,선우,킹받는 강아지 그림,C:\Users\yuyao\Desktop\fromm抓取\fromm_dump\01\window_0100.xml
,PM 9:10,선우,외국언냐 얼굴 필터,C:\Users\yuyao\Desktop\fromm抓取\fromm_dump\01\window_0100.xml
,PM 9:11,선우,못들었다,C:\Users\yuyao\Desktop\fromm抓取\fromm_dump\01\window_0100.xml
,PM 9:11,선우,비데?,C:\Users\yuyao\Desktop\fromm抓取\fromm_dump\01\window_0100.xml
,PM 9:11,선우,아 푸데,C:\Users\yuyao\Desktop\fromm抓取\fromm_dump\01\window_0100.xml
,PM 9:11,선우,우우우우,C:\Users\yuyao\Desktop\fromm抓取\fromm_dump\01\window_0101.xml
,PM 9:11,선우,우웩,C:\Users\yuyao\Desktop\fromm抓取\fromm_dump\01\window_0101.xml
,PM 9:12,선우,자기야 이러네,C:\Users\yuyao\Desktop\fromm抓取\fromm_dump\01\window_0101.xml
,PM 9:12,선우,자기야라고 는 없고 여기애 야가 어딨너,C:\Users\yuyao\Desktop\fromm抓取\fromm_dump\01\window_0101.xml
,PM 9:12,선우,이거잖아,C:\Users\yuyao\Desktop\fromm抓取\fromm_dump\01\window_0101.xml
,PM 9:12,선우,여기 야가 어딨어,C:\Users\yuyao\Desktop\fromm抓取\fromm_dump\01\window_0102.xml
,PM 9:12,선우,내가 야야? 는 너무 귀여워서 별로,C:\Users\yuyao\Desktop\fromm抓取\fromm_dump\01\window_0102.xml
,PM 9:12,선우,그냥 바로 여기 야가 어딨어,C:\Users\yuyao\Desktop\fromm抓取\fromm_dump\01\window_0102.xml
,PM 9:12,선우,해야 카리스마,C:\Users\yuyao\Desktop\fromm抓取\fromm_dump\01\window_0102.xml
,,선우,돌랑이들 너무 리액션 잘해줘서 너무 기특강아디봉복복복,C:\Users\yuyao\Desktop\fromm抓取\fromm_dump\01\window_0102.xml
,PM 9:13,선우,돌랑이들 너무 리액션 잘해줘서 너무 기특강아디봉복복복,C:\Users\yuyao\Desktop\fromm抓取\fromm_dump\01\window_0103.xml
,PM 9:13,선우,에릭 근데 데뷔 초반 보다 진행이나 말 진짜 진짜 엄청 늘고 잘한다,C:\Users\yuyao\Desktop\fromm抓取\fromm_dump\01\window_0103.xml
,PM 9:14,선우,예전에는 눈치 없어서 갑분싸 계속 만들었는데,C:\Users\yuyao\Desktop\fromm抓取\fromm_dump\01\window_0103.xml
,PM 9:14,선우,우리끼리 있을 때 물론,C:\Users\yuyao\Desktop\fromm抓取\fromm_dump\01\window_0103.xml
,PM 9:14,선우,ㅋㅋㅋㅋㅋㅋㅋㅋㅋㅋㅋㅋㅋㅋㅋㅋㅋㅋ,C:\Users\yuyao\Desktop\fromm抓取\fromm_dump\01\window_0104.xml
,PM 9:14,선우,근데 에릭은 그게 매력이었는데,C:\Users\yuyao\Desktop\fromm抓取\fromm_dump\01\window_0104.xml
,PM 9:14,선우,지금 너무 능숙해져 버렸어,C:\Users\yuyao\Desktop\fromm抓取\fromm_dump\01\window_0104.xml
,PM 9:15,선우,요즘 갑분싸 담당은,C:\Users\yuyao\Desktop\fromm抓取\fromm_dump\01\window_0104.xml
,PM 9:15,선우,없음 우리끼리 있을 땐,C:\Users\yuyao\Desktop\fromm抓取\fromm_dump\01\window_0104.xml
,PM 9:15,선우,다 웃겨졌음,C:\Users\yuyao\Desktop\fromm抓取\fromm_dump\01\window_0105.xml
,PM 9:15,선우,저거 나 진짜 무서워 했는데,C:\Users\yuyao\Desktop\fromm抓取\fromm_dump\01\window_0105.xml
,PM 9:15,선우,난 진짜 손 잘리는 건 줄 알고 있었어 중딩때까지,C:\Users\yuyao\Desktop\fromm抓取\fromm_dump\01\window_0105.xml
,PM 9:16,선우,그래서 어떤 사우나에 저거 있었는데,C:\Users\yuyao\Desktop\fromm抓取\fromm_dump\01\window_0105.xml
,,선우,손 못 넣었었음,C:\Users\yuyao\Desktop\fromm抓取\fromm_dump\01\window_0105.xml
,PM 9:16,선우,손 못 넣었었음,C:\Users\yuyao\Desktop\fromm抓取\fromm_dump\01\window_0106.xml
,PM 9:16,선우,기피한다,C:\Users\yuyao\Desktop\fromm抓取\fromm_dump\01\window_0106.xml
,PM 9:16,선우,정답 기피한다,C:\Users\yuyao\Desktop\fromm抓取\fromm_dump\01\window_0106.xml
,PM 9:16,선우,옳지,C:\Users\yuyao\Desktop\fromm抓取\fromm_dump\01\window_0106.xml
,PM 9:17,선우,근데 에릭은 에릭이 작은 거,C:\Users\yuyao\Desktop\fromm抓取\fromm_dump\01\window_0106.xml
,,선우,근데 보면 볼 수록 에릭이,C:\Users\yuyao\Desktop\fromm抓取\fromm_dump\01\window_0106.xml
,PM 9:17,선우,근데 보면 볼 수록 에릭이,C:\Users\yuyao\Desktop\fromm抓取\fromm_dump\01\window_0107.xml
,PM 9:18,선우,잘생겼냐,C:\Users\yuyao\Desktop\fromm抓取\fromm_dump\01\window_0107.xml
,PM 9:18,선우,에릭은 상의 입고 다니는 것만으로도 감사해야할 정도,C:\Users\yuyao\Desktop\fromm抓取\fromm_dump\01\window_0107.xml
,PM 9:19,선우,봐봐 저럴 줄 알았다,C:\Users\yuyao\Desktop\fromm抓取\fromm_dump\01\window_0107.xml
,PM 9:19,선우,기계가 정확하네,C:\Users\yuyao\Desktop\fromm抓取\fromm_dump\01\window_0107.xml
,PM 9:20,선우,우왕 나 샤라웃 당햌ㅅ어 우왘ㅋ💕💕💕💕,C:\Users\yuyao\Desktop\fromm抓取\fromm_dump\01\window_0108.xml
,PM 9:20,선우,우아아아ㅏ아아 신기해,C:\Users\yuyao\Desktop\fromm抓取\fromm_dump\01\window_0108.xml
,PM 9:20,선우,헐 나 연예인인가봐,C:\Users\yuyao\Desktop\fromm抓取\fromm_dump\01\window_0108.xml
,PM 9:21,선우,미쳤네 이 기분,C:\Users\yuyao\Desktop\fromm抓取\fromm_dump\01\window_0108.xml
,,선우,더비도 이런 기분일까? 앞으로 더비 샤라웃 많이 햐줘야게따,C:\Users\yuyao\Desktop\fromm抓取\fromm_dump\01\window_0108.xml
,PM 9:21,선우,더비도 이런 기분일까? 앞으로 더비 샤라웃 많이 햐줘야게따,C:\Users\yuyao\Desktop\fromm抓取\fromm_dump\01\window_0109.xml
,PM 9:22,선우,어쭈?,C:\Users\yuyao\Desktop\fromm抓取\fromm_dump\01\window_0109.xml
,PM 9:22,선우,에글루 가자,C:\Users\yuyao\Desktop\fromm抓取\fromm_dump\01\window_0109.xml
,PM 9:22,선우,혀 내밀어야지,C:\Users\yuyao\Desktop\fromm抓取\fromm_dump\01\window_0109.xml
,PM 9:23,선우,중간에 강남스타일 한 번 나왔는데,C:\Users\yuyao\Desktop\fromm抓取\fromm_dump\01\window_0109.xml
,PM 9:23,선우,잘하네 ㅎㅎㅎ,C:\Users\yuyao\Desktop\fromm抓取\fromm_dump\01\window_0110.xml
,PM 9:24,선우,소년이다,C:\Users\yuyao\Desktop\fromm抓取\fromm_dump\01\window_0110.xml
,PM 9:24,선우,백만년만에 들어본다,C:\Users\yuyao\Desktop\fromm抓取\fromm_dump\01\window_0110.xml
,PM 9:25,선우,한번더,C:\Users\yuyao\Desktop\fromm抓取\fromm_dump\01\window_0110.xml
,PM 9:26,선우,더비 콘서트 열림?,C:\Users\yuyao\Desktop\fromm抓取\fromm_dump\01\window_0111.xml
,PM 9:26,선우,함성 무엇,C:\Users\yuyao\Desktop\fromm抓取\fromm_dump\01\window_0111.xml
,PM 9:26,선우,왓이즈러브요,C:\Users\yuyao\Desktop\fromm抓取\fromm_dump\01\window_0111.xml
,PM 9:26,선우,더비 혈압 오른다,C:\Users\yuyao\Desktop\fromm抓取\fromm_dump\01\window_0111.xml
,PM 9:27,선우,더비 목 아껴라,C:\Users\yuyao\Desktop\fromm抓取\fromm_dump\01\window_0112.xml
,PM 9:27,선우,선우가 대단하다고 햌ㅅ는데 선우도 메들리는 안해여 헤헿,C:\Users\yuyao\Desktop\fromm抓取\fromm_dump\01\window_0112.xml
,PM 9:28,선우,ㅋㅋㅋㅋㅋㅋㅋㅋㅋ에릭 정신 없다 지금,C:\Users\yuyao\Desktop\fromm抓取\fromm_dump\01\window_0112.xml
,PM 9:28,선우,영훈이형 힘들다 지금,C:\Users\yuyao\Desktop\fromm抓取\fromm_dump\01\window_0112.xml
,,선우,고생했다 ㅠㅠㅠㅠ,C:\Users\yuyao\Desktop\fromm抓取\fromm_dump\01\window_0112.xml
,PM 9:29,선우,고생했다 ㅠㅠㅠㅠ,C:\Users\yuyao\Desktop\fromm抓取\fromm_dump\01\window_0113.xml
,PM 9:30,선우,안경을 벗으니 잘생겨지는 클리셰..!,C:\Users\yuyao\Desktop\fromm抓取\fromm_dump\01\window_0113.xml
,PM 9:30,선우,에릭이 넘넘 잘한다 잠깐 봤는데도,C:\Users\yuyao\Desktop\fromm抓取\fromm_dump\01\window_0113.xml
,PM 9:31,선우,나보고 애기래 ㅎㅎ,C:\Users\yuyao\Desktop\fromm抓取\fromm_dump\01\window_0113.xml
,PM 9:32,선우,에디는 저작권있을텐데,C:\Users\yuyao\Desktop\fromm抓取\fromm_dump\01\window_0113.xml
,PM 9:32,선우,손디 ㄱㅊ은데,C:\Users\yuyao\Desktop\fromm抓取\fromm_dump\01\window_0114.xml
,PM 9:32,선우,아 에디네,C:\Users\yuyao\Desktop\fromm抓取\fromm_dump\01\window_0114.xml
,PM 9:33,선우,손디는 근데 떤디랑 발음 비슷할 수도 있으니까 에디 괜찮네,C:\Users\yuyao\Desktop\fromm抓取\fromm_dump\01\window_0114.xml
,PM 9:33,선우,손디는 뭔가,C:\Users\yuyao\Desktop\fromm抓取\fromm_dump\01\window_0114.xml
,,선우,등번호 7번 달아야할 것 같은 느낌이긴 해,C:\Users\yuyao\Desktop\fromm抓取\fromm_dump\01\window_0114.xml
,PM 9:33,선우,등번호 7번 달아야할 것 같은 느낌이긴 해,C:\Users\yuyao\Desktop\fromm抓取\fromm_dump\01\window_0115.xml
,PM 9:34,선우,선우도~,C:\Users\yuyao\Desktop\fromm抓取\fromm_dump\01\window_0115.xml
,PM 9:34,선우,아이돌라디오 사랑해~~,C:\Users\yuyao\Desktop\fromm抓取\fromm_dump\01\window_0115.xml
,PM 9:35,선우,난 마저 뭐 좀 만들러 가겠슴다 ㅎㅎ 울 더비들도 사랑해 내가💕💕💕,C:\Users\yuyao\Desktop\fromm抓取\fromm_dump\01\window_0115.xml
,PM 9:35,선우,밥 먹고 독감 예방 주사 맞고,C:\Users\yuyao\Desktop\fromm抓取\fromm_dump\01\window_0115.xml
,PM 9:43,선우,알게찌💕 오늘도 좋은 하루였길 바라용🤭💕,C:\Users\yuyao\Desktop\fromm抓取\fromm_dump\01\window_0116.xml
,PM 9:13,선우,보고싶다~,C:\Users\yuyao\Desktop\fromm抓取\fromm_dump\01\window_0116.xml
,PM 9:14,선우,[media/no text],C:\Users\yuyao\Desktop\fromm抓取\fromm_dump\01\window_0117.xml
,PM 9:16,선우,더비들 덕분에 또 파리 와서 신기한 경험 한당,C:\Users\yuyao\Desktop\fromm抓取\fromm_dump\01\window_0117.xml
,PM 9:16,선우,고마옹,C:\Users\yuyao\Desktop\fromm抓取\fromm_dump\01\window_0117.xml
,,선우,😊😊😊😊😊😊😊😊,C:\Users\yuyao\Desktop\fromm抓取\fromm_dump\01\window_0117.xml
,PM 9:17,선우,😊😊😊😊😊😊😊😊,C:\Users\yuyao\Desktop\fromm抓取\fromm_dump\01\window_0118.xml
,AM 2:32,선우,나 다녀올게,C:\Users\yuyao\Desktop\fromm抓取\fromm_dump\01\window_0118.xml
,AM 2:32,선우,한국은 새벽인데도 봐줘서 너무 고마워,C:\Users\yuyao\Desktop\fromm抓取\fromm_dump\01\window_0118.xml
,AM 2:32,선우,쇼장 곧 도착!,C:\Users\yuyao\Desktop\fromm抓取\fromm_dump\01\window_0118.xml
,,선우,더비들 생각하면서 감사하게 잘 하고 올게💕,C:\Users\yuyao\Desktop\fromm抓取\fromm_dump\01\window_0118.xml
,AM 2:33,선우,더비들 생각하면서 감사하게 잘 하고 올게💕,C:\Users\yuyao\Desktop\fromm抓取\fromm_dump\01\window_0119.xml
,AM 2:33,선우,고마워!,C:\Users\yuyao\Desktop\fromm抓取\fromm_dump\01\window_0119.xml
,AM 2:40,선우,사랑해!!!,C:\Users\yuyao\Desktop\fromm抓取\fromm_dump\01\window_0119.xml
,PM 10:43,선우,더비이이ㅣ,C:\Users\yuyao\Desktop\fromm抓取\fromm_dump\01\window_0119.xml
,PM 10:43,선우,더비들 덕분에 나 신인상 받았오!!!!!!!,C:\Users\yuyao\Desktop\fromm抓取\fromm_dump\01\window_0120.xml
,PM 10:43,선우,너무 참여하고 싶었는데 우리 콘서트 리허설 때문에 참여를 못했지만 ㅠ,C:\Users\yuyao\Desktop\fromm抓取\fromm_dump\01\window_0120.xml
,PM 10:44,선우,정말 정말 내 인생에 신인상을 또 한 번 받을 수 있을까 했는데,C:\Users\yuyao\Desktop\fromm抓取\fromm_dump\01\window_0120.xml
,PM 10:44,선우,또 받게 해줘서 너무 고맙고,C:\Users\yuyao\Desktop\fromm抓取\fromm_dump\01\window_0120.xml
,PM 10:44,선우,아돌라 전 직원분들 그리고 우리 돌랑이들 더비들 너무 고맙고 사랑해,C:\Users\yuyao\Desktop\fromm抓取\fromm_dump\01\window_0121.xml
,PM 10:44,선우,아 우수상이야?,C:\Users\yuyao\Desktop\fromm抓取\fromm_dump\01\window_0121.xml
,PM 10:44,선우,뭐야,C:\Users\yuyao\Desktop\fromm抓取\fromm_dump\01\window_0121.xml
,PM 10:44,선우,신인상이 아니라,C:\Users\yuyao\Desktop\fromm抓取\fromm_dump\01\window_0121.xml
,,선우,우수까지 한다고?,C:\Users\yuyao\Desktop\fromm抓取\fromm_dump\01\window_0121.xml
,PM 10:44,선우,우수까지 한다고?,C:\Users\yuyao\Desktop\fromm抓取\fromm_dump\01\window_0122.xml
,PM 10:45,선우,대박 ㅋㅋㅋㅋㅋㅋㅋㅋ,C:\Users\yuyao\Desktop\fromm抓取\fromm_dump\01\window_0122.xml
,PM 10:45,선우,우수상이라니 와우,C:\Users\yuyao\Desktop\fromm抓取\fromm_dump\01\window_0122.xml
,PM 10:45,선우,더 고마웤ㅋㅋㅋㅋㅋㅋㅋㅋㅋㅋ,C:\Users\yuyao\Desktop\fromm抓取\fromm_dump\01\window_0122.xml
,PM 10:45,선우,우수하지 않지만 더 노력할게 사랑해 고마워,C:\Users\yuyao\Desktop\fromm抓取\fromm_dump\01\window_0122.xml
,PM 10:45,선우,우수에 차지 않도록 겸손하며,C:\Users\yuyao\Desktop\fromm抓取\fromm_dump\01\window_0123.xml
,PM 10:45,선우,앞으로도 우수해볼게,C:\Users\yuyao\Desktop\fromm抓取\fromm_dump\01\window_0123.xml
,PM 10:47,선우,고맙구 콘서투 열심히 준비할게요💕,C:\Users\yuyao\Desktop\fromm抓取\fromm_dump\01\window_0123.xml
,PM 10:47,선우,떡국 맛나게 먹구,C:\Users\yuyao\Desktop\fromm抓取\fromm_dump\01\window_0123.xml
,,선우,다시 한 번 새해 복 내 것까지 다 받아가💕,C:\Users\yuyao\Desktop\fromm抓取\fromm_dump\01\window_0123.xml
,PM 10:47,선우,다시 한 번 새해 복 내 것까지 다 받아가💕,C:\Users\yuyao\Desktop\fromm抓取\fromm_dump\01\window_0124.xml
,AM 1:39,선우,자다깨서 생각해도 너무 거맙네 고마워 더비 도마워 사랑해 잘자,C:\Users\yuyao\Desktop\fromm抓取\fromm_dump\01\window_0124.xml
,AM 1:39,선우,💕,C:\Users\yuyao\Desktop\fromm抓取\fromm_dump\01\window_0124.xml
,,선우,내 자랑을 나열하라고 하면 가장 첫번째로 내 입에 담게 될 단어는 더비일 거야 사랑스럽고 자랑스러운 내 사람들 너므 고마워 좋은 일들만 가득한 한 해 되자 사랑해 잘쟈,C:\Users\yuyao\Desktop\fromm抓取\fromm_dump\01\window_0124.xml
,AM 1:41,선우,내 자랑을 나열하라고 하면 가장 첫번째로 내 입에 담게 될 단어는 더비일 거야 사랑스럽고 자랑스러운 내 사람들 너므 고마워 좋은 일들만 가득한 한 해 되자 사랑해 잘쟈,C:\Users\yuyao\Desktop\fromm抓取\fromm_dump\01\window_0125.xml
,PM 2:11,선우,더비들 눈 많이 오는데 어케,C:\Users\yuyao\Desktop\fromm抓取\fromm_dump\01\window_0125.xml
,PM 2:11,선우,ㅠㅜㅜㅠㅜㅜㅜ,C:\Users\yuyao\Desktop\fromm抓取\fromm_dump\01\window_0125.xml
,PM 2:12,선우,😢,C:\Users\yuyao\Desktop\fromm抓取\fromm_dump\01\window_0125.xml
,PM 2:12,선우,🥺,C:\Users\yuyao\Desktop\fromm抓取\fromm_dump\01\window_0126.xml
,PM 2:12,선우,😫,C:\Users\yuyao\Desktop\fromm抓取\fromm_dump\01\window_0126.xml
,PM 2:12,선우,😩,C:\Users\yuyao\Desktop\fromm抓取\fromm_dump\01\window_0126.xml
,PM 2:12,선우,☹️,C:\Users\yuyao\Desktop\fromm抓取\fromm_dump\01\window_0126.xml
,PM 2:12,선우,😣,C:\Users\yuyao\Desktop\fromm抓取\fromm_dump\01\window_0126.xml
,PM 2:12,선우,😭,C:\Users\yuyao\Desktop\fromm抓取\fromm_dump\01\window_0127.xml
,PM 2:12,선우,😶‍🌫️ 콘서트 온 더비들 이따 모습,C:\Users\yuyao\Desktop\fromm抓取\fromm_dump\01\window_0127.xml
,PM 2:12,선우,ㅠ,C:\Users\yuyao\Desktop\fromm抓取\fromm_dump\01\window_0127.xml
,PM 2:13,선우,"우리가 미안해,,,",C:\Users\yuyao\Desktop\fromm抓取\fromm_dump\01\window_0127.xml
,PM 2:13,선우,쇼케이스 눈보라 폭풍,C:\Users\yuyao\Desktop\fromm抓取\fromm_dump\01\window_0127.xml
,PM 2:13,선우,콘서트 폭성,C:\Users\yuyao\Desktop\fromm抓取\fromm_dump\01\window_0128.xml
,PM 2:13,선우,설,C:\Users\yuyao\Desktop\fromm抓取\fromm_dump\01\window_0128.xml
,PM 2:13,선우,ㄹㅈㄷ,C:\Users\yuyao\Desktop\fromm抓取\fromm_dump\01\window_0128.xml
,,선우,나 스케쥴 방금 끝나서 너머너너머머누머무너무 졸려서 낼 연락하께 낼 놀쟈 >< 잘 자구 존꿈꺼💕,C:\Users\yuyao\Desktop\fromm抓取\fromm_dump\01\window_0128.xml
,AM 1:46,선우,나 스케쥴 방금 끝나서 너머너너머머누머무너무 졸려서 낼 연락하께 낼 놀쟈 >< 잘 자구 존꿈꺼💕,C:\Users\yuyao\Desktop\fromm抓取\fromm_dump\01\window_0129.xml
,AM 1:48,선우,나 오늘 스케쥴 거의 슈스 수준 바쁘다 바빠 선우사회 푹자고 일나서 연락할게 얼른 자🤭😍,C:\Users\yuyao\Desktop\fromm抓取\fromm_dump\01\window_0129.xml
,AM 1:48,선우,고마어💕,C:\Users\yuyao\Desktop\fromm抓取\fromm_dump\01\window_0129.xml
,PM 4:48,선우,눈이 또 엄청 오네???,C:\Users\yuyao\Desktop\fromm抓取\fromm_dump\01\window_0129.xml
,PM 4:52,선우,[media/no text],C:\Users\yuyao\Desktop\fromm抓取\fromm_dump\01\window_0130.xml
,PM 4:54,선우,[media/no text],C:\Users\yuyao\Desktop\fromm抓取\fromm_dump\01\window_0131.xml
,PM 4:56,선우,[media/no text],C:\Users\yuyao\Desktop\fromm抓取\fromm_dump\01\window_0132.xml
,PM 4:56,선우,이제 없어,C:\Users\yuyao\Desktop\fromm抓取\fromm_dump\01\window_0135.xml
,AM 1:13,선우,아니 나 형들이랑 진대중인데 뭐야 창피하겤 앜 !!읔 서치를 하거나 들어간 적도 없는데!!!!!!!!!!!!!! 더비들에게도 다른 팬분들에게도 저ㅣ송함니당💕 헤헤,C:\Users\yuyao\Desktop\fromm抓取\fromm_dump\01\window_0136.xml
,AM 5:06,선우,헤헤 진대 끝! 한국은 엄청 늦었겠네 ㅎㅎ 잘 자 더비들 💕,C:\Users\yuyao\Desktop\fromm抓取\fromm_dump\01\window_0136.xml
,AM 12:46,선우,오늘도 수고했어 잘쟈💕 길게는 못해도 낼 틈틈히 시간 날 때 연락주께🫶,C:\Users\yuyao\Desktop\fromm抓取\fromm_dump\01\window_0137.xml
,AM 12:54,선우,[media/no text],C:\Users\yuyao\Desktop\fromm抓取\fromm_dump\01\window_0138.xml
,AM 12:54,선우,리미티드 에디션 보내주고 난 자러 가께 빠빠💕,C:\Users\yuyao\Desktop\fromm抓取\fromm_dump\01\window_0141.xml
,AM 12:56,선우,하나는 진격거 시점임 거인의 위압감을 조금이나마 체험해보길 바라,C:\Users\yuyao\Desktop\fromm抓取\fromm_dump\01\window_0141.xml
,AM 12:56,선우,진짜 뿅 안뇽💕,C:\Users\yuyao\Desktop\fromm抓取\fromm_dump\01\window_0142.xml
,PM 8:27,선우,안타까운 소식 때문에 오늘 프롬은 좀 힘들 것 같다고 말은 해줘야할 것 같아서 미안해...!,C:\Users\yuyao\Desktop\fromm抓取\fromm_dump\01\window_0142.xml
,PM 10:58,선우,오우 더블유 섹싀한데,C:\Users\yuyao\Desktop\fromm抓取\fromm_dump\01\window_0142.xml
,,선우,사진 이만장 찍었으니까 다풀어줄게 찬찬희,C:\Users\yuyao\Desktop\fromm抓取\fromm_dump\01\window_0142.xml
,PM 10:59,선우,사진 이만장 찍었으니까 다풀어줄게 찬찬희,C:\Users\yuyao\Desktop\fromm抓取\fromm_dump\01\window_0143.xml
,PM 11:00,선우,지금 쪼까 바빠서 나 다시 들가야하는데 좋아할만한 소식들 많으니까 체하지 않게 다 받아머거 예쁘니들,C:\Users\yuyao\Desktop\fromm抓取\fromm_dump\01\window_0143.xml
,PM 11:00,선우,알라뷰,C:\Users\yuyao\Desktop\fromm抓取\fromm_dump\01\window_0143.xml
,PM 11:00,선우,알라뷰!!!!!!!!!!!!!!!!!!!!!!!!!!!!!!,C:\Users\yuyao\Desktop\fromm抓取\fromm_dump\01\window_0143.xml
,,선우,라이브도 조만간 키고 댄싱위드떤 활성화 시키께 베이베 쫌만 기달룡,C:\Users\yuyao\Desktop\fromm抓取\fromm_dump\01\window_0143.xml
,PM 11:01,선우,라이브도 조만간 키고 댄싱위드떤 활성화 시키께 베이베 쫌만 기달룡,C:\Users\yuyao\Desktop\fromm抓取\fromm_dump\01\window_0144.xml
,PM 11:01,선우,그리고 브링그린 엠베서더 누가봐도 나 아닌데 왜 나라고 생각해!!!!!,C:\Users\yuyao\Desktop\fromm抓取\fromm_dump\01\window_0144.xml
,PM 11:02,선우,꺆,C:\Users\yuyao\Desktop\fromm抓取\fromm_dump\01\window_0144.xml
,PM 11:02,선우,지금 들어가야하는데,C:\Users\yuyao\Desktop\fromm抓取\fromm_dump\01\window_0144.xml
,PM 11:02,선우,뻐기는 중,C:\Users\yuyao\Desktop\fromm抓取\fromm_dump\01\window_0144.xml
,PM 11:02,선우,일단,C:\Users\yuyao\Desktop\fromm抓取\fromm_dump\01\window_0145.xml
,PM 11:03,선우,감사의 인사와 얘기들은 찬찬희 나누자,C:\Users\yuyao\Desktop\fromm抓取\fromm_dump\01\window_0145.xml
,PM 11:04,선우,일단 오늘 하나 사진 던지고 갈게 ㄱㄷ,C:\Users\yuyao\Desktop\fromm抓取\fromm_dump\01\window_0145.xml
,PM 11:06,선우,아,C:\Users\yuyao\Desktop\fromm抓取\fromm_dump\01\window_0145.xml
,PM 11:06,선우,나 가야해,C:\Users\yuyao\Desktop\fromm抓取\fromm_dump\01\window_0146.xml
,PM 11:06,선우,이따,C:\Users\yuyao\Desktop\fromm抓取\fromm_dump\01\window_0146.xml
,PM 11:06,선우,ㄱㄷ,C:\Users\yuyao\Desktop\fromm抓取\fromm_dump\01\window_0146.xml
,PM 11:06,선우,ㅃ,C:\Users\yuyao\Desktop\fromm抓取\fromm_dump\01\window_0146.xml
,AM 1:29,선우,[media/no text],C:\Users\yuyao\Desktop\fromm抓取\fromm_dump\01\window_0147.xml
,AM 1:29,선우,일단 요정도! 이따 자고 또 들를게🫶,C:\Users\yuyao\Desktop\fromm抓取\fromm_dump\01\window_0151.xml
,PM 10:08,선우,바쁜 하루였다,C:\Users\yuyao\Desktop\fromm抓取\fromm_dump\01\window_0151.xml
,PM 10:08,선우,나ㅜ오늘 첨으로 오마카세 먹어봄,C:\Users\yuyao\Desktop\fromm抓取\fromm_dump\01\window_0151.xml
,PM 10:32,선우,비싼데,C:\Users\yuyao\Desktop\fromm抓取\fromm_dump\01\window_0151.xml
,PM 10:33,선우,맛있더라 ㅋ,C:\Users\yuyao\Desktop\fromm抓取\fromm_dump\01\window_0152.xml
,PM 10:33,선우,[media/no text],C:\Users\yuyao\Desktop\fromm抓取\fromm_dump\01\window_0152.xml
,PM 10:34,선우,[media/no text],C:\Users\yuyao\Desktop\fromm抓取\fromm_dump\01\window_0153.xml
,,선우,둘이 데이트함,C:\Users\yuyao\Desktop\fromm抓取\fromm_dump\01\window_0153.xml
,PM 10:34,선우,둘이 데이트함,C:\Users\yuyao\Desktop\fromm抓取\fromm_dump\01\window_0154.xml
,PM 10:34,선우,오랜만에,C:\Users\yuyao\Desktop\fromm抓取\fromm_dump\01\window_0154.xml
,PM 10:35,선우,런던 이후로 둘이 데이트는 오랸만 ㅎㅎ,C:\Users\yuyao\Desktop\fromm抓取\fromm_dump\01\window_0154.xml
,PM 10:39,선우,난 이제 씻구,C:\Users\yuyao\Desktop\fromm抓取\fromm_dump\01\window_0154.xml
,PM 10:39,선우,잘 준비하꺼야,C:\Users\yuyao\Desktop\fromm抓取\fromm_dump\01\window_0154.xml
,PM 10:40,선우,어제부터 밤새고 와서 3초컷 가능,C:\Users\yuyao\Desktop\fromm抓取\fromm_dump\01\window_0155.xml
,PM 10:40,선우,레슨땜에 멤버들 다 밤새서,C:\Users\yuyao\Desktop\fromm抓取\fromm_dump\01\window_0155.xml
,PM 10:40,선우,지금 제정신 없을 듯 아마 ㅋ,C:\Users\yuyao\Desktop\fromm抓取\fromm_dump\01\window_0155.xml
,PM 10:41,선우,씻고와서,C:\Users\yuyao\Desktop\fromm抓取\fromm_dump\01\window_0155.xml
,PM 10:41,선우,자기 전에,C:\Users\yuyao\Desktop\fromm抓取\fromm_dump\01\window_0155.xml
,PM 10:41,선우,연락주께🫶,C:\Users\yuyao\Desktop\fromm抓取\fromm_dump\01\window_0156.xml
,PM 11:51,선우,난 다 씻고 누웤ㅅ다,C:\Users\yuyao\Desktop\fromm抓取\fromm_dump\01\window_0156.xml
,PM 11:51,선우,진짜 바로 잔다 5초컷,C:\Users\yuyao\Desktop\fromm抓取\fromm_dump\01\window_0156.xml
,PM 11:52,선우,잘자고 오늘도 고생했어잉🫶 토요일이니까 푹 쉬자 ㅎㅎ,C:\Users\yuyao\Desktop\fromm抓取\fromm_dump\01\window_0156.xml
,PM 7:35,선우,아니 뭐야,C:\Users\yuyao\Desktop\fromm抓取\fromm_dump\01\window_0157.xml
,PM 7:36,선우,나 일본에서 카레 샀는데,C:\Users\yuyao\Desktop\fromm抓取\fromm_dump\01\window_0157.xml
,PM 7:36,선우,이거 돌려먹는 게 아니였네,C:\Users\yuyao\Desktop\fromm抓取\fromm_dump\01\window_0157.xml
,PM 7:36,선우,ㅋㅋㅋㅋㅋㅋㅋㅋㅋㅋㅋㅋㅋㅋㅋㅋㅋㅋㅋㅋㅋ,C:\Users\yuyao\Desktop\fromm抓取\fromm_dump\01\window_0157.xml
,,선우,아나,C:\Users\yuyao\Desktop\fromm抓取\fromm_dump\01\window_0157.xml
,PM 7:36,선우,아나,C:\Users\yuyao\Desktop\fromm抓取\fromm_dump\01\window_0158.xml
,PM 7:36,선우,가루 카레야;,C:\Users\yuyao\Desktop\fromm抓取\fromm_dump\01\window_0158.xml
,PM 7:36,선우,돈키호테 추천 템이여서 담았는데 ㅋ,C:\Users\yuyao\Desktop\fromm抓取\fromm_dump\01\window_0158.xml
,PM 7:37,선우,함 해봐?,C:\Users\yuyao\Desktop\fromm抓取\fromm_dump\01\window_0158.xml
,PM 7:37,선우,아,C:\Users\yuyao\Desktop\fromm抓取\fromm_dump\01\window_0158.xml
,PM 7:37,선우,방금,C:\Users\yuyao\Desktop\fromm抓取\fromm_dump\01\window_0159.xml
,PM 7:37,선우,뻥 안치고 가루 카레,C:\Users\yuyao\Desktop\fromm抓取\fromm_dump\01\window_0159.xml
,PM 7:37,선우,가레 카루라고 버낼 뻔,C:\Users\yuyao\Desktop\fromm抓取\fromm_dump\01\window_0159.xml
,PM 7:38,선우,가루카레 초딩 때 고모 따라 만든 거 이후로 처음 만들어보네,C:\Users\yuyao\Desktop\fromm抓取\fromm_dump\01\window_0159.xml
,PM 7:38,선우,재료가 없네 생각해보니까,C:\Users\yuyao\Desktop\fromm抓取\fromm_dump\01\window_0159.xml
,PM 7:39,선우,그냥 다른 사람 줘야게땅🤤,C:\Users\yuyao\Desktop\fromm抓取\fromm_dump\01\window_0160.xml
,PM 7:39,선우,나도 건강 생각해야지,C:\Users\yuyao\Desktop\fromm抓取\fromm_dump\01\window_0160.xml
,PM 7:39,선우,내 몸 내가 지켜야지,C:\Users\yuyao\Desktop\fromm抓取\fromm_dump\01\window_0160.xml
,PM 7:39,선우,내가 망칠 수 없음,C:\Users\yuyao\Desktop\fromm抓取\fromm_dump\01\window_0160.xml
,PM 7:40,선우,카레 잘 하는 분,C:\Users\yuyao\Desktop\fromm抓取\fromm_dump\01\window_0160.xml
,PM 7:40,선우,요리 잘하는 사람이 섹시해,C:\Users\yuyao\Desktop\fromm抓取\fromm_dump\01\window_0161.xml
,PM 7:40,선우,고로 난 귀요미다,C:\Users\yuyao\Desktop\fromm抓取\fromm_dump\01\window_0161.xml
,PM 7:41,선우,"ㅋㅋ 니도 귀요미일
듯",C:\Users\yuyao\Desktop\fromm抓取\fromm_dump\01\window_0161.xml
,PM 7:42,선우,그리고 진짜 브링그린 이게 되네,C:\Users\yuyao\Desktop\fromm抓取\fromm_dump\01\window_0161.xml
,PM 7:42,선우,"다시
한 번",C:\Users\yuyao\Desktop\fromm抓取\fromm_dump\01\window_0162.xml
,PM 7:42,선우,고맙다고 진심으로 말하께,C:\Users\yuyao\Desktop\fromm抓取\fromm_dump\01\window_0162.xml
,PM 7:43,선우,신기하지ㅜ않아? 그냥 이렇게 바라는 것들을 이루어지게 해주는 게 너의 힘이라는 게,C:\Users\yuyao\Desktop\fromm抓取\fromm_dump\01\window_0162.xml
,PM 7:43,선우,난 참 신기하고 고마움,C:\Users\yuyao\Desktop\fromm抓取\fromm_dump\01\window_0162.xml
,PM 7:43,선우,진짜 너가 해줬다는 게 빈말이 아닌게,C:\Users\yuyao\Desktop\fromm抓取\fromm_dump\01\window_0163.xml
,PM 7:43,선우,그냥 내가 모델 할래염! 으앙 뿌잉뿌잉 한다고 되는 게 아니잖아,C:\Users\yuyao\Desktop\fromm抓取\fromm_dump\01\window_0163.xml
,PM 7:44,선우,다 더비들이 찾아주고 협박해주고,C:\Users\yuyao\Desktop\fromm抓取\fromm_dump\01\window_0163.xml
,PM 7:44,선우,사실 안됐어도 전혀 상관없이 그냥 평소대로 사랑할 텐데,C:\Users\yuyao\Desktop\fromm抓取\fromm_dump\01\window_0163.xml
,PM 7:44,선우,자꾸 더 이유 만들어주지마라,C:\Users\yuyao\Desktop\fromm抓取\fromm_dump\01\window_0164.xml
,PM 7:45,선우,아니 사실 만들어줘,C:\Users\yuyao\Desktop\fromm抓取\fromm_dump\01\window_0164.xml
,PM 7:45,선우,아니 필요없어 그냥 존재만 해줘,C:\Users\yuyao\Desktop\fromm抓取\fromm_dump\01\window_0164.xml
,PM 7:45,선우,그냥 고맙다구 말하고 싶었어,C:\Users\yuyao\Desktop\fromm抓取\fromm_dump\01\window_0164.xml
,PM 7:46,선우,데뷔 어렵게 했는데 이왕한 거,C:\Users\yuyao\Desktop\fromm抓取\fromm_dump\01\window_0165.xml
,PM 7:46,선우,사랑도 많이 받아보고,C:\Users\yuyao\Desktop\fromm抓取\fromm_dump\01\window_0165.xml
,PM 7:46,선우,광고도 찍어보고,C:\Users\yuyao\Desktop\fromm抓取\fromm_dump\01\window_0165.xml
,PM 7:46,선우,다 아는 프로그램도 나가보고,C:\Users\yuyao\Desktop\fromm抓取\fromm_dump\01\window_0165.xml
,PM 7:46,선우,그러고 싶은 게 또 사람 마음인데,C:\Users\yuyao\Desktop\fromm抓取\fromm_dump\01\window_0165.xml
,PM 7:47,선우,그걸 다 이루어지게 해주는 존재들이 더비라는 게 진짜,C:\Users\yuyao\Desktop\fromm抓取\fromm_dump\01\window_0166.xml
,PM 7:47,선우,무한한 감사를 전합니다,C:\Users\yuyao\Desktop\fromm抓取\fromm_dump\01\window_0166.xml
,PM 7:49,선우,그래서 나도 정말 조금이라도 도움이 되주고 싶고 이기적인 마음이지만 힘든 일이 있거나 할 때 나를 생각해서 한 번 더 힘내줬으면 하는 그런 생각이 들고,C:\Users\yuyao\Desktop\fromm抓取\fromm_dump\01\window_0166.xml
,PM 7:49,선우,더비들이 힘날 수 있게 하는 이유 중에 하나가 나였으면 좋겠고 그런 마음이 생기는 것 같아 ㅎㅎ,C:\Users\yuyao\Desktop\fromm抓取\fromm_dump\01\window_0167.xml
,PM 7:51,선우,내가 어떤 영상에 어떤 글을 보고 되게 느낀 게 많았는데 농구였나 축구였나,C:\Users\yuyao\Desktop\fromm抓取\fromm_dump\01\window_0167.xml
,PM 7:51,선우,한낱 공놀이에 불과한 것에 의미를 더해주고 스타로 만들어주고 하는 건 다 팬이라는 존재 덕분이다 라는 글을 봤어가지고,C:\Users\yuyao\Desktop\fromm抓取\fromm_dump\01\window_0167.xml
,PM 7:52,선우,내가 잘나서가 아니라 날 사랑해주는 사람들이 있기 때문이라는 마음을 진짜 잊지 않도록 노력하께,C:\Users\yuyao\Desktop\fromm抓取\fromm_dump\01\window_0168.xml
,PM 7:53,선우,서로가 서로가 있기에 존재하는 거야~ 라고 말해주는 관계가 얼마나 예쁘고 감사한지 또 느껴!!!!! 고마워!!!!!!!!!!!!!!!!!!!!,C:\Users\yuyao\Desktop\fromm抓取\fromm_dump\01\window_0168.xml
,PM 7:55,선우,더비 덕분에 좋은 소식들 많이 들려줄 수 있을 것 같아 행복하게 기대하고 있어줘,C:\Users\yuyao\Desktop\fromm抓取\fromm_dump\01\window_0168.xml
,PM 7:56,선우,나도 더비가 좋아하고 자랑스러워할 것들 생각하면서 좋아하는 거 재밌게 만들어주께,C:\Users\yuyao\Desktop\fromm抓取\fromm_dump\01\window_0169.xml
,PM 7:58,선우,더비가 방치 안해주고 계속 플레이 해줘서 날 레벨업 하고 있는 겜 캐릭터라고 생각하면 지금 거의 난 피씨방 이벤트로 경험치 두배씩 줘서 성장하는 수준으로 더비가 사랑 많이 주고 있으니까 꼭 본인들을 자랑스럽고 대단한 사람이라고 생각해주길 바라... 진심으로...,C:\Users\yuyao\Desktop\fromm抓取\fromm_dump\01\window_0169.xml
,,선우,쪼렙 선우를 레벨업 시켜주셔서 감사합니다,C:\Users\yuyao\Desktop\fromm抓取\fromm_dump\01\window_0169.xml
,PM 7:59,선우,쪼렙 선우를 레벨업 시켜주셔서 감사합니다,C:\Users\yuyao\Desktop\fromm抓取\fromm_dump\01\window_0170.xml
,PM 7:59,선우,더비들이 자랑할 수 있는 더 멋진 캐릭터가 될게여,C:\Users\yuyao\Desktop\fromm抓取\fromm_dump\01\window_0170.xml
,PM 8:00,선우,코코볼 열심히 성장 중,C:\Users\yuyao\Desktop\fromm抓取\fromm_dump\01\window_0170.xml
,PM 8:00,선우,나중엔 엄청 큰 쪼꼬볼이 될테야,C:\Users\yuyao\Desktop\fromm抓取\fromm_dump\01\window_0170.xml
,PM 8:00,선우,알라뷰 헿,C:\Users\yuyao\Desktop\fromm抓取\fromm_dump\01\window_0170.xml
,PM 8:01,선우,난 스케쥴 마치고 씻고 자기 전에 또 들를게 !!! 너무 기다리지 말고 할 거 하고 이또✨🫶 사랑합니당,C:\Users\yuyao\Desktop\fromm抓取\fromm_dump\01\window_0171.xml
,PM 8:01,선우,뿅,C:\Users\yuyao\Desktop\fromm抓取\fromm_dump\01\window_0171.xml
,AM 1:56,선우,난 이제 잔다!!! 좋은 꿈 꿔 트레일러 잘 봐주고 ㅎㅎ😉 보람찬 하루였다!!!! 굿밤🫶,C:\Users\yuyao\Desktop\fromm抓取\fromm_dump\01\window_0171.xml
,AM 6:30,선우,뭐라고 보내야할지 생각이 너무 많아서 썼다 지웠다만 이백번 했네,C:\Users\yuyao\Desktop\fromm抓取\fromm_dump\01\window_0172.xml
,AM 6:37,선우,그냥 내 자리에서는,C:\Users\yuyao\Desktop\fromm抓取\fromm_dump\01\window_0172.xml
,AM 6:38,선우,더비한테 한 없이 미안하고 거짓없이 사랑한다고 밖엔,C:\Users\yuyao\Desktop\fromm抓取\fromm_dump\01\window_0172.xml
,AM 6:40,선우,그리고 뭐가 어떻게 되든 난 무대 위의 내가 좋고 그 모습을 사랑해주는 사람들을 사랑하고,C:\Users\yuyao\Desktop\fromm抓取\fromm_dump\01\window_0173.xml
,AM 6:42,선우,"안 힘들었으면 좋겠는데 근데 또 나 때문에 힘든 것 같고 
그래서 생각 정리 말 정리 하느라 좀 오래 걸렸네 걱정 했을 텐데",C:\Users\yuyao\Desktop\fromm抓取\fromm_dump\01\window_0173.xml
,AM 6:44,선우,그냥 계속 곁에 있어주는 사람들 너무 고맙고 끝 없이 미안하고 지쳐버린 사람들에게도 고맙고 미안하네,C:\Users\yuyao\Desktop\fromm抓取\fromm_dump\01\window_0173.xml
,AM 6:50,선우,내 걱정보단 너 자신부터 스스로 마음 다치지 않게 챙겼으면 하고 그냥 조건 없이사랑을 주는 더비들이 행복했으면 좋겠어,C:\Users\yuyao\Desktop\fromm抓取\fromm_dump\01\window_0174.xml
,AM 6:51,선우,"상황이 어찌되든 어떻게든 무대 더 보여줄 수 있게 모두 최선 다할 테니 아프지마 마음도 몸도 ,, 걱정돼",C:\Users\yuyao\Desktop\fromm抓取\fromm_dump\01\window_0174.xml
,AM 6:52,선우,너무 진지해서 드립쳐야할 것 같지만,C:\Users\yuyao\Desktop\fromm抓取\fromm_dump\01\window_0174.xml
,AM 6:52,선우,낄끼빠빠할게,C:\Users\yuyao\Desktop\fromm抓取\fromm_dump\01\window_0175.xml
,AM 6:52,선우,오늘도 힘내고!💕,C:\Users\yuyao\Desktop\fromm抓取\fromm_dump\01\window_0175.xml
,AM 6:53,선우,끝은 없어 그냥 계속 뭐가 됐든 달리다보면 나오겠지 길이던 진흙탕이던 걍 갈 거야 몰라,C:\Users\yuyao\Desktop\fromm抓取\fromm_dump\01\window_0175.xml
,AM 6:53,선우,잘 자,C:\Users\yuyao\Desktop\fromm抓取\fromm_dump\01\window_0175.xml
,AM 6:53,선우,아니지 굿모닝,C:\Users\yuyao\Desktop\fromm抓取\fromm_dump\01\window_0176.xml
,AM 6:53,선우,난 자니까,C:\Users\yuyao\Desktop\fromm抓取\fromm_dump\01\window_0176.xml
,AM 6:53,선우,사랑해,C:\Users\yuyao\Desktop\fromm抓取\fromm_dump\01\window_0176.xml
,AM 6:58,선우,생각이 많지 너도 근데 그럴 땐,C:\Users\yuyao\Desktop\fromm抓取\fromm_dump\01\window_0176.xml
,AM 6:58,선우,맛있는 밥 먹자 우선,C:\Users\yuyao\Desktop\fromm抓取\fromm_dump\01\window_0177.xml
,AM 6:59,선우,잠도 잘 자고!!!,C:\Users\yuyao\Desktop\fromm抓取\fromm_dump\01\window_0177.xml
,AM 7:01,선우,제이콥형이 유일하게 외운 사자성어,C:\Users\yuyao\Desktop\fromm抓取\fromm_dump\01\window_0177.xml
,AM 7:01,선우,고진감래 렛츠고,C:\Users\yuyao\Desktop\fromm抓取\fromm_dump\01\window_0177.xml
,,선우,나 진짜 잔다 이제 첫 운 떼는 거 성공 햌ㅎ으니까 비하인드 사진도 주고 할게,C:\Users\yuyao\Desktop\fromm抓取\fromm_dump\01\window_0177.xml
,AM 7:02,선우,나 진짜 잔다 이제 첫 운 떼는 거 성공 햌ㅎ으니까 비하인드 사진도 주고 할게,C:\Users\yuyao\Desktop\fromm抓取\fromm_dump\01\window_0178.xml
,AM 7:02,선우,뿅🫶,C:\Users\yuyao\Desktop\fromm抓取\fromm_dump\01\window_0178.xml
,PM 2:58,선우,오늘 보네 우리~~~~,C:\Users\yuyao\Desktop\fromm抓取\fromm_dump\01\window_0178.xml
,PM 2:58,선우,아돌라도 오랜만이야 ㅎㅎ,C:\Users\yuyao\Desktop\fromm抓取\fromm_dump\01\window_0178.xml
,,선우,하라메도 뜨고 여러가지 뜨기 시작하는 구만,C:\Users\yuyao\Desktop\fromm抓取\fromm_dump\01\window_0178.xml
,PM 2:58,선우,하라메도 뜨고 여러가지 뜨기 시작하는 구만,C:\Users\yuyao\Desktop\fromm抓取\fromm_dump\01\window_0179.xml
,PM 3:00,선우,잠은 잘 자또?,C:\Users\yuyao\Desktop\fromm抓取\fromm_dump\01\window_0179.xml
,PM 3:00,선우,난 적당히 자써 ㅎㅎㅎ,C:\Users\yuyao\Desktop\fromm抓取\fromm_dump\01\window_0179.xml
,PM 3:02,선우,컨텐츠들도 많이 나올 테니까 좀만 기다료~~~~,C:\Users\yuyao\Desktop\fromm抓取\fromm_dump\01\window_0179.xml
,PM 3:02,선우,필더베 랩 칭찬해줘서 고마어,C:\Users\yuyao\Desktop\fromm抓取\fromm_dump\01\window_0179.xml
,PM 3:02,선우,그정돈 자면서도 하지^^.,C:\Users\yuyao\Desktop\fromm抓取\fromm_dump\01\window_0180.xml
,PM 3:03,선우,나중에 무대에서 쩌는 라이브로 말아줄게 ㅋ,C:\Users\yuyao\Desktop\fromm抓取\fromm_dump\01\window_0180.xml
,PM 3:05,선우,무대나 하고 싶다,C:\Users\yuyao\Desktop\fromm抓取\fromm_dump\01\window_0180.xml
,PM 3:06,선우,나 근데 이제,C:\Users\yuyao\Desktop\fromm抓取\fromm_dump\01\window_0180.xml
,PM 3:06,선우,컴뱍하니까,C:\Users\yuyao\Desktop\fromm抓取\fromm_dump\01\window_0180.xml
,PM 3:06,선우,관리하는데,C:\Users\yuyao\Desktop\fromm抓取\fromm_dump\01\window_0181.xml
,PM 3:06,선우,브링그린 ㄹㅇ 좋더라,C:\Users\yuyao\Desktop\fromm抓取\fromm_dump\01\window_0181.xml
,PM 3:06,선우,너무 앞광고 같겠지만,C:\Users\yuyao\Desktop\fromm抓取\fromm_dump\01\window_0181.xml
,PM 3:07,선우,진짜 세럼 일주일만 써봐 진짜 느껴짐,C:\Users\yuyao\Desktop\fromm抓取\fromm_dump\01\window_0181.xml
,,선우,나 그거 스팟세럼인 줄 알고 좀 붉어진 부분에만 썼는데 그냥 다 바르는 거였더라,C:\Users\yuyao\Desktop\fromm抓取\fromm_dump\01\window_0181.xml
,PM 3:07,선우,나 그거 스팟세럼인 줄 알고 좀 붉어진 부분에만 썼는데 그냥 다 바르는 거였더라,C:\Users\yuyao\Desktop\fromm抓取\fromm_dump\01\window_0182.xml
,PM 3:08,선우,ㅋㅋㅋㅋㅋㅋㅋㅋㅋㅋㅋ,C:\Users\yuyao\Desktop\fromm抓取\fromm_dump\01\window_0182.xml
,PM 3:08,선우,이제 더비 피부도 내가 책임진다,C:\Users\yuyao\Desktop\fromm抓取\fromm_dump\01\window_0182.xml
,PM 3:08,선우,근데 내가 건성인지 지성인지,C:\Users\yuyao\Desktop\fromm抓取\fromm_dump\01\window_0182.xml
,PM 3:09,선우,어케 판단해?,C:\Users\yuyao\Desktop\fromm抓取\fromm_dump\01\window_0182.xml
,PM 3:09,선우,기름이 막 많지도 않은 것 같고 그렇다고,C:\Users\yuyao\Desktop\fromm抓取\fromm_dump\01\window_0183.xml
,PM 3:09,선우,엄청 건조하지도 않은 것 같음,C:\Users\yuyao\Desktop\fromm抓取\fromm_dump\01\window_0183.xml
,PM 3:09,선우,케바케임,C:\Users\yuyao\Desktop\fromm抓取\fromm_dump\01\window_0183.xml
,PM 3:09,선우,복합성이구나 그런 건,C:\Users\yuyao\Desktop\fromm抓取\fromm_dump\01\window_0183.xml
,PM 3:09,선우,하지만 난,C:\Users\yuyao\Desktop\fromm抓取\fromm_dump\01\window_0184.xml
,PM 3:10,선우,광합성인 걸,C:\Users\yuyao\Desktop\fromm抓取\fromm_dump\01\window_0184.xml
,PM 3:10,선우,세수하고 나면 땡기긴 함,C:\Users\yuyao\Desktop\fromm抓取\fromm_dump\01\window_0184.xml
,PM 3:10,선우,근데 그런 밸런스를 맞춰주는 게,C:\Users\yuyao\Desktop\fromm抓取\fromm_dump\01\window_0184.xml
,PM 3:10,선우,징크테카  ㅋ,C:\Users\yuyao\Desktop\fromm抓取\fromm_dump\01\window_0184.xml
,PM 3:10,선우,이제 그만할개,C:\Users\yuyao\Desktop\fromm抓取\fromm_dump\01\window_0185.xml
,PM 3:10,선우,게,C:\Users\yuyao\Desktop\fromm抓取\fromm_dump\01\window_0185.xml
,PM 3:11,선우,쨌든,C:\Users\yuyao\Desktop\fromm抓取\fromm_dump\01\window_0185.xml
,PM 3:11,선우,더비들,C:\Users\yuyao\Desktop\fromm抓取\fromm_dump\01\window_0185.xml
,PM 3:11,선우,잘 지내? ㅠㅜ,C:\Users\yuyao\Desktop\fromm抓取\fromm_dump\01\window_0185.xml
,PM 3:14,선우,나 최근에 엠비티아이 한번 더 해봤는데,C:\Users\yuyao\Desktop\fromm抓取\fromm_dump\01\window_0186.xml
,PM 3:14,선우,[media/no text],C:\Users\yuyao\Desktop\fromm抓取\fromm_dump\01\window_0186.xml
,PM 3:14,선우,또 이거 나왔어,C:\Users\yuyao\Desktop\fromm抓取\fromm_dump\01\window_0187.xml
,PM 3:14,선우,좀 바뀌었다고 스스로,C:\Users\yuyao\Desktop\fromm抓取\fromm_dump\01\window_0187.xml
,PM 3:14,선우,생각했었는데,C:\Users\yuyao\Desktop\fromm抓取\fromm_dump\01\window_0187.xml
,PM 3:14,선우,왜냐면,C:\Users\yuyao\Desktop\fromm抓取\fromm_dump\01\window_0187.xml
,PM 3:14,선우,좀,C:\Users\yuyao\Desktop\fromm抓取\fromm_dump\01\window_0187.xml
,PM 3:14,선우,i가 된 것 같아서...ㅎㅎ,C:\Users\yuyao\Desktop\fromm抓取\fromm_dump\01\window_0188.xml
,PM 3:15,선우,근데 엔팁이 e중에 제일i래,C:\Users\yuyao\Desktop\fromm抓取\fromm_dump\01\window_0188.xml
,PM 3:15,선우,i가 되고 싶은 e,C:\Users\yuyao\Desktop\fromm抓取\fromm_dump\01\window_0188.xml
,PM 3:15,선우,엠비티아이로 사람을 판단할 순 없긴한데,C:\Users\yuyao\Desktop\fromm抓取\fromm_dump\01\window_0188.xml
,PM 3:16,선우,살짝 뭐라하지,C:\Users\yuyao\Desktop\fromm抓取\fromm_dump\01\window_0188.xml
,PM 3:16,선우,껍데기는 대충,C:\Users\yuyao\Desktop\fromm抓取\fromm_dump\01\window_0189.xml
,PM 3:16,선우,맞는 듯 ㅋㅋ,C:\Users\yuyao\Desktop\fromm抓取\fromm_dump\01\window_0189.xml
,PM 3:16,선우,성향 파악용으로는,C:\Users\yuyao\Desktop\fromm抓取\fromm_dump\01\window_0189.xml
,PM 3:16,선우,이것만한 게 없어,C:\Users\yuyao\Desktop\fromm抓取\fromm_dump\01\window_0189.xml
,PM 3:16,선우,엠비티아이는 질리지 않아,C:\Users\yuyao\Desktop\fromm抓取\fromm_dump\01\window_0189.xml
,PM 3:16,선우,왜냐면,C:\Users\yuyao\Desktop\fromm抓取\fromm_dump\01\window_0190.xml
,PM 3:16,선우,엠비티아이 싫어하는 사람들 보면,C:\Users\yuyao\Desktop\fromm抓取\fromm_dump\01\window_0190.xml
,PM 3:16,선우,다 똑같은 엠비티아이인 것도,C:\Users\yuyao\Desktop\fromm抓取\fromm_dump\01\window_0190.xml
,PM 3:16,선우,엠비티아이의 신뢰도를 높여줌 ㅋㅋ,C:\Users\yuyao\Desktop\fromm抓取\fromm_dump\01\window_0190.xml
,PM 3:17,선우,뭐더라,C:\Users\yuyao\Desktop\fromm抓取\fromm_dump\01\window_0191.xml
,PM 3:17,선우,estj인가,C:\Users\yuyao\Desktop\fromm抓取\fromm_dump\01\window_0191.xml
,PM 3:17,선우,istj estj 들이,C:\Users\yuyao\Desktop\fromm抓取\fromm_dump\01\window_0191.xml
,PM 3:17,선우,엠비티아이 안 믿음 ㅋㅋ,C:\Users\yuyao\Desktop\fromm抓取\fromm_dump\01\window_0191.xml
,PM 3:17,선우,그것까지가 엠비티아이의 완성,C:\Users\yuyao\Desktop\fromm抓取\fromm_dump\01\window_0191.xml
,PM 3:18,선우,근데 나도 그건 싫음 엠비티아이로,C:\Users\yuyao\Desktop\fromm抓取\fromm_dump\01\window_0192.xml
,PM 3:18,선우,아 너 그런 사람이네,C:\Users\yuyao\Desktop\fromm抓取\fromm_dump\01\window_0192.xml
,PM 3:18,선우,이렇게 판단하는 건 싫지만,C:\Users\yuyao\Desktop\fromm抓取\fromm_dump\01\window_0192.xml
,PM 3:18,선우,그래도 대충 틀은 보이는 게 개꿀잼💕,C:\Users\yuyao\Desktop\fromm抓取\fromm_dump\01\window_0192.xml
,PM 3:19,선우,"나랑 잘 맞는 엠비티아이라 ,,,",C:\Users\yuyao\Desktop\fromm抓取\fromm_dump\01\window_0193.xml
,PM 3:19,선우,난 엔팁 ㅋㅋㅋㅋㅋㅋ,C:\Users\yuyao\Desktop\fromm抓取\fromm_dump\01\window_0193.xml
,PM 3:19,선우,아니면 인팁,C:\Users\yuyao\Desktop\fromm抓取\fromm_dump\01\window_0193.xml
,PM 3:19,선우,이엔에프피도 재밌음,C:\Users\yuyao\Desktop\fromm抓取\fromm_dump\01\window_0193.xml
,PM 3:20,선우,맨날 나 틱톡 찍어줬던 친구 엔프피인데,C:\Users\yuyao\Desktop\fromm抓取\fromm_dump\01\window_0193.xml
,PM 3:20,선우,놀리는 거 꿀잼,C:\Users\yuyao\Desktop\fromm抓取\fromm_dump\01\window_0194.xml
,PM 3:20,선우,뭐만하면 서운해하는 게 넘 웃김,C:\Users\yuyao\Desktop\fromm抓取\fromm_dump\01\window_0194.xml
,PM 3:20,선우,리액션이 크고 눈망울이 맑으면 거의 엔프피더라,C:\Users\yuyao\Desktop\fromm抓取\fromm_dump\01\window_0194.xml
,PM 3:21,선우,엔프제도 잘 맞는 것 같고,C:\Users\yuyao\Desktop\fromm抓取\fromm_dump\01\window_0194.xml
,PM 3:21,선우,사실 난 다 잘 맞음,C:\Users\yuyao\Desktop\fromm抓取\fromm_dump\01\window_0195.xml
,PM 3:21,선우,근데 잇프제랑은 안 맞을 듯,C:\Users\yuyao\Desktop\fromm抓取\fromm_dump\01\window_0195.xml
,PM 3:21,선우,다 반대자나,C:\Users\yuyao\Desktop\fromm抓取\fromm_dump\01\window_0195.xml
,PM 3:21,선우,아닌가,C:\Users\yuyao\Desktop\fromm抓取\fromm_dump\01\window_0195.xml
,PM 3:21,선우,다 반대여서 흥미로울라나,C:\Users\yuyao\Desktop\fromm抓取\fromm_dump\01\window_0195.xml
,PM 3:22,선우,인프피 잘맞아,C:\Users\yuyao\Desktop\fromm抓取\fromm_dump\01\window_0196.xml
,PM 3:22,선우,놀리고 위로해주고 웃겨주기 딱 좋음,C:\Users\yuyao\Desktop\fromm抓取\fromm_dump\01\window_0196.xml
,PM 5:51,선우,"아 갑자기 일이
생겨섴",C:\Users\yuyao\Desktop\fromm抓取\fromm_dump\01\window_0196.xml
,PM 5:51,선우,지금은 헤메 중,C:\Users\yuyao\Desktop\fromm抓取\fromm_dump\01\window_0196.xml
,PM 5:52,선우,왜 헤메하냐고는 뭐냐,C:\Users\yuyao\Desktop\fromm抓取\fromm_dump\01\window_0196.xml
,PM 5:52,선우,아돌라 하잖아아ㅏ아아아아ㅏ!!!!!!!!,C:\Users\yuyao\Desktop\fromm抓取\fromm_dump\01\window_0197.xml
,PM 5:52,선우,스파이 검거,C:\Users\yuyao\Desktop\fromm抓取\fromm_dump\01\window_0197.xml
,PM 5:53,선우,오늘은 트뤠줘 나오는 날,C:\Users\yuyao\Desktop\fromm抓取\fromm_dump\01\window_0197.xml
,PM 5:53,선우,지훈이랑 만나자만나자 했는데 바빠서 못 만났는데,C:\Users\yuyao\Desktop\fromm抓取\fromm_dump\01\window_0197.xml
,PM 5:53,선우,여기서 만나네 ㅋ,C:\Users\yuyao\Desktop\fromm抓取\fromm_dump\01\window_0198.xml
,PM 5:53,선우,지훈이랑 맞짱까야지,C:\Users\yuyao\Desktop\fromm抓取\fromm_dump\01\window_0198.xml
,PM 5:54,선우,지훈이 유도 배워서 옷깃만 안 잡히면 됨,C:\Users\yuyao\Desktop\fromm抓取\fromm_dump\01\window_0198.xml
,PM 5:54,선우,난 이번 앨범 컨셉처럼 복싱으로 간다,C:\Users\yuyao\Desktop\fromm抓取\fromm_dump\01\window_0198.xml
,PM 5:54,선우,응원해줘!,C:\Users\yuyao\Desktop\fromm抓取\fromm_dump\01\window_0198.xml
,PM 5:54,선우,스텝 연습 많이 해서,C:\Users\yuyao\Desktop\fromm抓取\fromm_dump\01\window_0199.xml
,PM 5:55,선우,빨리 도망갈 수 있을 듯,C:\Users\yuyao\Desktop\fromm抓取\fromm_dump\01\window_0199.xml
,PM 6:00,선우,옷 갈중,C:\Users\yuyao\Desktop\fromm抓取\fromm_dump\01\window_0199.xml
,PM 6:01,선우,이거이거 안되겠네,C:\Users\yuyao\Desktop\fromm抓取\fromm_dump\01\window_0199.xml
,PM 6:01,선우,중간과정좀 이 캐웃기네,C:\Users\yuyao\Desktop\fromm抓取\fromm_dump\01\window_0199.xml
,PM 6:02,선우,이제 개는 캐로 표현하겠습니다,C:\Users\yuyao\Desktop\fromm抓取\fromm_dump\01\window_0200.xml
,PM 6:02,선우,개는 너무 현실말투,C:\Users\yuyao\Desktop\fromm抓取\fromm_dump\01\window_0200.xml
,PM 6:02,선우,댕으로 가자 그래,C:\Users\yuyao\Desktop\fromm抓取\fromm_dump\01\window_0200.xml
,PM 6:02,선우,댕이 좋다,C:\Users\yuyao\Desktop\fromm抓取\fromm_dump\01\window_0200.xml
,,선우,댕이 좀 짜침몬스터라는 글을 봤는데,C:\Users\yuyao\Desktop\fromm抓取\fromm_dump\01\window_0200.xml
,PM 6:03,선우,댕이 좀 짜침몬스터라는 글을 봤는데,C:\Users\yuyao\Desktop\fromm抓取\fromm_dump\01\window_0201.xml
,PM 6:04,선우,짜침 몬스터만큼 짜치는 말을 본 적이 없는 듯,C:\Users\yuyao\Desktop\fromm抓取\fromm_dump\01\window_0201.xml
,PM 6:04,선우,ㅋㅋㅋㅋㅋㅋㅋㅋㅋㅋㅋㅋㅋㅋㅋㅋㅋㅋㅋㅋㅋ,C:\Users\yuyao\Desktop\fromm抓取\fromm_dump\01\window_0201.xml
,PM 6:04,선우,짜침몬스터 킹받네,C:\Users\yuyao\Desktop\fromm抓取\fromm_dump\01\window_0201.xml
,PM 6:07,선우,[media/no text],C:\Users\yuyao\Desktop\fromm抓取\fromm_dump\01\window_0202.xml
,PM 6:07,선우,냠냠,C:\Users\yuyao\Desktop\fromm抓取\fromm_dump\01\window_0202.xml
,PM 6:08,선우,운동 안하긴 하는데,C:\Users\yuyao\Desktop\fromm抓取\fromm_dump\01\window_0202.xml
,PM 6:08,선우,담백한 걸 먹고 싶어서,C:\Users\yuyao\Desktop\fromm抓取\fromm_dump\01\window_0203.xml
,PM 6:08,선우,단백한 걸 골랐어,C:\Users\yuyao\Desktop\fromm抓取\fromm_dump\01\window_0203.xml
,PM 6:08,선우,누가 나 운동한대?,C:\Users\yuyao\Desktop\fromm抓取\fromm_dump\01\window_0203.xml
,PM 6:08,선우,나 운동 안하늗뎈,C:\Users\yuyao\Desktop\fromm抓取\fromm_dump\01\window_0203.xml
,,선우,"난 좀 여유로울 때 하고 싶어,, 아직 짬내서 운동할 정도로의 욕심은 없음",C:\Users\yuyao\Desktop\fromm抓取\fromm_dump\01\window_0203.xml
,PM 6:09,선우,"난 좀 여유로울 때 하고 싶어,, 아직 짬내서 운동할 정도로의 욕심은 없음",C:\Users\yuyao\Desktop\fromm抓取\fromm_dump\01\window_0204.xml
,PM 6:10,선우,나 유리몸이라 그거 보완할 등운동 어깨운동만 좀,C:\Users\yuyao\Desktop\fromm抓取\fromm_dump\01\window_0204.xml
,PM 6:10,선우,시간 여유롭고 좀 있을 때 천천히 시작해볼 거임,C:\Users\yuyao\Desktop\fromm抓取\fromm_dump\01\window_0204.xml
,PM 6:10,선우,응원해조,C:\Users\yuyao\Desktop\fromm抓取\fromm_dump\01\window_0204.xml
,PM 6:11,선우,운동하지말라해도 할 거임,C:\Users\yuyao\Desktop\fromm抓取\fromm_dump\01\window_0204.xml
,PM 6:11,선우,이건 나으 건강 문제니까 ㅋ,C:\Users\yuyao\Desktop\fromm抓取\fromm_dump\01\window_0205.xml
,PM 6:12,선우,"벌크업(x)차피 하지도 못함
안 다칠 정도의 근육을 만들고 
핏은 더 예쁘게 얼굴 힘줘서 얼굴 안 커지게(O)",C:\Users\yuyao\Desktop\fromm抓取\fromm_dump\01\window_0205.xml
,PM 6:12,선우,됐지?,C:\Users\yuyao\Desktop\fromm抓取\fromm_dump\01\window_0205.xml
,PM 6:12,선우,내가 원하는 걸 모를까봐~^^,C:\Users\yuyao\Desktop\fromm抓取\fromm_dump\01\window_0205.xml
,PM 6:12,선우,ㅎㅎ,C:\Users\yuyao\Desktop\fromm抓取\fromm_dump\01\window_0206.xml
,PM 6:13,선우,내 몸자체가 짜피 우락부락이 안되는 몸이라서 ㅋ,C:\Users\yuyao\Desktop\fromm抓取\fromm_dump\01\window_0206.xml
,PM 6:14,선우,댓글에도 있내,C:\Users\yuyao\Desktop\fromm抓取\fromm_dump\01\window_0206.xml
,PM 6:14,선우,네,C:\Users\yuyao\Desktop\fromm抓取\fromm_dump\01\window_0206.xml
,,선우,축그할 때도 허벅지만 굵어졌지,C:\Users\yuyao\Desktop\fromm抓取\fromm_dump\01\window_0206.xml
,PM 6:14,선우,축그할 때도 허벅지만 굵어졌지,C:\Users\yuyao\Desktop\fromm抓取\fromm_dump\01\window_0207.xml
,PM 6:14,선우,종아리는 에이블리 종아리임,C:\Users\yuyao\Desktop\fromm抓取\fromm_dump\01\window_0207.xml
,PM 6:14,선우,"어떻게 아냐니,,, 그대들이 에이블리 종아리라고 하는 걸 이만번 정도는 들었어서,,",C:\Users\yuyao\Desktop\fromm抓取\fromm_dump\01\window_0207.xml
,PM 6:14,선우,✨,C:\Users\yuyao\Desktop\fromm抓取\fromm_dump\01\window_0207.xml
,PM 6:15,선우,나 트위터 안하는데,C:\Users\yuyao\Desktop\fromm抓取\fromm_dump\01\window_0207.xml
,PM 6:15,선우,x하는데 ㅋㅋ,C:\Users\yuyao\Desktop\fromm抓取\fromm_dump\01\window_0208.xml
,PM 6:15,선우,재밌음,C:\Users\yuyao\Desktop\fromm抓取\fromm_dump\01\window_0208.xml
,PM 6:16,선우,반응보고 서로 피드백하고 팬들끼리 소통하고 좋다 싫다 하고 이런 거 보는 게 넘 재미떠,C:\Users\yuyao\Desktop\fromm抓取\fromm_dump\01\window_0208.xml
,PM 6:18,선우,근데 상처 안 받아,C:\Users\yuyao\Desktop\fromm抓取\fromm_dump\01\window_0208.xml
,PM 6:18,선우,맞말도 넘 많아서,C:\Users\yuyao\Desktop\fromm抓取\fromm_dump\01\window_0209.xml
,PM 6:18,선우,그건 그렇네 저건 저렇네 이렇게 생각할 수 있겠구나 오호 이런 느낌이지,C:\Users\yuyao\Desktop\fromm抓取\fromm_dump\01\window_0209.xml
,PM 6:22,선우,"이 일이 또 사람이 다 그런 거지 뭐,, 가십이 일상인 직업이라서",C:\Users\yuyao\Desktop\fromm抓取\fromm_dump\01\window_0209.xml
,PM 6:22,선우,인정하고 넘기는 거지 머,C:\Users\yuyao\Desktop\fromm抓取\fromm_dump\01\window_0209.xml
,PM 6:23,선우,솔직히 이제,C:\Users\yuyao\Desktop\fromm抓取\fromm_dump\01\window_0210.xml
,PM 6:23,선우,사랑하는 사람들의 따끔한 충고와,C:\Users\yuyao\Desktop\fromm抓取\fromm_dump\01\window_0210.xml
,PM 6:23,선우,진심도 아니면서 비난만 해대는 건,C:\Users\yuyao\Desktop\fromm抓取\fromm_dump\01\window_0210.xml
,PM 6:23,선우,구분 할 줄 알아서,C:\Users\yuyao\Desktop\fromm抓取\fromm_dump\01\window_0210.xml
,PM 6:23,선우,걱정마,C:\Users\yuyao\Desktop\fromm抓取\fromm_dump\01\window_0210.xml
,PM 6:24,선우,상처는 너가 더 받을 듯 너도 상처 받지망🥰,C:\Users\yuyao\Desktop\fromm抓取\fromm_dump\01\window_0211.xml
,PM 6:24,선우,"더비들이 보여준 마음들이 있는데,,,,",C:\Users\yuyao\Desktop\fromm抓取\fromm_dump\01\window_0211.xml
,PM 6:25,선우,"함부로 판단안해,, 소중한 마음들이니까 진짜루",C:\Users\yuyao\Desktop\fromm抓取\fromm_dump\01\window_0211.xml
,PM 6:25,선우,그래서 더 화나고 더 속상하고,C:\Users\yuyao\Desktop\fromm抓取\fromm_dump\01\window_0211.xml
,PM 6:25,선우,더 슬픈 거자나,C:\Users\yuyao\Desktop\fromm抓取\fromm_dump\01\window_0212.xml
,PM 6:25,선우,안 사랑하면 안 그래,C:\Users\yuyao\Desktop\fromm抓取\fromm_dump\01\window_0212.xml
,PM 6:25,선우,사랑하면 더 바라게 되는 거야 쩔 수 없이,C:\Users\yuyao\Desktop\fromm抓取\fromm_dump\01\window_0212.xml
,PM 6:26,선우,한 50년 되면 바라는 게 없어지는 사랑의 형태가 되겠지 그 전까지는,C:\Users\yuyao\Desktop\fromm抓取\fromm_dump\01\window_0212.xml
,PM 6:26,선우,바라는 사랑의 형태가 맞는 거고,C:\Users\yuyao\Desktop\fromm抓取\fromm_dump\01\window_0213.xml
,PM 6:26,선우,다 흐름이 있자나,C:\Users\yuyao\Desktop\fromm抓取\fromm_dump\01\window_0213.xml
,PM 6:26,선우,"그래서 많이 사랑해주는 구나,, 그래서 진짜 더비들이",C:\Users\yuyao\Desktop\fromm抓取\fromm_dump\01\window_0213.xml
,PM 6:26,선우,"사랑에 강하고 사랑에 약하구나,,",C:\Users\yuyao\Desktop\fromm抓取\fromm_dump\01\window_0213.xml
,,선우,싶어,C:\Users\yuyao\Desktop\fromm抓取\fromm_dump\01\window_0213.xml
,PM 6:26,선우,싶어,C:\Users\yuyao\Desktop\fromm抓取\fromm_dump\01\window_0214.xml
,PM 6:31,선우,그 맘 우리도 똑같으니까,C:\Users\yuyao\Desktop\fromm抓取\fromm_dump\01\window_0214.xml
,PM 6:31,선우,지켜바바,C:\Users\yuyao\Desktop\fromm抓取\fromm_dump\01\window_0214.xml
,PM 6:36,선우,"근데 지금은 말만 할 수 밖에 없는 게 뭐가 수정이 되어도 시간차가 있으니까 기다려달라는 말 밖엔,,,,",C:\Users\yuyao\Desktop\fromm抓取\fromm_dump\01\window_0214.xml
,PM 6:36,선우,ㅋㅋㅋㅋㅋㅋㅋㅋㅋㅋㅋㅋㅋㅋㅋㅋ,C:\Users\yuyao\Desktop\fromm抓取\fromm_dump\01\window_0214.xml
,PM 6:36,선우,ㅠ,C:\Users\yuyao\Desktop\fromm抓取\fromm_dump\01\window_0215.xml
,PM 6:38,선우,또 속는 것 같겠지먼,C:\Users\yuyao\Desktop\fromm抓取\fromm_dump\01\window_0215.xml
,PM 6:38,선우,한 번만 더 속아봐,C:\Users\yuyao\Desktop\fromm抓取\fromm_dump\01\window_0215.xml
,PM 6:38,선우,아니 속인다는 건 아니곸,C:\Users\yuyao\Desktop\fromm抓取\fromm_dump\01\window_0215.xml
,PM 6:40,선우,프롬주기 어때,C:\Users\yuyao\Desktop\fromm抓取\fromm_dump\01\window_0215.xml
,PM 6:40,선우,아 별로구나,C:\Users\yuyao\Desktop\fromm抓取\fromm_dump\01\window_0216.xml
,PM 6:40,선우,ㅈㅅ,C:\Users\yuyao\Desktop\fromm抓取\fromm_dump\01\window_0216.xml
,PM 6:41,선우,솔직히,C:\Users\yuyao\Desktop\fromm抓取\fromm_dump\01\window_0216.xml
,PM 6:43,선우,억지로 안 와 근데 아 이게 내가,C:\Users\yuyao\Desktop\fromm抓取\fromm_dump\01\window_0216.xml
,PM 6:43,선우,스몰토크 하는 습관 좀,C:\Users\yuyao\Desktop\fromm抓取\fromm_dump\01\window_0217.xml
,PM 6:43,선우,길러야겠다,C:\Users\yuyao\Desktop\fromm抓取\fromm_dump\01\window_0217.xml
,PM 6:43,선우,나 진짜 누가 뭐 오늘 어땠냐 인터뷰나 뭐나 부모님이 질문해도,C:\Users\yuyao\Desktop\fromm抓取\fromm_dump\01\window_0217.xml
,PM 6:43,선우,그냥 그랬어,C:\Users\yuyao\Desktop\fromm抓取\fromm_dump\01\window_0217.xml
,PM 6:43,선우,내 이야기를 세세하게 푸는 게 요새 넘 어려움,C:\Users\yuyao\Desktop\fromm抓取\fromm_dump\01\window_0217.xml
,PM 6:45,선우,선우의 하루처럼 일기를 여따 남겨볼까,C:\Users\yuyao\Desktop\fromm抓取\fromm_dump\01\window_0218.xml
,PM 6:45,선우,그럼 이렇게 해보자,C:\Users\yuyao\Desktop\fromm抓取\fromm_dump\01\window_0218.xml
,PM 6:45,선우,내 오늘 하루가 어땠는지 나도,C:\Users\yuyao\Desktop\fromm抓取\fromm_dump\01\window_0218.xml
,PM 6:45,선우,되짚어보고,C:\Users\yuyao\Desktop\fromm抓取\fromm_dump\01\window_0218.xml
,PM 6:46,선우,생각할 겸,C:\Users\yuyao\Desktop\fromm抓取\fromm_dump\01\window_0219.xml
,PM 6:46,선우,내 감정을 좀 써보는 것부터 해봐야겠다,C:\Users\yuyao\Desktop\fromm抓取\fromm_dump\01\window_0219.xml
,PM 6:46,선우,물론 매일 그럴 수 있다는 건 아님,C:\Users\yuyao\Desktop\fromm抓取\fromm_dump\01\window_0219.xml
,PM 6:46,선우,"나도 날 알아서 너도 나 알 듯이^.^.^.., ㅎㅎ",C:\Users\yuyao\Desktop\fromm抓取\fromm_dump\01\window_0219.xml
,,선우,나도 말만 했다가 많이 혼나봐서 ㅋ,C:\Users\yuyao\Desktop\fromm抓取\fromm_dump\01\window_0219.xml
,PM 6:49,선우,나도 말만 했다가 많이 혼나봐서 ㅋ,C:\Users\yuyao\Desktop\fromm抓取\fromm_dump\01\window_0220.xml
,PM 6:49,선우,물론 말만 할 거라고 생각한 적 없고 진짜 그래야지 !! 라고 생각했지만ㅋ,C:\Users\yuyao\Desktop\fromm抓取\fromm_dump\01\window_0220.xml
,PM 6:49,선우,그래두 나 오래 하자나💕💕💕💕💕,C:\Users\yuyao\Desktop\fromm抓取\fromm_dump\01\window_0220.xml
,PM 6:50,선우,쨌든 난 오늘,C:\Users\yuyao\Desktop\fromm抓取\fromm_dump\01\window_0220.xml
,,선우,너무 졸려서,C:\Users\yuyao\Desktop\fromm抓取\fromm_dump\01\window_0220.xml
,PM 6:50,선우,너무 졸려서,C:\Users\yuyao\Desktop\fromm抓取\fromm_dump\01\window_0221.xml
,PM 6:50,선우,낮에 밥 안 먹구,C:\Users\yuyao\Desktop\fromm抓取\fromm_dump\01\window_0221.xml
,PM 6:50,선우,멤버들 밥 먹을 때 자고 연습하구,C:\Users\yuyao\Desktop\fromm抓取\fromm_dump\01\window_0221.xml
,PM 6:51,선우,배 안고파서 닭바스트 먹고,C:\Users\yuyao\Desktop\fromm抓取\fromm_dump\01\window_0221.xml
,PM 6:51,선우,아돌라 가는 중,C:\Users\yuyao\Desktop\fromm抓取\fromm_dump\01\window_0221.xml
,PM 6:51,선우,나 어제는,C:\Users\yuyao\Desktop\fromm抓取\fromm_dump\01\window_0222.xml
,PM 6:51,선우,고기에 껍데기에 냉면에 김치볶음밥에,C:\Users\yuyao\Desktop\fromm抓取\fromm_dump\01\window_0222.xml
,PM 6:51,선우,그냥 청소기처럼 다 먹음,C:\Users\yuyao\Desktop\fromm抓取\fromm_dump\01\window_0222.xml
,PM 6:51,선우,고기 불닭소스 사서,C:\Users\yuyao\Desktop\fromm抓取\fromm_dump\01\window_0222.xml
,PM 6:52,선우,찍어먹어 껍데기랑,C:\Users\yuyao\Desktop\fromm抓取\fromm_dump\01\window_0222.xml
,PM 6:52,선우,세상에사 제일 맛있어,C:\Users\yuyao\Desktop\fromm抓取\fromm_dump\01\window_0223.xml
,PM 6:52,선우,너는 뭐 먹었냐,C:\Users\yuyao\Desktop\fromm抓取\fromm_dump\01\window_0223.xml
,PM 6:52,선우,나보다 잘 먹은 사람 나와봐,C:\Users\yuyao\Desktop\fromm抓取\fromm_dump\01\window_0223.xml
,PM 6:55,선우,더 먹어라,C:\Users\yuyao\Desktop\fromm抓取\fromm_dump\01\window_0223.xml
,PM 6:55,선우,그게 뭐냐?,C:\Users\yuyao\Desktop\fromm抓取\fromm_dump\01\window_0223.xml
,PM 6:55,선우,그게 끼니냐,C:\Users\yuyao\Desktop\fromm抓取\fromm_dump\01\window_0224.xml
,PM 6:55,선우,아 어머니 밥상이라고,C:\Users\yuyao\Desktop\fromm抓取\fromm_dump\01\window_0224.xml
,PM 6:55,선우,진짜,C:\Users\yuyao\Desktop\fromm抓取\fromm_dump\01\window_0224.xml
,PM 6:55,선우,진수성찬,C:\Users\yuyao\Desktop\fromm抓取\fromm_dump\01\window_0224.xml
,PM 6:55,선우,예전에 왕들도 그렇게 식사하셨을 듯 ㅋㅋ,C:\Users\yuyao\Desktop\fromm抓取\fromm_dump\01\window_0224.xml
,PM 6:56,선우,탈ㄹ룰라는 늘 당황스러워,C:\Users\yuyao\Desktop\fromm抓取\fromm_dump\01\window_0225.xml
,PM 6:57,선우,난 엄마 집 밥 못 먹은지 15년은 넘었지,C:\Users\yuyao\Desktop\fromm抓取\fromm_dump\01\window_0225.xml
,PM 6:58,선우,다 으른들의 사정이 있는 거야 ~,C:\Users\yuyao\Desktop\fromm抓取\fromm_dump\01\window_0225.xml
,PM 6:58,선우,울 엄마 밥 맛있음,C:\Users\yuyao\Desktop\fromm抓取\fromm_dump\01\window_0225.xml
,PM 6:58,선우,나 요리,C:\Users\yuyao\Desktop\fromm抓取\fromm_dump\01\window_0226.xml
,PM 6:58,선우,배우고 싶더라,C:\Users\yuyao\Desktop\fromm抓取\fromm_dump\01\window_0226.xml
,PM 6:58,선우,나중에,C:\Users\yuyao\Desktop\fromm抓取\fromm_dump\01\window_0226.xml
,PM 6:59,선우,그래도 혼자 기본적인 건 해야히지 않나,C:\Users\yuyao\Desktop\fromm抓取\fromm_dump\01\window_0226.xml
,PM 6:59,선우,싶어서,C:\Users\yuyao\Desktop\fromm抓取\fromm_dump\01\window_0226.xml
,PM 6:59,선우,왜내면 내가 요리 잘하면,C:\Users\yuyao\Desktop\fromm抓取\fromm_dump\01\window_0227.xml
,PM 6:59,선우,섹시할 것 같아서,C:\Users\yuyao\Desktop\fromm抓取\fromm_dump\01\window_0227.xml
,PM 6:59,선우,컨텐츠 보면 알겠지만,C:\Users\yuyao\Desktop\fromm抓取\fromm_dump\01\window_0227.xml
,PM 7:00,선우,내가 손이 큰 편이더라,C:\Users\yuyao\Desktop\fromm抓取\fromm_dump\01\window_0227.xml
,,선우,미역국 하는데 검정고무신 마냥 마을 사람 다 모여야 딱 맞는 양이더라고,C:\Users\yuyao\Desktop\fromm抓取\fromm_dump\01\window_0227.xml
,PM 7:00,선우,미역국 하는데 검정고무신 마냥 마을 사람 다 모여야 딱 맞는 양이더라고,C:\Users\yuyao\Desktop\fromm抓取\fromm_dump\01\window_0228.xml
,PM 7:00,선우,내가 만든 미역국 먹으면 물 마시면 미역 다 불어서 입으로 나올 정도임,C:\Users\yuyao\Desktop\fromm抓取\fromm_dump\01\window_0228.xml
,PM 7:01,선우,그래도 맛있어서 깜놀 ㅋㅋ,C:\Users\yuyao\Desktop\fromm抓取\fromm_dump\01\window_0228.xml
,PM 7:01,선우,요리까지 잘하면 어쩌려고 김선우,C:\Users\yuyao\Desktop\fromm抓取\fromm_dump\01\window_0228.xml
,PM 7:01,선우,적당히 해,C:\Users\yuyao\Desktop\fromm抓取\fromm_dump\01\window_0228.xml
,PM 7:01,선우,그만 완벽해져,C:\Users\yuyao\Desktop\fromm抓取\fromm_dump\01\window_0229.xml
,PM 7:02,선우,이러면 밸런스가 안 맞잖아 ㅋㅋ,C:\Users\yuyao\Desktop\fromm抓取\fromm_dump\01\window_0229.xml
,PM 7:02,선우,나 그정도 아니야?,C:\Users\yuyao\Desktop\fromm抓取\fromm_dump\01\window_0229.xml
,PM 7:02,선우,아라쪄 헤헤헤💕,C:\Users\yuyao\Desktop\fromm抓取\fromm_dump\01\window_0229.xml
,,선우,자의식 과잉,C:\Users\yuyao\Desktop\fromm抓取\fromm_dump\01\window_0229.xml
,PM 7:03,선우,자의식 과잉,C:\Users\yuyao\Desktop\fromm抓取\fromm_dump\01\window_0230.xml
,PM 7:03,선우,엔팁 특,C:\Users\yuyao\Desktop\fromm抓取\fromm_dump\01\window_0230.xml
,PM 7:03,선우,엠비티아이 또 돌아오네,C:\Users\yuyao\Desktop\fromm抓取\fromm_dump\01\window_0230.xml
,PM 7:03,선우,지겹겠다,C:\Users\yuyao\Desktop\fromm抓取\fromm_dump\01\window_0230.xml
,PM 7:03,선우,어 알아 안 지겨운 거,C:\Users\yuyao\Desktop\fromm抓取\fromm_dump\01\window_0230.xml
,,선우,그냥 하는 말이야,C:\Users\yuyao\Desktop\fromm抓取\fromm_dump\01\window_0230.xml
,PM 7:03,선우,그냥 하는 말이야,C:\Users\yuyao\Desktop\fromm抓取\fromm_dump\01\window_0231.xml
,PM 7:06,선우,누가 밴드부 합격 했대,C:\Users\yuyao\Desktop\fromm抓取\fromm_dump\01\window_0231.xml
,PM 7:06,선우,박수,C:\Users\yuyao\Desktop\fromm抓取\fromm_dump\01\window_0231.xml
,PM 7:06,선우,밴드부 선배로서 말할게,C:\Users\yuyao\Desktop\fromm抓取\fromm_dump\01\window_0231.xml
,PM 7:07,선우,"밴드부는 ,, 언어가 악기야,, 소통은 ,,,, 합주로 하는 거야,,skrr",C:\Users\yuyao\Desktop\fromm抓取\fromm_dump\01\window_0231.xml
,PM 7:08,선우,댄스부 합격했대,C:\Users\yuyao\Desktop\fromm抓取\fromm_dump\01\window_0232.xml
,PM 7:08,선우,박수,C:\Users\yuyao\Desktop\fromm抓取\fromm_dump\01\window_0232.xml
,PM 7:08,선우,댄스부 선배로서 말할게,C:\Users\yuyao\Desktop\fromm抓取\fromm_dump\01\window_0232.xml
,PM 7:09,선우,"댄스부는,, 언어가 춤이야,, 소통은",C:\Users\yuyao\Desktop\fromm抓取\fromm_dump\01\window_0232.xml
,,선우,소통할 땐 말로 해 걍 댄스부는,C:\Users\yuyao\Desktop\fromm抓取\fromm_dump\01\window_0232.xml
,PM 7:09,선우,소통할 땐 말로 해 걍 댄스부는,C:\Users\yuyao\Desktop\fromm抓取\fromm_dump\01\window_0233.xml
,PM 7:10,선우,방송부 합격 했어?,C:\Users\yuyao\Desktop\fromm抓取\fromm_dump\01\window_0233.xml
,PM 7:10,선우,더보이즈 영상만 틀어라,C:\Users\yuyao\Desktop\fromm抓取\fromm_dump\01\window_0233.xml
,PM 7:10,선우,실시,C:\Users\yuyao\Desktop\fromm抓取\fromm_dump\01\window_0233.xml
,PM 7:10,선우,합격한 게 아무 것도 없다고?,C:\Users\yuyao\Desktop\fromm抓取\fromm_dump\01\window_0233.xml
,,선우,ㅋㅋ 넌 내 여자 합격,C:\Users\yuyao\Desktop\fromm抓取\fromm_dump\01\window_0233.xml
,PM 7:11,선우,ㅋㅋ 넌 내 여자 합격,C:\Users\yuyao\Desktop\fromm抓取\fromm_dump\01\window_0234.xml
,PM 7:11,선우,skrr,C:\Users\yuyao\Desktop\fromm抓取\fromm_dump\01\window_0234.xml
,PM 7:11,선우,아 그만 할래,C:\Users\yuyao\Desktop\fromm抓取\fromm_dump\01\window_0234.xml
,PM 7:11,선우,못하겠다 이 컨셉은,C:\Users\yuyao\Desktop\fromm抓取\fromm_dump\01\window_0234.xml
,PM 7:11,선우,나 졸리면 이상한 소리 하는 거 알지,C:\Users\yuyao\Desktop\fromm抓取\fromm_dump\01\window_0234.xml
,PM 7:11,선우,그냥 넘겨,C:\Users\yuyao\Desktop\fromm抓取\fromm_dump\01\window_0235.xml
,PM 7:12,선우,자 뇌 깨웠으니까,C:\Users\yuyao\Desktop\fromm抓取\fromm_dump\01\window_0235.xml
,PM 7:12,선우,아돌라를 하러 가볼까,C:\Users\yuyao\Desktop\fromm抓取\fromm_dump\01\window_0235.xml
,PM 7:13,선우,"더비: 카톡으로 오늘 많이 추운 것 같다고 하니
""우리 같이 바람마귀살까?
라고 답장 올 때
정 떨어짐 vs 괜찮음",C:\Users\yuyao\Desktop\fromm抓取\fromm_dump\01\window_0235.xml
,PM 7:13,선우,저는 떨어지는 편인 것 같습니다,C:\Users\yuyao\Desktop\fromm抓取\fromm_dump\01\window_0236.xml
,PM 7:13,선우,누가 따귀 맞고 싶은 건가? 이러네,C:\Users\yuyao\Desktop\fromm抓取\fromm_dump\01\window_0236.xml
,PM 7:13,선우,ㅋㅋㅋㅋㅋㅋㅋㅋㅋㅋㅋㅋㅋㅋ 너무 조폭 스타일이에오,C:\Users\yuyao\Desktop\fromm抓取\fromm_dump\01\window_0236.xml
,PM 7:14,선우,내가 립아이 병장 너무 내 스타일이라고 좋다고 하면 어떨 것 같아,C:\Users\yuyao\Desktop\fromm抓取\fromm_dump\01\window_0236.xml
,PM 7:14,선우,립아이는 봐줄 거니,C:\Users\yuyao\Desktop\fromm抓取\fromm_dump\01\window_0237.xml
,PM 7:15,선우,폭립 이름이라 괜찮다네,C:\Users\yuyao\Desktop\fromm抓取\fromm_dump\01\window_0237.xml
,PM 7:15,선우,맞춤법은 중요한 것 같아요,C:\Users\yuyao\Desktop\fromm抓取\fromm_dump\01\window_0237.xml
,PM 7:16,선우,뇨끼를 산낙지라고 얘기한 건 언제까지 언급할 거냐,C:\Users\yuyao\Desktop\fromm抓取\fromm_dump\01\window_0237.xml
,PM 7:16,선우,그건 창의력의 문제야,C:\Users\yuyao\Desktop\fromm抓取\fromm_dump\01\window_0237.xml
,PM 7:16,선우,뇨끼를 낙지라고 읽는 건 창의성이야,C:\Users\yuyao\Desktop\fromm抓取\fromm_dump\01\window_0238.xml
,PM 7:17,선우,그녹취는 정떨이고 낙지는 개그라고 알겠어?,C:\Users\yuyao\Desktop\fromm抓取\fromm_dump\01\window_0238.xml
,PM 7:17,선우,방금 저 말까지 해서 추잡한 거 완성인 듯,C:\Users\yuyao\Desktop\fromm抓取\fromm_dump\01\window_0238.xml
,PM 7:18,선우,나 내가 이상한 말 하는 거 다 아는데도 못 멈추겠어,C:\Users\yuyao\Desktop\fromm抓取\fromm_dump\01\window_0238.xml
,PM 7:19,선우,뇌 빼고 얘기하는 게 젤 재밌어~!~!~!😆,C:\Users\yuyao\Desktop\fromm抓取\fromm_dump\01\window_0239.xml
,PM 7:19,선우,왜냐면 아까 더비한테 진심 얘기할 때,C:\Users\yuyao\Desktop\fromm抓取\fromm_dump\01\window_0239.xml
,PM 7:19,선우,뇌에 힘을 너무 줌,C:\Users\yuyao\Desktop\fromm抓取\fromm_dump\01\window_0239.xml
,PM 7:20,선우,뇌 배터리 다 씀,C:\Users\yuyao\Desktop\fromm抓取\fromm_dump\01\window_0239.xml
,PM 7:20,선우,오늘 아돌라 큰일남,C:\Users\yuyao\Desktop\fromm抓取\fromm_dump\01\window_0240.xml
,PM 7:20,선우,나 준비하러 간다,C:\Users\yuyao\Desktop\fromm抓取\fromm_dump\01\window_0240.xml
,PM 7:20,선우,ㅋ 수고요~,C:\Users\yuyao\Desktop\fromm抓取\fromm_dump\01\window_0240.xml
,PM 7:21,선우,💕,C:\Users\yuyao\Desktop\fromm抓取\fromm_dump\01\window_0240.xml
,PM 11:10,선우,play_video,C:\Users\yuyao\Desktop\fromm抓取\fromm_dump\01\window_0241.xml
,,선우,술 취한 선우 리미티드 에디션,C:\Users\yuyao\Desktop\fromm抓取\fromm_dump\01\window_0241.xml
,PM 11:10,선우,술 취한 선우 리미티드 에디션,C:\Users\yuyao\Desktop\fromm抓取\fromm_dump\01\window_0242.xml
,PM 11:10,선우,보내드립니다,C:\Users\yuyao\Desktop\fromm抓取\fromm_dump\01\window_0242.xml
,PM 11:11,선우,얼굴이 너무 빨개서 찍었는데 까매서 안 보여,C:\Users\yuyao\Desktop\fromm抓取\fromm_dump\01\window_0242.xml
,PM 11:12,선우,힝,C:\Users\yuyao\Desktop\fromm抓取\fromm_dump\01\window_0242.xml
,PM 11:12,선우,저때 누형이랑 하이볼 술내기 했는데,C:\Users\yuyao\Desktop\fromm抓取\fromm_dump\01\window_0242.xml
,PM 11:12,선우,비김,C:\Users\yuyao\Desktop\fromm抓取\fromm_dump\01\window_0243.xml
,PM 11:13,선우,가게 마감시간 때문에 네잔 빠르게 3-40분 안에 원샷하고 나와써,C:\Users\yuyao\Desktop\fromm抓取\fromm_dump\01\window_0243.xml
,PM 11:14,선우,다 네잔씩,C:\Users\yuyao\Desktop\fromm抓取\fromm_dump\01\window_0243.xml
,PM 11:14,선우,밖에 못 먹었어 나 반도 안왔는데,C:\Users\yuyao\Desktop\fromm抓取\fromm_dump\01\window_0243.xml
,PM 11:14,선우,그래서 아쉽다 하고 다음을 기약,C:\Users\yuyao\Desktop\fromm抓取\fromm_dump\01\window_0244.xml
,PM 11:15,선우,큰 컵에 네잔이지 당연히!!!!!!!!!!!!!!!!!!,C:\Users\yuyao\Desktop\fromm抓取\fromm_dump\01\window_0244.xml
,PM 11:16,선우,난 이제 씻는다 빠이 ㅋ,C:\Users\yuyao\Desktop\fromm抓取\fromm_dump\01\window_0244.xml
,PM 7:22,선우,요,C:\Users\yuyao\Desktop\fromm抓取\fromm_dump\01\window_0244.xml
,PM 7:23,선우,아,C:\Users\yuyao\Desktop\fromm抓取\fromm_dump\01\window_0245.xml
,PM 7:23,선우,정,C:\Users\yuyao\Desktop\fromm抓取\fromm_dump\01\window_0245.xml
,PM 7:23,선우,먹ㄱ고싶당,C:\Users\yuyao\Desktop\fromm抓取\fromm_dump\01\window_0245.xml
,PM 7:23,선우,상그이 보고싶다,C:\Users\yuyao\Desktop\fromm抓取\fromm_dump\01\window_0245.xml
,PM 7:25,선우,자꾸 지금 뭐하고 있을라나 적응은 벌써 했을라나,C:\Users\yuyao\Desktop\fromm抓取\fromm_dump\01\window_0245.xml
,PM 7:25,선우,한참 어린 동기들이랑 아직 어색하려나,C:\Users\yuyao\Desktop\fromm抓取\fromm_dump\01\window_0246.xml
,PM 7:25,선우,자꾸 생각하게 돼,C:\Users\yuyao\Desktop\fromm抓取\fromm_dump\01\window_0246.xml
,PM 7:26,선우,쨌든 반장은 반장이니 가서도 에이스이긴 할 듯,C:\Users\yuyao\Desktop\fromm抓取\fromm_dump\01\window_0246.xml
,PM 7:27,선우,그리고 컴백,C:\Users\yuyao\Desktop\fromm抓取\fromm_dump\01\window_0246.xml
,,선우,곡이 어떤 스타일이던 어떤 컨셉이건 그걸 잘 소화하는 게 내 역할이니 최선을 다해서 해보께 ㅎㅎ,C:\Users\yuyao\Desktop\fromm抓取\fromm_dump\01\window_0246.xml
,PM 7:28,선우,곡이 어떤 스타일이던 어떤 컨셉이건 그걸 잘 소화하는 게 내 역할이니 최선을 다해서 해보께 ㅎㅎ,C:\Users\yuyao\Desktop\fromm抓取\fromm_dump\01\window_0247.xml
,PM 7:28,선우,그리고 주연이 형이 말한 선우가 주인공이다 이런 농담은,C:\Users\yuyao\Desktop\fromm抓取\fromm_dump\01\window_0247.xml
,PM 7:28,선우,뮤비엔 안 나와,C:\Users\yuyao\Desktop\fromm抓取\fromm_dump\01\window_0247.xml
,PM 7:29,선우,안무 엔딩에 나와^^,C:\Users\yuyao\Desktop\fromm抓取\fromm_dump\01\window_0247.xml
,PM 7:30,선우,막싸 안무 닉네임 그렇게 짓지마라,C:\Users\yuyao\Desktop\fromm抓取\fromm_dump\01\window_0248.xml
,PM 7:30,선우,그 침 말고 시계침이라고 해줄래,C:\Users\yuyao\Desktop\fromm抓取\fromm_dump\01\window_0248.xml
,PM 7:32,선우,하지만?,C:\Users\yuyao\Desktop\fromm抓取\fromm_dump\01\window_0248.xml
,PM 7:32,선우,뭐라부르던 잘 하면 되지 ㅋ,C:\Users\yuyao\Desktop\fromm抓取\fromm_dump\01\window_0248.xml
,PM 7:32,선우,의왕하는 거,C:\Users\yuyao\Desktop\fromm抓取\fromm_dump\01\window_0248.xml
,PM 7:32,선우,제대로 침 놔드림,C:\Users\yuyao\Desktop\fromm抓取\fromm_dump\01\window_0249.xml
,PM 7:32,선우,의래,C:\Users\yuyao\Desktop\fromm抓取\fromm_dump\01\window_0249.xml
,PM 7:32,선우,이,C:\Users\yuyao\Desktop\fromm抓取\fromm_dump\01\window_0249.xml
,PM 7:33,선우,실수야 실수..^^,C:\Users\yuyao\Desktop\fromm抓取\fromm_dump\01\window_0249.xml
,,선우,고새 달려들어서 놀리는 것 보소,C:\Users\yuyao\Desktop\fromm抓取\fromm_dump\01\window_0249.xml
,PM 7:33,선우,고새 달려들어서 놀리는 것 보소,C:\Users\yuyao\Desktop\fromm抓取\fromm_dump\01\window_0250.xml
,PM 7:34,선우,막싸 안무로 공격한다,C:\Users\yuyao\Desktop\fromm抓取\fromm_dump\01\window_0250.xml
,PM 7:34,선우,맞짱뜨자,C:\Users\yuyao\Desktop\fromm抓取\fromm_dump\01\window_0250.xml
,PM 7:35,선우,히히,C:\Users\yuyao\Desktop\fromm抓取\fromm_dump\01\window_0250.xml
,PM 7:35,선우,나는,C:\Users\yuyao\Desktop\fromm抓取\fromm_dump\01\window_0250.xml
,,선우,락앤롤,C:\Users\yuyao\Desktop\fromm抓取\fromm_dump\01\window_0250.xml
,PM 7:35,선우,락앤롤,C:\Users\yuyao\Desktop\fromm抓取\fromm_dump\01\window_0251.xml
,PM 7:35,선우,내 랩파트가 좋아,C:\Users\yuyao\Desktop\fromm抓取\fromm_dump\01\window_0251.xml
,PM 7:35,선우,깔✨롱✨져서 좋아,C:\Users\yuyao\Desktop\fromm抓取\fromm_dump\01\window_0251.xml
,PM 7:37,선우,필더베 랩 좋아해주는 거 보고 느꼈어,C:\Users\yuyao\Desktop\fromm抓取\fromm_dump\01\window_0251.xml
,PM 7:37,선우,어느샌가 음악 방향성도 그렇고 해서,C:\Users\yuyao\Desktop\fromm抓取\fromm_dump\01\window_0251.xml
,PM 7:37,선우,"빡 랩을 많이 안했었는데 마니 해줘야게따,, 하고",C:\Users\yuyao\Desktop\fromm抓取\fromm_dump\01\window_0252.xml
,PM 7:38,선우,"근데 넘 예쁘다 더비들,, 이렇게 뭐 좋다 뭐 해줘라 하는 게",C:\Users\yuyao\Desktop\fromm抓取\fromm_dump\01\window_0252.xml
,PM 7:38,선우,넘 예뻐 보여오,C:\Users\yuyao\Desktop\fromm抓取\fromm_dump\01\window_0252.xml
,PM 7:39,선우,그냥 내 목소리 무대 좋아해주는 게 왤케 예뻐 보이지,C:\Users\yuyao\Desktop\fromm抓取\fromm_dump\01\window_0252.xml
,PM 7:40,선우,얼굴 좋아해주는 것도 땡큐지만 그건 살짝 잉 서누 그정도 아닌데 라는 부담은 있지만 무대랑 랩 노래 조아해주는 건 지쨔!?💕💕 더 줄게 더!!!💕 이런 느낌이야 ㅋ,C:\Users\yuyao\Desktop\fromm抓取\fromm_dump\01\window_0253.xml
,PM 7:41,선우,고마오 난 이래서 너네가 넘 조아,C:\Users\yuyao\Desktop\fromm抓取\fromm_dump\01\window_0253.xml
,PM 7:41,선우,아후 예뻐,C:\Users\yuyao\Desktop\fromm抓取\fromm_dump\01\window_0253.xml
,PM 7:41,선우,아우우우ㅜ 예뻐,C:\Users\yuyao\Desktop\fromm抓取\fromm_dump\01\window_0253.xml
,PM 7:42,선우,아구 그냥 확 다 꼬깃꼬깃 꾸겨서 그냥 주머니에 넣고 다녀?,C:\Users\yuyao\Desktop\fromm抓取\fromm_dump\01\window_0254.xml
,PM 7:42,선우,그럴 순 없으니 마음만,C:\Users\yuyao\Desktop\fromm抓取\fromm_dump\01\window_0254.xml
,PM 7:42,선우,가질게,C:\Users\yuyao\Desktop\fromm抓取\fromm_dump\01\window_0254.xml
,PM 7:43,선우,어제 깜장콩,C:\Users\yuyao\Desktop\fromm抓取\fromm_dump\01\window_0254.xml
,,선우,사진,C:\Users\yuyao\Desktop\fromm抓取\fromm_dump\01\window_0254.xml
,PM 7:43,선우,사진,C:\Users\yuyao\Desktop\fromm抓取\fromm_dump\01\window_0255.xml
,PM 7:43,선우,드림,C:\Users\yuyao\Desktop\fromm抓取\fromm_dump\01\window_0255.xml
,PM 7:43,선우,인스타에 올릴까 했는데,C:\Users\yuyao\Desktop\fromm抓取\fromm_dump\01\window_0255.xml
,PM 7:43,선우,걍 너네 줄래,C:\Users\yuyao\Desktop\fromm抓取\fromm_dump\01\window_0255.xml
,PM 7:53,선우,기다랴바,C:\Users\yuyao\Desktop\fromm抓取\fromm_dump\01\window_0255.xml
,PM 7:53,선우,ㅋㅋㅋㅋㅋㅋㅋ,C:\Users\yuyao\Desktop\fromm抓取\fromm_dump\01\window_0256.xml
,PM 7:56,선우,일단 그건 이따 줄게,C:\Users\yuyao\Desktop\fromm抓取\fromm_dump\01\window_0256.xml
,PM 7:58,선우,ㅋㅋㅋㅋㅋㅋ,C:\Users\yuyao\Desktop\fromm抓取\fromm_dump\01\window_0256.xml
,PM 7:58,선우,일단 인스타에 올릴 거 맛보기로 하나 드릴게요,C:\Users\yuyao\Desktop\fromm抓取\fromm_dump\01\window_0256.xml
,PM 7:58,선우,마트 시식코너 느낌으로,C:\Users\yuyao\Desktop\fromm抓取\fromm_dump\01\window_0256.xml
,PM 8:00,선우,play_video,C:\Users\yuyao\Desktop\fromm抓取\fromm_dump\01\window_0257.xml
,PM 8:17,선우,play_video,C:\Users\yuyao\Desktop\fromm抓取\fromm_dump\01\window_0258.xml
,PM 8:17,선우,멤버 꾸려다가 기깔나게 주려고 따놨어 어제 ㅋ,C:\Users\yuyao\Desktop\fromm抓取\fromm_dump\01\window_0259.xml
,PM 8:21,선우,슬로우 안 걸었는데,C:\Users\yuyao\Desktop\fromm抓取\fromm_dump\01\window_0259.xml
,PM 8:21,선우,"7초짜리로 자른 것 뿌닝데,,",C:\Users\yuyao\Desktop\fromm抓取\fromm_dump\01\window_0259.xml
,PM 8:23,선우,나혼자 춘 버전도 있는데 디테일 연습이 좀 안되어있어서 힘도 빠져있고 그래서 나중에 영상 올리고 따로 주께💕💕,C:\Users\yuyao\Desktop\fromm抓取\fromm_dump\01\window_0259.xml
,PM 8:58,선우,나 뭐 좀 다녀옴,C:\Users\yuyao\Desktop\fromm抓取\fromm_dump\01\window_0260.xml
,PM 8:58,선우,먼저 자,C:\Users\yuyao\Desktop\fromm抓取\fromm_dump\01\window_0260.xml
,PM 8:58,선우,좀 걸려,C:\Users\yuyao\Desktop\fromm抓取\fromm_dump\01\window_0260.xml
,PM 8:58,선우,ㅋ,C:\Users\yuyao\Desktop\fromm抓取\fromm_dump\01\window_0260.xml
,PM 8:58,선우,오늘도 고생해쪼💕,C:\Users\yuyao\Desktop\fromm抓取\fromm_dump\01\window_0260.xml
,PM 8:58,선우,굿나잇,C:\Users\yuyao\Desktop\fromm抓取\fromm_dump\01\window_0261.xml
,PM 8:59,선우,잘 자 아무 생각말고 푹자🫶,C:\Users\yuyao\Desktop\fromm抓取\fromm_dump\01\window_0261.xml
,PM 11:54,선우,아니,C:\Users\yuyao\Desktop\fromm抓取\fromm_dump\01\window_0261.xml
,PM 11:54,선우,진짜,C:\Users\yuyao\Desktop\fromm抓取\fromm_dump\01\window_0261.xml
,PM 11:54,선우,아씨,C:\Users\yuyao\Desktop\fromm抓取\fromm_dump\01\window_0261.xml
,PM 11:55,선우,하,C:\Users\yuyao\Desktop\fromm抓取\fromm_dump\01\window_0262.xml
,PM 11:55,선우,직원분 전화와서 알게 됐는데,C:\Users\yuyao\Desktop\fromm抓取\fromm_dump\01\window_0262.xml
,PM 11:55,선우,ㅋㅋㅋㅋㅋ아니 뭔데 저게,C:\Users\yuyao\Desktop\fromm抓取\fromm_dump\01\window_0262.xml
,PM 11:56,선우,아니 이름이 좀 불안한데 이상한 거 아니지? 나 이상한 거 안 본다 진짜,C:\Users\yuyao\Desktop\fromm抓取\fromm_dump\01\window_0262.xml
,,선우,릴스 내리다 눌렸나봄,C:\Users\yuyao\Desktop\fromm抓取\fromm_dump\01\window_0262.xml
,PM 11:56,선우,릴스 내리다 눌렸나봄,C:\Users\yuyao\Desktop\fromm抓取\fromm_dump\01\window_0263.xml
,PM 11:56,선우,아니 왤케 수상해서 이름도,C:\Users\yuyao\Desktop\fromm抓取\fromm_dump\01\window_0263.xml
,PM 11:56,선우,간 떨어질 뻔 했네,C:\Users\yuyao\Desktop\fromm抓取\fromm_dump\01\window_0263.xml
,PM 11:56,선우,아니 나 릴스 내리다가 잘 못 누른 것 같은데,C:\Users\yuyao\Desktop\fromm抓取\fromm_dump\01\window_0263.xml
,PM 11:56,선우,이름이 하필 언니들의 비밀노트임,C:\Users\yuyao\Desktop\fromm抓取\fromm_dump\01\window_0263.xml
,PM 11:57,선우,뭔가 비밀 노트라니까 보면 안될 것 같은,C:\Users\yuyao\Desktop\fromm抓取\fromm_dump\01\window_0264.xml
,PM 11:57,선우,언니들 내가 꿀팁 알려주께,C:\Users\yuyao\Desktop\fromm抓取\fromm_dump\01\window_0264.xml
,PM 11:57,선우,선우생정,C:\Users\yuyao\Desktop\fromm抓取\fromm_dump\01\window_0264.xml
,PM 11:58,선우,미안하다,C:\Users\yuyao\Desktop\fromm抓取\fromm_dump\01\window_0264.xml
,PM 11:58,선우,소란일으켜서,C:\Users\yuyao\Desktop\fromm抓取\fromm_dump\01\window_0264.xml
,PM 11:58,선우,"얼른 자라,, 나도 방금 들와서 씻고 나왔는데 비밀노트 전화 받고",C:\Users\yuyao\Desktop\fromm抓取\fromm_dump\01\window_0265.xml
,PM 11:58,선우,심장 좀 가라 앉히고,C:\Users\yuyao\Desktop\fromm抓取\fromm_dump\01\window_0265.xml
,PM 11:58,선우,잘게,C:\Users\yuyao\Desktop\fromm抓取\fromm_dump\01\window_0265.xml
,PM 11:58,선우,잘 자 ㅋ 컴백 사랑해줘 안녕💕^^,C:\Users\yuyao\Desktop\fromm抓取\fromm_dump\01\window_0265.xml
,PM 4:08,선우,[media/no text],C:\Users\yuyao\Desktop\fromm抓取\fromm_dump\01\window_0266.xml
,PM 4:08,선우,자 콩알 사진,C:\Users\yuyao\Desktop\fromm抓取\fromm_dump\01\window_0267.xml
,PM 9:16,선우,머해,C:\Users\yuyao\Desktop\fromm抓取\fromm_dump\01\window_0267.xml
,PM 9:16,선우,라잌제니도 올라가고 어제 스페샬 스테이지도 하고,C:\Users\yuyao\Desktop\fromm抓取\fromm_dump\01\window_0267.xml
,PM 9:16,선우,워크맨도 올라오구,C:\Users\yuyao\Desktop\fromm抓取\fromm_dump\01\window_0267.xml
,PM 9:16,선우,볼 거 많지!!!,C:\Users\yuyao\Desktop\fromm抓取\fromm_dump\01\window_0268.xml
,PM 9:31,선우,아,C:\Users\yuyao\Desktop\fromm抓取\fromm_dump\01\window_0268.xml
,PM 9:31,선우,짐종국도 나오고,C:\Users\yuyao\Desktop\fromm抓取\fromm_dump\01\window_0268.xml
,PM 9:31,선우,주먹이 운다도,C:\Users\yuyao\Desktop\fromm抓取\fromm_dump\01\window_0268.xml
,PM 9:31,선우,나왔넼,C:\Users\yuyao\Desktop\fromm抓取\fromm_dump\01\window_0268.xml
,PM 9:31,선우,짐종국 이후로 운동 안 하긴 해,C:\Users\yuyao\Desktop\fromm抓取\fromm_dump\01\window_0269.xml
,PM 9:31,선우,시간 없어서 ㄹㅇ,C:\Users\yuyao\Desktop\fromm抓取\fromm_dump\01\window_0269.xml
,PM 9:32,선우,그리고 춤춰야하는데 짐종국하고 5일은 가슴이랑 어깨 근육통 때문에,C:\Users\yuyao\Desktop\fromm抓取\fromm_dump\01\window_0269.xml
,PM 9:32,선우,손을 못 올려서,C:\Users\yuyao\Desktop\fromm抓取\fromm_dump\01\window_0269.xml
,PM 9:32,선우,지금 시도 조차 못하는 중 ㅋ,C:\Users\yuyao\Desktop\fromm抓取\fromm_dump\01\window_0269.xml
,AM 5:15,선우,지금 끝났다,C:\Users\yuyao\Desktop\fromm抓取\fromm_dump\01\window_0270.xml
,AM 5:15,선우,아침인데 하루 시작하는 사람들은 화이팅하고 자는 사람들은 잘 자구 나도 라디오 이따ㅏ 가야해서 바로 잘게 ㅎㅎ 잘 자 !!🫶,C:\Users\yuyao\Desktop\fromm抓取\fromm_dump\01\window_0270.xml
,,선우,너도 고생했어 그리구 오늘도 같이 힘내보자 예쁜 말 예쁜 풍경 예쁜 것들 더 많이 발견하고 듣는 하루가 되길 바라💕 사랑합니다 굿나잇 peace,C:\Users\yuyao\Desktop\fromm抓取\fromm_dump\01\window_0270.xml
,AM 5:17,선우,너도 고생했어 그리구 오늘도 같이 힘내보자 예쁜 말 예쁜 풍경 예쁜 것들 더 많이 발견하고 듣는 하루가 되길 바라💕 사랑합니다 굿나잇 peace,C:\Users\yuyao\Desktop\fromm抓取\fromm_dump\01\window_0271.xml
,PM 11:11,선우,오늘도 고생했오!!! 내일 길게 얘기해여 굿나잇✨😆👋💕,C:\Users\yuyao\Desktop\fromm抓取\fromm_dump\01\window_0271.xml
,PM 11:12,선우,잘 자구 ~~ 즐거운 주말 보내 ㅎㅎㅎ,C:\Users\yuyao\Desktop\fromm抓取\fromm_dump\01\window_0271.xml
,PM 10:51,선우,여,C:\Users\yuyao\Desktop\fromm抓取\fromm_dump\01\window_0272.xml
,PM 10:51,선우,밥 먹음,C:\Users\yuyao\Desktop\fromm抓取\fromm_dump\01\window_0272.xml
,PM 10:51,선우,안 알랴줌,C:\Users\yuyao\Desktop\fromm抓取\fromm_dump\01\window_0272.xml
,PM 10:51,선우,맞추셈,C:\Users\yuyao\Desktop\fromm抓取\fromm_dump\01\window_0272.xml
,PM 10:52,선우,맞춘 분은,C:\Users\yuyao\Desktop\fromm抓取\fromm_dump\01\window_0272.xml
,PM 10:52,선우,닉네임을 읽어드리겠습니다,C:\Users\yuyao\Desktop\fromm抓取\fromm_dump\01\window_0273.xml
,PM 10:52,선우,안되는 분은 안 맞추면 됨,C:\Users\yuyao\Desktop\fromm抓取\fromm_dump\01\window_0273.xml
,PM 10:53,선우,정확히 식당 상표이름까지 입니더,C:\Users\yuyao\Desktop\fromm抓取\fromm_dump\01\window_0273.xml
,PM 10:53,선우,닉네임 여보 님께서,C:\Users\yuyao\Desktop\fromm抓取\fromm_dump\01\window_0273.xml
,PM 10:53,선우,엽기떡볶이 맞추셨습니더,C:\Users\yuyao\Desktop\fromm抓取\fromm_dump\01\window_0273.xml
,PM 10:53,선우,여보 축하해,C:\Users\yuyao\Desktop\fromm抓取\fromm_dump\01\window_0274.xml
,PM 10:54,선우,아니 닉네임 읽은 겁니다,C:\Users\yuyao\Desktop\fromm抓取\fromm_dump\01\window_0274.xml
,PM 10:59,선우,나 정말 미안한데,C:\Users\yuyao\Desktop\fromm抓取\fromm_dump\01\window_0274.xml
,PM 10:59,선우,아 아니다,C:\Users\yuyao\Desktop\fromm抓取\fromm_dump\01\window_0274.xml
,PM 10:59,선우,ㅋㅋㅋㅋㅋㅋㅋㅋㅋㅋ,C:\Users\yuyao\Desktop\fromm抓取\fromm_dump\01\window_0274.xml
,PM 10:59,선우,미안,C:\Users\yuyao\Desktop\fromm抓取\fromm_dump\01\window_0275.xml
,PM 11:00,선우,잼얘할까 잼얘,C:\Users\yuyao\Desktop\fromm抓取\fromm_dump\01\window_0275.xml
,PM 11:02,선우,님선 만 연속으로 6개가 왔네,C:\Users\yuyao\Desktop\fromm抓取\fromm_dump\01\window_0275.xml
,PM 11:02,선우,나부터 할게,C:\Users\yuyao\Desktop\fromm抓取\fromm_dump\01\window_0275.xml
,PM 11:02,선우,그래,C:\Users\yuyao\Desktop\fromm抓取\fromm_dump\01\window_0275.xml
,PM 11:03,선우,흠,C:\Users\yuyao\Desktop\fromm抓取\fromm_dump\01\window_0276.xml
,PM 11:03,선우,아 재밌는 얘기가 없는데,C:\Users\yuyao\Desktop\fromm抓取\fromm_dump\01\window_0276.xml
,PM 11:03,선우,요즘 재밌는 일이 없는데 어캄,C:\Users\yuyao\Desktop\fromm抓取\fromm_dump\01\window_0276.xml
,PM 11:04,선우,흠,C:\Users\yuyao\Desktop\fromm抓取\fromm_dump\01\window_0276.xml
,PM 11:04,선우,생각 좀,C:\Users\yuyao\Desktop\fromm抓取\fromm_dump\01\window_0276.xml
,PM 11:04,선우,아 라스 비하인드,C:\Users\yuyao\Desktop\fromm抓取\fromm_dump\01\window_0277.xml
,PM 11:04,선우,좀 말해주께,C:\Users\yuyao\Desktop\fromm抓取\fromm_dump\01\window_0277.xml
,PM 11:04,선우,잼얘는 아님,C:\Users\yuyao\Desktop\fromm抓取\fromm_dump\01\window_0277.xml
,PM 11:04,선우,일단,C:\Users\yuyao\Desktop\fromm抓取\fromm_dump\01\window_0277.xml
,,선우,구라 아저씨가 신기했어,C:\Users\yuyao\Desktop\fromm抓取\fromm_dump\01\window_0277.xml
,PM 11:04,선우,구라 아저씨가 신기했어,C:\Users\yuyao\Desktop\fromm抓取\fromm_dump\01\window_0278.xml
,PM 11:05,선우,원래는 백스테이지에서 조금 차분하고 카메라 돌면 톤 올라가고 웃는 얼굴이 되는 게 일반적인데,C:\Users\yuyao\Desktop\fromm抓取\fromm_dump\01\window_0278.xml
,PM 11:06,선우,구라 아저씨는 대기실에서 인사드리러 갔는데 어어 그래~~!! 하시면서 방송에서 보지 못했던 웃음과 톤으로 손을 흔들어주셨고,C:\Users\yuyao\Desktop\fromm抓取\fromm_dump\01\window_0278.xml
,PM 11:06,선우,카메라가 켜지면 인상을 쓰시는 모습에,C:\Users\yuyao\Desktop\fromm抓取\fromm_dump\01\window_0278.xml
,PM 11:06,선우,프로시구나,C:\Users\yuyao\Desktop\fromm抓取\fromm_dump\01\window_0279.xml
,PM 11:06,선우,싶었음,C:\Users\yuyao\Desktop\fromm抓取\fromm_dump\01\window_0279.xml
,PM 11:07,선우,진짜 겉바속촉이신 느낌,C:\Users\yuyao\Desktop\fromm抓取\fromm_dump\01\window_0279.xml
,PM 11:07,선우,되게 인사 받아주시는데 포근한 아빠 같은 느낌을 받았어,C:\Users\yuyao\Desktop\fromm抓取\fromm_dump\01\window_0279.xml
,PM 11:07,선우,그래서 구라삼촌 되게 친절하셔서 좋았던 기억이,C:\Users\yuyao\Desktop\fromm抓取\fromm_dump\01\window_0280.xml
,PM 11:09,선우,수근이 삼촌은 앞 뒤 톤이 같으셔 뒤에서도 웃겨주시고 앞에서도 웃겨주심 드립이 쉬질 암ㅎ으심,C:\Users\yuyao\Desktop\fromm抓取\fromm_dump\01\window_0280.xml
,PM 11:10,선우,자꾸 다른 얘기 하자고 하는 더비는,C:\Users\yuyao\Desktop\fromm抓取\fromm_dump\01\window_0280.xml
,PM 11:10,선우,내 말을 듣고 싶지 않은 거야?,C:\Users\yuyao\Desktop\fromm抓取\fromm_dump\01\window_0280.xml
,PM 11:10,선우,혼날래?,C:\Users\yuyao\Desktop\fromm抓取\fromm_dump\01\window_0281.xml
,PM 11:11,선우,혼내줘 이러네,C:\Users\yuyao\Desktop\fromm抓取\fromm_dump\01\window_0281.xml
,PM 11:11,선우,됐거든 ㅋ,C:\Users\yuyao\Desktop\fromm抓取\fromm_dump\01\window_0281.xml
,PM 11:11,선우,ㅋㅋㅋㅋㅋㅋ 쨌든,C:\Users\yuyao\Desktop\fromm抓取\fromm_dump\01\window_0281.xml
,PM 11:11,선우,모두 친절하시고,C:\Users\yuyao\Desktop\fromm抓取\fromm_dump\01\window_0281.xml
,PM 11:11,선우,좋았어,C:\Users\yuyao\Desktop\fromm抓取\fromm_dump\01\window_0282.xml
,PM 11:12,선우,생각보다 떨리진 않았는데,C:\Users\yuyao\Desktop\fromm抓取\fromm_dump\01\window_0282.xml
,PM 11:12,선우,그냥 내내 신기했던 기억이,C:\Users\yuyao\Desktop\fromm抓取\fromm_dump\01\window_0282.xml
,PM 11:12,선우,계속 스튜디오 보면서 우왕 내가 여기있넹,C:\Users\yuyao\Desktop\fromm抓取\fromm_dump\01\window_0282.xml
,,선우,그리고 영단어 퀴즈는 조크였어,C:\Users\yuyao\Desktop\fromm抓取\fromm_dump\01\window_0282.xml
,PM 11:12,선우,그리고 영단어 퀴즈는 조크였어,C:\Users\yuyao\Desktop\fromm抓取\fromm_dump\01\window_0283.xml
,PM 11:12,선우,사실 냉장고는 진짜 몰랐어,C:\Users\yuyao\Desktop\fromm抓取\fromm_dump\01\window_0283.xml
,PM 11:13,선우,사실 킨더가든도 몰랐음,C:\Users\yuyao\Desktop\fromm抓取\fromm_dump\01\window_0283.xml
,PM 11:13,선우,진공청소기도 몰랐음,C:\Users\yuyao\Desktop\fromm抓取\fromm_dump\01\window_0283.xml
,PM 11:13,선우,카더가든은 앎,C:\Users\yuyao\Desktop\fromm抓取\fromm_dump\01\window_0283.xml
,,선우,어쩌라고,C:\Users\yuyao\Desktop\fromm抓取\fromm_dump\01\window_0283.xml
,PM 11:13,선우,어쩌라고,C:\Users\yuyao\Desktop\fromm抓取\fromm_dump\01\window_0284.xml
,PM 11:13,선우,ㅋㅋㅋㅋㅋㅋㅋㅋㅋㅋㅋ장난💕,C:\Users\yuyao\Desktop\fromm抓取\fromm_dump\01\window_0284.xml
,PM 11:14,선우,그래도,C:\Users\yuyao\Desktop\fromm抓取\fromm_dump\01\window_0284.xml
,PM 11:14,선우,뜻은 통하게 답변했어 아마도,C:\Users\yuyao\Desktop\fromm抓取\fromm_dump\01\window_0284.xml
,PM 11:14,선우,어떤 더비가 내가 거북이를 자라 라고 할 줄 알았댄다,C:\Users\yuyao\Desktop\fromm抓取\fromm_dump\01\window_0284.xml
,PM 11:14,선우,미치겠다 진짜,C:\Users\yuyao\Desktop\fromm抓取\fromm_dump\01\window_0285.xml
,PM 11:15,선우,망했어,C:\Users\yuyao\Desktop\fromm抓取\fromm_dump\01\window_0285.xml
,PM 11:15,선우,자존심 상했어,C:\Users\yuyao\Desktop\fromm抓取\fromm_dump\01\window_0285.xml
,PM 11:15,선우,아워너비 얼로오온,C:\Users\yuyao\Desktop\fromm抓取\fromm_dump\01\window_0285.xml
,PM 11:15,선우,니 친구들 전부다 재쉅서~...,C:\Users\yuyao\Desktop\fromm抓取\fromm_dump\01\window_0285.xml
,PM 11:16,선우,라스보고 아빠한테도 답변 왔어,C:\Users\yuyao\Desktop\fromm抓取\fromm_dump\01\window_0286.xml
,PM 11:16,선우,부족하지도 넘치지도 않게 잘하고 왔다,C:\Users\yuyao\Desktop\fromm抓取\fromm_dump\01\window_0286.xml
,PM 11:16,선우,래,C:\Users\yuyao\Desktop\fromm抓取\fromm_dump\01\window_0286.xml
,PM 11:16,선우,그게 젤 어려운 건데 잘했대,C:\Users\yuyao\Desktop\fromm抓取\fromm_dump\01\window_0286.xml
,PM 11:16,선우,내 개그의 스승은 아빠거든,C:\Users\yuyao\Desktop\fromm抓取\fromm_dump\01\window_0287.xml
,PM 11:16,선우,한마디씩 툭툭 던져서 웃기는 건 아빠가 1티어,C:\Users\yuyao\Desktop\fromm抓取\fromm_dump\01\window_0287.xml
,PM 11:17,선우,내가2티어,C:\Users\yuyao\Desktop\fromm抓取\fromm_dump\01\window_0287.xml
,PM 11:17,선우,아니다 동생하고 아빠가 1티어,C:\Users\yuyao\Desktop\fromm抓取\fromm_dump\01\window_0287.xml
,PM 11:17,선우,내가 2티어임,C:\Users\yuyao\Desktop\fromm抓取\fromm_dump\01\window_0287.xml
,PM 11:17,선우,집내려가면 항상 아빠랑 동생 툭툭 던지는 날 향한 조롱 개그에 웃다가만 옴,C:\Users\yuyao\Desktop\fromm抓取\fromm_dump\01\window_0288.xml
,PM 11:17,선우,내가 뭘 하지를 못함,C:\Users\yuyao\Desktop\fromm抓取\fromm_dump\01\window_0288.xml
,PM 11:18,선우,가족들한테 마이크만 채우면 쇼미 본선 진출인데 ㄹㅇ,C:\Users\yuyao\Desktop\fromm抓取\fromm_dump\01\window_0288.xml
,,선우,내가 집가서 집안에서의 대화도 진짜 더비들 궁굼하긴 하겠다,C:\Users\yuyao\Desktop\fromm抓取\fromm_dump\01\window_0288.xml
,PM 11:18,선우,내가 집가서 집안에서의 대화도 진짜 더비들 궁굼하긴 하겠다,C:\Users\yuyao\Desktop\fromm抓取\fromm_dump\01\window_0289.xml
,PM 11:19,선우,내 말투가 어떤지 가족들이 어떤 톤인지,C:\Users\yuyao\Desktop\fromm抓取\fromm_dump\01\window_0289.xml
,PM 11:19,선우,나중에 기회되면 함 해볼게,C:\Users\yuyao\Desktop\fromm抓取\fromm_dump\01\window_0289.xml
,PM 11:19,선우,몰래 녹취로,C:\Users\yuyao\Desktop\fromm抓取\fromm_dump\01\window_0289.xml
,PM 11:19,선우,또 수줍이들이라 대놓고 카메라 돌리면 암말 안할 듯,C:\Users\yuyao\Desktop\fromm抓取\fromm_dump\01\window_0289.xml
,PM 11:20,선우,엄마따라하는 잼민이 영상,C:\Users\yuyao\Desktop\fromm抓取\fromm_dump\01\window_0290.xml
,PM 11:20,선우,찾아야하는데,C:\Users\yuyao\Desktop\fromm抓取\fromm_dump\01\window_0290.xml
,PM 11:20,선우,ㄱㄷ 친구한테 물어보고 옴,C:\Users\yuyao\Desktop\fromm抓取\fromm_dump\01\window_0290.xml
,PM 11:20,선우,친그 폰에 있았던 거라,C:\Users\yuyao\Desktop\fromm抓取\fromm_dump\01\window_0290.xml
,PM 11:25,선우,폰에 없고,C:\Users\yuyao\Desktop\fromm抓取\fromm_dump\01\window_0290.xml
,PM 11:25,선우,컴터에 있다고 다 보내준대 나중에 집가면,C:\Users\yuyao\Desktop\fromm抓取\fromm_dump\01\window_0291.xml
,PM 11:25,선우,받으면 검수 후에 올려드림,C:\Users\yuyao\Desktop\fromm抓取\fromm_dump\01\window_0291.xml
,PM 11:25,선우,초딩때부터 친구라,C:\Users\yuyao\Desktop\fromm抓取\fromm_dump\01\window_0291.xml
,PM 11:26,선우,난 연옌되고 친구 먹은애들 빼고는 다 지금,C:\Users\yuyao\Desktop\fromm抓取\fromm_dump\01\window_0291.xml
,,선우,15년 넘은 친구들만 있음,C:\Users\yuyao\Desktop\fromm抓取\fromm_dump\01\window_0291.xml
,PM 11:26,선우,15년 넘은 친구들만 있음,C:\Users\yuyao\Desktop\fromm抓取\fromm_dump\01\window_0292.xml
,PM 11:26,선우,내 친구들 다 잘생김,C:\Users\yuyao\Desktop\fromm抓取\fromm_dump\01\window_0292.xml
,PM 11:26,선우,ㄹㅇ,C:\Users\yuyao\Desktop\fromm抓取\fromm_dump\01\window_0292.xml
,PM 11:27,선우,동네 친구들 다 잘생기기 쉽지않은데,C:\Users\yuyao\Desktop\fromm抓取\fromm_dump\01\window_0292.xml
,PM 11:27,선우,다는 아니긴 한데,C:\Users\yuyao\Desktop\fromm抓取\fromm_dump\01\window_0292.xml
,PM 11:27,선우,쨌든,C:\Users\yuyao\Desktop\fromm抓取\fromm_dump\01\window_0293.xml
,PM 11:27,선우,ㅋㅋㅋㅋㅋㅋㅋㅋㅋㅋ,C:\Users\yuyao\Desktop\fromm抓取\fromm_dump\01\window_0293.xml
,PM 11:27,선우,내가 내 친구를 더비한테 소개시켜주겠냐!!!!!!,C:\Users\yuyao\Desktop\fromm抓取\fromm_dump\01\window_0293.xml
,PM 11:27,선우,너가 아까워서 안돼,C:\Users\yuyao\Desktop\fromm抓取\fromm_dump\01\window_0293.xml
,,선우,근데 만약 애인이 같이 아이돌 좋아하는 팬이면 연애 가능해?,C:\Users\yuyao\Desktop\fromm抓取\fromm_dump\01\window_0293.xml
,PM 11:29,선우,근데 만약 애인이 같이 아이돌 좋아하는 팬이면 연애 가능해?,C:\Users\yuyao\Desktop\fromm抓取\fromm_dump\01\window_0294.xml
,PM 11:29,선우,나 라고 장난치지말고,C:\Users\yuyao\Desktop\fromm抓取\fromm_dump\01\window_0294.xml
,PM 11:29,선우,진지하게,C:\Users\yuyao\Desktop\fromm抓取\fromm_dump\01\window_0294.xml
,PM 11:29,선우,답변해봐,C:\Users\yuyao\Desktop\fromm抓取\fromm_dump\01\window_0294.xml
,PM 11:29,선우,오 싫다는 사람도 있고 오히려 좋다는 사람도 있네,C:\Users\yuyao\Desktop\fromm抓取\fromm_dump\01\window_0294.xml
,PM 11:29,선우,신기하다,C:\Users\yuyao\Desktop\fromm抓取\fromm_dump\01\window_0295.xml
,PM 11:30,선우,같이 나를 좋아하면 가능?,C:\Users\yuyao\Desktop\fromm抓取\fromm_dump\01\window_0295.xml
,PM 11:30,선우,오 그건 안된다가 더 많네,C:\Users\yuyao\Desktop\fromm抓取\fromm_dump\01\window_0295.xml
,PM 11:31,선우,아니 나는 입장 바꿔수 생각해보면,C:\Users\yuyao\Desktop\fromm抓取\fromm_dump\01\window_0295.xml
,,선우,내가 더보이즈를 좋아하는데 남자친구가 여자아이돌을 좋아하면,C:\Users\yuyao\Desktop\fromm抓取\fromm_dump\01\window_0295.xml
,PM 11:31,선우,내가 더보이즈를 좋아하는데 남자친구가 여자아이돌을 좋아하면,C:\Users\yuyao\Desktop\fromm抓取\fromm_dump\01\window_0296.xml
,PM 11:31,선우,내로남불 마인드로,C:\Users\yuyao\Desktop\fromm抓取\fromm_dump\01\window_0296.xml
,PM 11:31,선우,질투날 것 같은데,C:\Users\yuyao\Desktop\fromm抓取\fromm_dump\01\window_0296.xml
,PM 11:32,선우,ㅇㅇ 내가 남자인 상황으로 얘기하면 또 더비들 화낼 것 같아서,C:\Users\yuyao\Desktop\fromm抓取\fromm_dump\01\window_0296.xml
,PM 11:32,선우,내가 여자로 변신함,C:\Users\yuyao\Desktop\fromm抓取\fromm_dump\01\window_0296.xml
,PM 11:33,선우,더비들 노하시면 안되는데 짤 뜨고 며칠 안되서 더비들 노했던 사건 아직도 기억나네,C:\Users\yuyao\Desktop\fromm抓取\fromm_dump\01\window_0297.xml
,PM 11:34,선우,"항상 미안하고 고맙다 더비들,,",C:\Users\yuyao\Desktop\fromm抓取\fromm_dump\01\window_0297.xml
,PM 11:34,선우,ㅠㅠ,C:\Users\yuyao\Desktop\fromm抓取\fromm_dump\01\window_0297.xml
,PM 11:34,선우,ㅋㅋㅋㅋㅋㅋㅋㅋㅋㅋㅋㅋㅋㅋㅋㅋㅋ,C:\Users\yuyao\Desktop\fromm抓取\fromm_dump\01\window_0297.xml
,PM 11:36,선우,근데 팬싸 그거는 좀 오해야 우리가 나갔다가 오는 건 대부분 수정 받고 오는 겨 물론 화장실도 있지만 ㅋ,C:\Users\yuyao\Desktop\fromm抓取\fromm_dump\01\window_0298.xml
,PM 11:37,선우,사녹하고 무대하고 와서 얼굴 흘러내리기 싫어서,C:\Users\yuyao\Desktop\fromm抓取\fromm_dump\01\window_0298.xml
,PM 11:39,선우,그래서 그 시간들도 사실 더비들은 더 보고싶어하겠구나 싶다고 느끼는 게 당연하구나 라고 깨달아서,C:\Users\yuyao\Desktop\fromm抓取\fromm_dump\01\window_0298.xml
,PM 11:39,선우,그걸 놓치고 있었구나 싶어서,C:\Users\yuyao\Desktop\fromm抓取\fromm_dump\01\window_0299.xml
,PM 11:39,선우,꼭 미안하다구 말해주고 싶었엉,C:\Users\yuyao\Desktop\fromm抓取\fromm_dump\01\window_0299.xml
,PM 11:40,선우,"또 예민해서 뭐 언급하지 말자!! 이럴 수 있겠지만 그래도.,, 말은 해야지",C:\Users\yuyao\Desktop\fromm抓取\fromm_dump\01\window_0299.xml
,PM 11:40,선우,아니 예민하다는 게 너 말곸ㅋㅋㅋㅋㅋㅋㅋㅋㅋ,C:\Users\yuyao\Desktop\fromm抓取\fromm_dump\01\window_0299.xml
,,선우,아니 예민하다는 게 너 말곸ㅋㅋㅋㅋㅋㅋㅋㅋㅋ,C:\Users\yuyao\Desktop\fromm抓取\fromm_dump\02\window_0000.xml
,PM 11:40,선우,이런 문제에 대해 말하는 거얔ㅋㅋㅋㅋ,C:\Users\yuyao\Desktop\fromm抓取\fromm_dump\02\window_0001.xml
,PM 11:41,선우,ㅋㅋㅋㅋㅋㅋㅋㅋㅋㅋㅋㅋㅋㅋㅋㅋㅋㅋㅋㅋㅋㅋㅋㅋ,C:\Users\yuyao\Desktop\fromm抓取\fromm_dump\02\window_0001.xml
,PM 11:42,선우,몰라 잘못하면 사과하고 되돌아보고 하자 옛날 방식으로 그냥 넘기고 이런 거 넘 시러이제,C:\Users\yuyao\Desktop\fromm抓取\fromm_dump\02\window_0001.xml
,PM 11:42,선우,우리 안지도 오래됐자나,C:\Users\yuyao\Desktop\fromm抓取\fromm_dump\02\window_0002.xml
,PM 11:43,선우,고치면서 가자잉,C:\Users\yuyao\Desktop\fromm抓取\fromm_dump\02\window_0002.xml
,PM 11:43,선우,사랑해,C:\Users\yuyao\Desktop\fromm抓取\fromm_dump\02\window_0002.xml
,PM 11:44,선우,다음 주 락앤롤도 꼭 더비들 보여주고 싶어서,C:\Users\yuyao\Desktop\fromm抓取\fromm_dump\02\window_0002.xml
,,선우,덥즈가 요청하고 말해서 들어주신 거니까,C:\Users\yuyao\Desktop\fromm抓取\fromm_dump\02\window_0002.xml
,PM 11:44,선우,덥즈가 요청하고 말해서 들어주신 거니까,C:\Users\yuyao\Desktop\fromm抓取\fromm_dump\02\window_0003.xml
,PM 11:44,선우,마니 봐주고 즐겨줭,C:\Users\yuyao\Desktop\fromm抓取\fromm_dump\02\window_0003.xml
,PM 11:45,선우,근데 2번 밖에 못해서 아쉽긴 하지만,C:\Users\yuyao\Desktop\fromm抓取\fromm_dump\02\window_0003.xml
,PM 11:45,선우,나중에 콘서트나,C:\Users\yuyao\Desktop\fromm抓取\fromm_dump\02\window_0003.xml
,PM 11:45,선우,행사 같은 곳에서도 할 수 있으니까!!!,C:\Users\yuyao\Desktop\fromm抓取\fromm_dump\02\window_0003.xml
,PM 11:45,선우,많관부 ㅎㅎ,C:\Users\yuyao\Desktop\fromm抓取\fromm_dump\02\window_0004.xml
,PM 11:46,선우,정면돌파 좋긴 한데 미스디미너로 음방 무대 정면돌파는 아직 그정도 깡은 없어서,C:\Users\yuyao\Desktop\fromm抓取\fromm_dump\02\window_0004.xml
,PM 11:46,선우,콘서트나 나중에 기허ㅣ가 된다면,C:\Users\yuyao\Desktop\fromm抓取\fromm_dump\02\window_0004.xml
,PM 11:46,선우,ㅋ,C:\Users\yuyao\Desktop\fromm抓取\fromm_dump\02\window_0004.xml
,PM 11:47,선우,음악엔 답이 없자나 이런 노래 저런 노래도 있는 거지 뭐!,C:\Users\yuyao\Desktop\fromm抓取\fromm_dump\02\window_0005.xml
,PM 11:47,선우,취향도 다 다르고,C:\Users\yuyao\Desktop\fromm抓取\fromm_dump\02\window_0005.xml
,PM 11:47,선우,덥즈 활동하면서 못 볼만한 스타일의 곡 하나 남곀ㅅ다고 생각하면,C:\Users\yuyao\Desktop\fromm抓取\fromm_dump\02\window_0005.xml
,PM 11:47,선우,그것도 다 소중한 거야 ~,C:\Users\yuyao\Desktop\fromm抓取\fromm_dump\02\window_0005.xml
,,선우,그래서 롹앤롤로 도는 거잖아 쨌든^^,C:\Users\yuyao\Desktop\fromm抓取\fromm_dump\02\window_0005.xml
,PM 11:48,선우,그래서 롹앤롤로 도는 거잖아 쨌든^^,C:\Users\yuyao\Desktop\fromm抓取\fromm_dump\02\window_0006.xml
,PM 11:48,선우,내가 기깔나게,C:\Users\yuyao\Desktop\fromm抓取\fromm_dump\02\window_0006.xml
,PM 11:48,선우,무대 말아드림,C:\Users\yuyao\Desktop\fromm抓取\fromm_dump\02\window_0006.xml
,PM 11:48,선우,기대하셈,C:\Users\yuyao\Desktop\fromm抓取\fromm_dump\02\window_0006.xml
,PM 11:48,선우,실력으로 보여주겠어,C:\Users\yuyao\Desktop\fromm抓取\fromm_dump\02\window_0006.xml
,,선우,그리고 1위 후보 만들어준 것도 너무너무너무,C:\Users\yuyao\Desktop\fromm抓取\fromm_dump\02\window_0006.xml
,PM 11:49,선우,그리고 1위 후보 만들어준 것도 너무너무너무,C:\Users\yuyao\Desktop\fromm抓取\fromm_dump\02\window_0007.xml
,PM 11:49,선우,고맙고,C:\Users\yuyao\Desktop\fromm抓取\fromm_dump\02\window_0007.xml
,PM 11:49,선우,진심으로,C:\Users\yuyao\Desktop\fromm抓取\fromm_dump\02\window_0007.xml
,PM 11:49,선우,1위 못시켜줘서 미안 이라는 얼탱이 없는 소리는 하지마셈,C:\Users\yuyao\Desktop\fromm抓取\fromm_dump\02\window_0007.xml
,PM 11:49,선우,미안할게 대체 어딨니,C:\Users\yuyao\Desktop\fromm抓取\fromm_dump\02\window_0007.xml
,PM 11:50,선우,그냥 재밌고 행복하게 무대하고 좋아해주고 추억 쌓자 시간은 흐르자나,C:\Users\yuyao\Desktop\fromm抓取\fromm_dump\02\window_0008.xml
,PM 11:50,선우,마음은 영원해도 시간은 영원하지 않으니까,C:\Users\yuyao\Desktop\fromm抓取\fromm_dump\02\window_0008.xml
,PM 11:52,선우,언제나 더비가 자랑스러움,C:\Users\yuyao\Desktop\fromm抓取\fromm_dump\02\window_0008.xml
,PM 11:52,선우,누가 밖에서 뭐라하고 욕하고 어쩌고 해도,C:\Users\yuyao\Desktop\fromm抓取\fromm_dump\02\window_0008.xml
,PM 11:52,선우,그들은 진짜 너넬 몰라,C:\Users\yuyao\Desktop\fromm抓取\fromm_dump\02\window_0009.xml
,PM 11:52,선우,그런 거에 휘둘리지마,C:\Users\yuyao\Desktop\fromm抓取\fromm_dump\02\window_0009.xml
,PM 11:52,선우,누군갈 응원해주고 좋아해주는 사람을 욕할 수 있는 사람이 이세상에 어딨음,C:\Users\yuyao\Desktop\fromm抓取\fromm_dump\02\window_0009.xml
,PM 11:52,선우,더비는 덥즈가 지켜주께,C:\Users\yuyao\Desktop\fromm抓取\fromm_dump\02\window_0009.xml
,PM 11:54,선우,그러니까 울 더비들도,C:\Users\yuyao\Desktop\fromm抓取\fromm_dump\02\window_0010.xml
,PM 11:54,선우,현생도 힘내구,C:\Users\yuyao\Desktop\fromm抓取\fromm_dump\02\window_0010.xml
,PM 11:54,선우,힘 마니 받아가,C:\Users\yuyao\Desktop\fromm抓取\fromm_dump\02\window_0010.xml
,PM 11:55,선우,힘든 거 있으면 털어놓구여,C:\Users\yuyao\Desktop\fromm抓取\fromm_dump\02\window_0010.xml
,PM 11:56,선우,막무가내로 응원만 받으려고 가수하고 싶었던 거 아니니께,C:\Users\yuyao\Desktop\fromm抓取\fromm_dump\02\window_0010.xml
,PM 11:56,선우,사람이 느끼는 마음들 솔직하게 공유하고 감정 나누자,C:\Users\yuyao\Desktop\fromm抓取\fromm_dump\02\window_0011.xml
,PM 11:58,선우,팬도 아이돌도 직업의 조금의 입장차이일 뿐이지 하늘아래 다 똑같은 사람이니까,C:\Users\yuyao\Desktop\fromm抓取\fromm_dump\02\window_0011.xml
,PM 11:58,선우,난 팬덤을 응원해주고 싶은 게 아니라 가냥 한명 한명이 힘냈으면 좋겠는 마음이야,C:\Users\yuyao\Desktop\fromm抓取\fromm_dump\02\window_0011.xml
,PM 11:59,선우,*그냥,C:\Users\yuyao\Desktop\fromm抓取\fromm_dump\02\window_0011.xml
,AM 12:01,선우,성격도 살아온 삶도 다다른 사람들끼리 같은 마음으로 하루하루를 이어나간다는 게 당연히 쉽지 않은 일이구,C:\Users\yuyao\Desktop\fromm抓取\fromm_dump\02\window_0012.xml
,AM 12:01,선우,다 다른,C:\Users\yuyao\Desktop\fromm抓取\fromm_dump\02\window_0012.xml
,AM 12:01,선우,당장 내 친구 내 직장 동료와도 잘 안 맞을 수 있는 건데,C:\Users\yuyao\Desktop\fromm抓取\fromm_dump\02\window_0012.xml
,AM 12:01,선우,당연히 우당탕탕 쉽지 않지,C:\Users\yuyao\Desktop\fromm抓取\fromm_dump\02\window_0013.xml
,AM 12:01,선우,사람이 다 그런 건데,C:\Users\yuyao\Desktop\fromm抓取\fromm_dump\02\window_0013.xml
,AM 12:02,선우,그러니까 더비들끼리도 너도 나도,C:\Users\yuyao\Desktop\fromm抓取\fromm_dump\02\window_0013.xml
,AM 12:02,선우,맞춰나가보자,C:\Users\yuyao\Desktop\fromm抓取\fromm_dump\02\window_0013.xml
,AM 12:02,선우,그것도 사랑하니까 사랑해야 맞춰나갈 수 있는 거니깡,C:\Users\yuyao\Desktop\fromm抓取\fromm_dump\02\window_0013.xml
,AM 12:03,선우,그리고 방금 글 중에 봤는데,C:\Users\yuyao\Desktop\fromm抓取\fromm_dump\02\window_0014.xml
,AM 12:03,선우,즐겜 하자는 마인드로 하자는 거 좋아,C:\Users\yuyao\Desktop\fromm抓取\fromm_dump\02\window_0014.xml
,AM 12:03,선우,즐겜 하자 ㅋ,C:\Users\yuyao\Desktop\fromm抓取\fromm_dump\02\window_0014.xml
,AM 12:04,선우,스겜은 안됨,C:\Users\yuyao\Desktop\fromm抓取\fromm_dump\02\window_0014.xml
,,선우,스겜은 뭔가 어감이,C:\Users\yuyao\Desktop\fromm抓取\fromm_dump\02\window_0014.xml
,AM 12:04,선우,스겜은 뭔가 어감이,C:\Users\yuyao\Desktop\fromm抓取\fromm_dump\02\window_0015.xml
,AM 12:04,선우,스겜하고 다른 사람 좋아할 것 같은 느낌,C:\Users\yuyao\Desktop\fromm抓取\fromm_dump\02\window_0015.xml
,AM 12:04,선우,ㅋㅋㅋㅋㅋㅋㅋㅋㅋㅋㅋㅋㅋㅋㅋㅋㅋㅋㅋㅋㅋ,C:\Users\yuyao\Desktop\fromm抓取\fromm_dump\02\window_0015.xml
,AM 12:05,선우,나도 스겜이 좋긴 한데,C:\Users\yuyao\Desktop\fromm抓取\fromm_dump\02\window_0015.xml
,AM 12:05,선우,우리 사이에서는 안되지^^,C:\Users\yuyao\Desktop\fromm抓取\fromm_dump\02\window_0015.xml
,AM 12:06,선우,근데 더비가 다른 사람도 좋아할 수도 있지 뭐! 난 그런 건 질투 안 느껴서,C:\Users\yuyao\Desktop\fromm抓取\fromm_dump\02\window_0016.xml
,AM 12:06,선우,더비가 행복한 거 해여,C:\Users\yuyao\Desktop\fromm抓取\fromm_dump\02\window_0016.xml
,AM 12:06,선우,(훌쩍이며),C:\Users\yuyao\Desktop\fromm抓取\fromm_dump\02\window_0016.xml
,AM 12:13,선우,잠시만,C:\Users\yuyao\Desktop\fromm抓取\fromm_dump\02\window_0016.xml
,AM 12:13,선우,나 1퍼,C:\Users\yuyao\Desktop\fromm抓取\fromm_dump\02\window_0016.xml
,AM 12:13,선우,폰꺼진다,C:\Users\yuyao\Desktop\fromm抓取\fromm_dump\02\window_0017.xml
,AM 12:13,선우,야,C:\Users\yuyao\Desktop\fromm抓取\fromm_dump\02\window_0017.xml
,AM 12:13,선우,나 씻고 와야하니까,C:\Users\yuyao\Desktop\fromm抓取\fromm_dump\02\window_0017.xml
,AM 12:13,선우,자기 잔에,C:\Users\yuyao\Desktop\fromm抓取\fromm_dump\02\window_0017.xml
,,선우,아,C:\Users\yuyao\Desktop\fromm抓取\fromm_dump\02\window_0017.xml
,AM 12:13,선우,아,C:\Users\yuyao\Desktop\fromm抓取\fromm_dump\02\window_0018.xml
,AM 12:13,선우,노래들으면서,C:\Users\yuyao\Desktop\fromm抓取\fromm_dump\02\window_0018.xml
,AM 12:13,선우,씻으랴구햏는데,C:\Users\yuyao\Desktop\fromm抓取\fromm_dump\02\window_0018.xml
,AM 12:13,선우,젠장,C:\Users\yuyao\Desktop\fromm抓取\fromm_dump\02\window_0018.xml
,AM 12:14,선우,나 ㅋ삿고,C:\Users\yuyao\Desktop\fromm抓取\fromm_dump\02\window_0018.xml
,,선우,씻고,C:\Users\yuyao\Desktop\fromm抓取\fromm_dump\02\window_0018.xml
,AM 12:14,선우,씻고,C:\Users\yuyao\Desktop\fromm抓取\fromm_dump\02\window_0019.xml
,AM 12:14,선우,충전시키고,C:\Users\yuyao\Desktop\fromm抓取\fromm_dump\02\window_0019.xml
,AM 12:14,선우,잘 땨,C:\Users\yuyao\Desktop\fromm抓取\fromm_dump\02\window_0019.xml
,AM 12:14,선우,말해줌,C:\Users\yuyao\Desktop\fromm抓取\fromm_dump\02\window_0019.xml
,AM 12:14,선우,안녕,C:\Users\yuyao\Desktop\fromm抓取\fromm_dump\02\window_0019.xml
,,선우,ㅅㄹㅎ,C:\Users\yuyao\Desktop\fromm抓取\fromm_dump\02\window_0019.xml
,AM 12:14,선우,ㅅㄹㅎ,C:\Users\yuyao\Desktop\fromm抓取\fromm_dump\02\window_0020.xml
,AM 12:14,선우,ㅃ2,C:\Users\yuyao\Desktop\fromm抓取\fromm_dump\02\window_0020.xml
,AM 12:14,선우,아 노래들으면서 씻으려고래효느대ㅜ유ㅠㅜ뉴ㅠ유우ㅠㅠ 하지만,C:\Users\yuyao\Desktop\fromm抓取\fromm_dump\02\window_0020.xml
,AM 12:14,선우,후회는 업따✨💕,C:\Users\yuyao\Desktop\fromm抓取\fromm_dump\02\window_0020.xml
,AM 12:14,선우,빠이,C:\Users\yuyao\Desktop\fromm抓取\fromm_dump\02\window_0020.xml
,AM 1:21,선우,더비들 나 이제 잔다!!,C:\Users\yuyao\Desktop\fromm抓取\fromm_dump\02\window_0021.xml
,AM 1:21,선우,굿밤 하구,C:\Users\yuyao\Desktop\fromm抓取\fromm_dump\02\window_0021.xml
,AM 1:21,선우,좋은 꿈꿔👋😆👋,C:\Users\yuyao\Desktop\fromm抓取\fromm_dump\02\window_0021.xml
,AM 1:21,선우,오늘 나 놀아줘서 고마워~~~~~,C:\Users\yuyao\Desktop\fromm抓取\fromm_dump\02\window_0021.xml
,AM 1:21,선우,🤭굿나잇,C:\Users\yuyao\Desktop\fromm抓取\fromm_dump\02\window_0021.xml
,AM 1:23,선우,사랑합니다,C:\Users\yuyao\Desktop\fromm抓取\fromm_dump\02\window_0022.xml
,PM 3:55,선우,오늘 날씨 좋은 척하면서 댕추우니까,C:\Users\yuyao\Desktop\fromm抓取\fromm_dump\02\window_0022.xml
,PM 3:55,선우,따뜻하게 입고 댕기셈,C:\Users\yuyao\Desktop\fromm抓取\fromm_dump\02\window_0022.xml
,PM 3:56,선우,창문보고 어머~! 완전 봄이자나~💕 하고 나왔다가 콧물 질질 엔딩,C:\Users\yuyao\Desktop\fromm抓取\fromm_dump\02\window_0022.xml
,PM 3:56,선우,하지말고,C:\Users\yuyao\Desktop\fromm抓取\fromm_dump\02\window_0023.xml
,PM 3:56,선우,그게 나야,C:\Users\yuyao\Desktop\fromm抓取\fromm_dump\02\window_0023.xml
,PM 3:56,선우,뚜밥 두밥,C:\Users\yuyao\Desktop\fromm抓取\fromm_dump\02\window_0023.xml
,PM 3:56,선우,두비두밥,C:\Users\yuyao\Desktop\fromm抓取\fromm_dump\02\window_0023.xml
,PM 3:56,선우,아 그거 해본 사람,C:\Users\yuyao\Desktop\fromm抓取\fromm_dump\02\window_0023.xml
,PM 3:56,선우,그 뭐야,C:\Users\yuyao\Desktop\fromm抓取\fromm_dump\02\window_0024.xml
,PM 3:56,선우,알러지 검사 더 다양하게ㅜ나오는 거,C:\Users\yuyao\Desktop\fromm抓取\fromm_dump\02\window_0024.xml
,PM 3:57,선우,그거 근거 없다는 소리도 있긴 한데,C:\Users\yuyao\Desktop\fromm抓取\fromm_dump\02\window_0024.xml
,PM 3:57,선우,막 붓는 음식 안 먹었는데도,C:\Users\yuyao\Desktop\fromm抓取\fromm_dump\02\window_0024.xml
,,선우,평소 보다 붓고 이런 것들이,C:\Users\yuyao\Desktop\fromm抓取\fromm_dump\02\window_0024.xml
,PM 3:57,선우,평소 보다 붓고 이런 것들이,C:\Users\yuyao\Desktop\fromm抓取\fromm_dump\02\window_0025.xml
,PM 3:57,선우,안 맞는 음식들을 나도 모르게 먹어서 그런 거일 수도 있대,C:\Users\yuyao\Desktop\fromm抓取\fromm_dump\02\window_0025.xml
,PM 3:58,선우,지연성 알러지검사,C:\Users\yuyao\Desktop\fromm抓取\fromm_dump\02\window_0025.xml
,PM 3:58,선우,ㅇㅇ,C:\Users\yuyao\Desktop\fromm抓取\fromm_dump\02\window_0025.xml
,,선우,왜냐면 나도 막 라면 먹고 해도 안 붓는 날이 있는데 붓는 거 일부러 안 먹고 이런 날에 막 다음날에 이상하게 붓고 그럴 때도 있더라고,C:\Users\yuyao\Desktop\fromm抓取\fromm_dump\02\window_0025.xml
,PM 3:58,선우,왜냐면 나도 막 라면 먹고 해도 안 붓는 날이 있는데 붓는 거 일부러 안 먹고 이런 날에 막 다음날에 이상하게 붓고 그럴 때도 있더라고,C:\Users\yuyao\Desktop\fromm抓取\fromm_dump\02\window_0026.xml
,PM 3:58,선우,확실히 그런 게 있나봄,C:\Users\yuyao\Desktop\fromm抓取\fromm_dump\02\window_0026.xml
,PM 3:58,선우,피검사하면,C:\Users\yuyao\Desktop\fromm抓取\fromm_dump\02\window_0026.xml
,PM 3:58,선우,나온대,C:\Users\yuyao\Desktop\fromm抓取\fromm_dump\02\window_0026.xml
,PM 3:59,선우,뭐 염분 때문에도 있지만,C:\Users\yuyao\Desktop\fromm抓取\fromm_dump\02\window_0026.xml
,PM 3:59,선우,내 몸에 염증 반응 일으키는 음식들도,C:\Users\yuyao\Desktop\fromm抓取\fromm_dump\02\window_0027.xml
,PM 3:59,선우,좀 알아낼 수 있고,C:\Users\yuyao\Desktop\fromm抓取\fromm_dump\02\window_0027.xml
,PM 3:59,선우,그런 거여서,C:\Users\yuyao\Desktop\fromm抓取\fromm_dump\02\window_0027.xml
,PM 3:59,선우,해볼라고,C:\Users\yuyao\Desktop\fromm抓取\fromm_dump\02\window_0027.xml
,PM 3:59,선우,나부터 하고,C:\Users\yuyao\Desktop\fromm抓取\fromm_dump\02\window_0027.xml
,PM 3:59,선우,후기 알려드림,C:\Users\yuyao\Desktop\fromm抓取\fromm_dump\02\window_0028.xml
,PM 3:59,선우,근데,C:\Users\yuyao\Desktop\fromm抓取\fromm_dump\02\window_0028.xml
,PM 3:59,선우,문제는,C:\Users\yuyao\Desktop\fromm抓取\fromm_dump\02\window_0028.xml
,PM 4:00,선우,어디서 해야함?,C:\Users\yuyao\Desktop\fromm抓取\fromm_dump\02\window_0028.xml
,PM 4:00,선우,대학병원이랑 피부과 둘 중에 하나인 것 같은데,C:\Users\yuyao\Desktop\fromm抓取\fromm_dump\02\window_0028.xml
,PM 4:01,선우,내과?,C:\Users\yuyao\Desktop\fromm抓取\fromm_dump\02\window_0029.xml
,PM 4:01,선우,몰라 네이버에 쳐서,C:\Users\yuyao\Desktop\fromm抓取\fromm_dump\02\window_0029.xml
,PM 4:01,선우,해보고 올게 시간날 때,C:\Users\yuyao\Desktop\fromm抓取\fromm_dump\02\window_0029.xml
,PM 4:01,선우,근데 비쌈,C:\Users\yuyao\Desktop\fromm抓取\fromm_dump\02\window_0029.xml
,PM 4:02,선우,20부터 시작인 듯,C:\Users\yuyao\Desktop\fromm抓取\fromm_dump\02\window_0029.xml
,PM 4:02,선우,더 많이 보려면 더 내야하고,C:\Users\yuyao\Desktop\fromm抓取\fromm_dump\02\window_0030.xml
,PM 4:02,선우,추첨해서 두명 내가 내줌,C:\Users\yuyao\Desktop\fromm抓取\fromm_dump\02\window_0030.xml
,PM 4:02,선우,근데 당첨됐는데 그걸로 화장품 사면,C:\Users\yuyao\Desktop\fromm抓取\fromm_dump\02\window_0030.xml
,PM 4:03,선우,가만 안도,C:\Users\yuyao\Desktop\fromm抓取\fromm_dump\02\window_0030.xml
,PM 4:03,선우,브링그린 이러네,C:\Users\yuyao\Desktop\fromm抓取\fromm_dump\02\window_0031.xml
,PM 4:03,선우,ㅋㅋ 넌 합격이다 ~!,C:\Users\yuyao\Desktop\fromm抓取\fromm_dump\02\window_0031.xml
,PM 4:04,선우,처음이자 마지막으로 한 번 추첨 해볼게요 다들 계좌 적어보세요 대신 진짜 검사로만 써야함,C:\Users\yuyao\Desktop\fromm抓取\fromm_dump\02\window_0031.xml
,PM 4:04,선우,ㅇㅇ 어차피 한 번 하고 막힐 짓임,C:\Users\yuyao\Desktop\fromm抓取\fromm_dump\02\window_0031.xml
,,선우,하고 온 거 인증까지 해야함,C:\Users\yuyao\Desktop\fromm抓取\fromm_dump\02\window_0031.xml
,PM 4:05,선우,하고 온 거 인증까지 해야함,C:\Users\yuyao\Desktop\fromm抓取\fromm_dump\02\window_0032.xml
,PM 4:13,선우,아 근데 이거 뭐 병원에 대한 거에 뭐 이해는 못했지만 복잡하게 뭐가 걸릴 수도 있다고 해서 제지 당함,C:\Users\yuyao\Desktop\fromm抓取\fromm_dump\02\window_0032.xml
,PM 4:13,선우,다음에 재밌는 도움되는 공식 이벤트로,C:\Users\yuyao\Desktop\fromm抓取\fromm_dump\02\window_0032.xml
,PM 4:13,선우,찾아오겠습니다,C:\Users\yuyao\Desktop\fromm抓取\fromm_dump\02\window_0032.xml
,,선우,ㅋㅋㅋㅋㅋㅋㅋㅋㅋㅋㅋㅋㅋㅋㅋㅋㅋㅋㅋㅋㅋ,C:\Users\yuyao\Desktop\fromm抓取\fromm_dump\02\window_0032.xml
,PM 4:13,선우,ㅋㅋㅋㅋㅋㅋㅋㅋㅋㅋㅋㅋㅋㅋㅋㅋㅋㅋㅋㅋㅋ,C:\Users\yuyao\Desktop\fromm抓取\fromm_dump\02\window_0033.xml
,PM 4:13,선우,아니 연락이 불 같이 바로 와서 막혔어,C:\Users\yuyao\Desktop\fromm抓取\fromm_dump\02\window_0033.xml
,PM 4:14,선우,ㅈㅅ,C:\Users\yuyao\Desktop\fromm抓取\fromm_dump\02\window_0033.xml
,PM 4:14,선우,담에 더 많은 더비들이,C:\Users\yuyao\Desktop\fromm抓取\fromm_dump\02\window_0033.xml
,PM 4:14,선우,이득 볼 수 있는,C:\Users\yuyao\Desktop\fromm抓取\fromm_dump\02\window_0033.xml
,PM 4:14,선우,무언가로 함 다시 찾아오겠습니다~!,C:\Users\yuyao\Desktop\fromm抓取\fromm_dump\02\window_0034.xml
,PM 4:14,선우,선우의 깜짝 이벤트~! 첫번째,C:\Users\yuyao\Desktop\fromm抓取\fromm_dump\02\window_0034.xml
,PM 4:14,선우,실패 !,C:\Users\yuyao\Desktop\fromm抓取\fromm_dump\02\window_0034.xml
,PM 4:15,선우,내가 미리 점찍어둔 두분께는,C:\Users\yuyao\Desktop\fromm抓取\fromm_dump\02\window_0034.xml
,PM 4:15,선우,죄송합니다,C:\Users\yuyao\Desktop\fromm抓取\fromm_dump\02\window_0034.xml
,PM 4:15,선우,그게 당신이었을 수도 있다는 희망,C:\Users\yuyao\Desktop\fromm抓取\fromm_dump\02\window_0035.xml
,PM 4:15,선우,잘 알고 있습니다,C:\Users\yuyao\Desktop\fromm抓取\fromm_dump\02\window_0035.xml
,PM 4:16,선우,도박의 위험성을 다시 한 번 깨닫는 순간이었길 바라며,C:\Users\yuyao\Desktop\fromm抓取\fromm_dump\02\window_0035.xml
,PM 4:16,선우,다음에 건전한 도박으로 찾아오겠습니다,C:\Users\yuyao\Desktop\fromm抓取\fromm_dump\02\window_0035.xml
,PM 4:17,선우,ㅋㅋㅋㅋㅋㅋ아니,C:\Users\yuyao\Desktop\fromm抓取\fromm_dump\02\window_0036.xml
,PM 4:17,선우,간만에 도파민 터졌는데 하면서 아쉬워하는 더비들 왤케 웃기냐,C:\Users\yuyao\Desktop\fromm抓取\fromm_dump\02\window_0036.xml
,PM 4:17,선우,나만으 아기 개그우먼,C:\Users\yuyao\Desktop\fromm抓取\fromm_dump\02\window_0036.xml
,PM 4:17,선우,더비,C:\Users\yuyao\Desktop\fromm抓取\fromm_dump\02\window_0036.xml
,,선우,형 개그맨은요 라는 댓글이 있는데,C:\Users\yuyao\Desktop\fromm抓取\fromm_dump\02\window_0036.xml
,PM 4:18,선우,형 개그맨은요 라는 댓글이 있는데,C:\Users\yuyao\Desktop\fromm抓取\fromm_dump\02\window_0037.xml
,PM 4:18,선우,넌 아기 아냐 인마,C:\Users\yuyao\Desktop\fromm抓取\fromm_dump\02\window_0037.xml
,PM 4:18,선우,다 커가지고,C:\Users\yuyao\Desktop\fromm抓取\fromm_dump\02\window_0037.xml
,PM 4:18,선우,뭔 애기야,C:\Users\yuyao\Desktop\fromm抓取\fromm_dump\02\window_0037.xml
,,선우,"(더비소녀) 울 아가 더비들~ 거ㅐㄴ차나 우쭈쭈💕
(더비소년) 짜샤 고맙다 ㅋ 오래가자 ~",C:\Users\yuyao\Desktop\fromm抓取\fromm_dump\02\window_0037.xml
,PM 4:19,선우,"(더비소녀) 울 아가 더비들~ 거ㅐㄴ차나 우쭈쭈💕
(더비소년) 짜샤 고맙다 ㅋ 오래가자 ~",C:\Users\yuyao\Desktop\fromm抓取\fromm_dump\02\window_0038.xml
,PM 4:20,선우,근데 남자팬분들 진짜 많이 없긴 해,C:\Users\yuyao\Desktop\fromm抓取\fromm_dump\02\window_0038.xml
,PM 4:20,선우,형님들 왜 나 안좋아해주냐,C:\Users\yuyao\Desktop\fromm抓取\fromm_dump\02\window_0038.xml
,PM 4:20,선우,어이없네,C:\Users\yuyao\Desktop\fromm抓取\fromm_dump\02\window_0038.xml
,PM 4:21,선우,너네 주변 남사친들 영업 좀 해봐,C:\Users\yuyao\Desktop\fromm抓取\fromm_dump\02\window_0038.xml
,PM 4:21,선우,이형 이 동생 웃기다고,C:\Users\yuyao\Desktop\fromm抓取\fromm_dump\02\window_0039.xml
,PM 4:22,선우,다른 감정 말고 그냥 친동생 친형 느낌으로,C:\Users\yuyao\Desktop\fromm抓取\fromm_dump\02\window_0039.xml
,PM 4:22,선우,근데 남자팬이 팬싸와서 선우형 코~! 하면,C:\Users\yuyao\Desktop\fromm抓取\fromm_dump\02\window_0039.xml
,PM 4:22,선우,내 아이돌적 면모를 그때 시험 가능할 듯,C:\Users\yuyao\Desktop\fromm抓取\fromm_dump\02\window_0039.xml
,PM 4:23,선우,너 어디살아? 바로 나올 듯,C:\Users\yuyao\Desktop\fromm抓取\fromm_dump\02\window_0040.xml
,PM 4:23,선우,장난이고 다 똑같은 팬분들이라서,C:\Users\yuyao\Desktop\fromm抓取\fromm_dump\02\window_0040.xml
,PM 4:23,선우,무조건 할 거야 난,C:\Users\yuyao\Desktop\fromm抓取\fromm_dump\02\window_0040.xml
,PM 4:24,선우,팬싸 와줬는데 코 ~! 하면 해줘야지,C:\Users\yuyao\Desktop\fromm抓取\fromm_dump\02\window_0040.xml
,PM 4:24,선우,대신,C:\Users\yuyao\Desktop\fromm抓取\fromm_dump\02\window_0040.xml
,PM 4:24,선우,"이글거리는 눈빛으로,,",C:\Users\yuyao\Desktop\fromm抓取\fromm_dump\02\window_0041.xml
,PM 4:25,선우,뭐 장난식으로 말했지만 난 다 감사해서 모두 더보이즈 하세요~!🫶남녀노소~!,C:\Users\yuyao\Desktop\fromm抓取\fromm_dump\02\window_0041.xml
,PM 4:26,선우,남팬 오면 하고 싶은 거,C:\Users\yuyao\Desktop\fromm抓取\fromm_dump\02\window_0041.xml
,PM 4:26,선우,팔씨름 뜨기,C:\Users\yuyao\Desktop\fromm抓取\fromm_dump\02\window_0041.xml
,PM 4:26,선우,지면 그날 팬싸 망칠 것 같긴 해 ~,C:\Users\yuyao\Desktop\fromm抓取\fromm_dump\02\window_0042.xml
,PM 4:27,선우,남자 후배애들한테 연락이 너무 많이 와서,C:\Users\yuyao\Desktop\fromm抓取\fromm_dump\02\window_0042.xml
,PM 4:27,선우,기특하고,C:\Users\yuyao\Desktop\fromm抓取\fromm_dump\02\window_0042.xml
,PM 4:27,선우,챙겨주고 싶고,C:\Users\yuyao\Desktop\fromm抓取\fromm_dump\02\window_0042.xml
,PM 4:28,선우,내가 진짜 맏형이었으면,C:\Users\yuyao\Desktop\fromm抓取\fromm_dump\02\window_0042.xml
,PM 4:28,선우,동생들 진짜 잘 다룰 텐데,C:\Users\yuyao\Desktop\fromm抓取\fromm_dump\02\window_0043.xml
,PM 4:28,선우,하필 막내여가지고,C:\Users\yuyao\Desktop\fromm抓取\fromm_dump\02\window_0043.xml
,PM 4:28,선우,난 늘 동생들과 지냈는데,C:\Users\yuyao\Desktop\fromm抓取\fromm_dump\02\window_0043.xml
,PM 4:28,선우,막내노릇 힘들다 ~!,C:\Users\yuyao\Desktop\fromm抓取\fromm_dump\02\window_0043.xml
,PM 4:28,선우,(하는 거 없음),C:\Users\yuyao\Desktop\fromm抓取\fromm_dump\02\window_0043.xml
,PM 4:29,선우,진짜 댕편해~! 꺄핳,C:\Users\yuyao\Desktop\fromm抓取\fromm_dump\02\window_0044.xml
,PM 4:29,선우,막💕내💕조💕아💕,C:\Users\yuyao\Desktop\fromm抓取\fromm_dump\02\window_0044.xml
,PM 4:29,선우,형아들한테ㅔ미안하지만 좀 챙김받고 예쁨 받고 웃겨주고~ 분위기 풀어주고~,C:\Users\yuyao\Desktop\fromm抓取\fromm_dump\02\window_0044.xml
,PM 4:30,선우,그게 막내 노릇이지 뭐><,C:\Users\yuyao\Desktop\fromm抓取\fromm_dump\02\window_0044.xml
,PM 4:30,선우,내가 너무 의젓한 모습을 보이면 형들이 심란해질까봐,C:\Users\yuyao\Desktop\fromm抓取\fromm_dump\02\window_0045.xml
,PM 4:30,선우,일부러 안 그러는 거야 ~,C:\Users\yuyao\Desktop\fromm抓取\fromm_dump\02\window_0045.xml
,PM 4:31,선우,그래서 가끔 자아충돌 옴 ㄹㅇ,C:\Users\yuyao\Desktop\fromm抓取\fromm_dump\02\window_0045.xml
,PM 4:31,선우,난 이제 우리끼리 있을 때도 나서서 막 웃갸주고 그러고 싶지 않고 얌전히 그냥 있고 싶은 날도 있는데,C:\Users\yuyao\Desktop\fromm抓取\fromm_dump\02\window_0045.xml
,PM 4:31,선우,그런 상황이 오면,C:\Users\yuyao\Desktop\fromm抓取\fromm_dump\02\window_0046.xml
,PM 4:32,선우,반사적으로 말과 행동이 튀어나옴,C:\Users\yuyao\Desktop\fromm抓取\fromm_dump\02\window_0046.xml
,PM 4:32,선우,이제 어쩔 수 없는 거임,C:\Users\yuyao\Desktop\fromm抓取\fromm_dump\02\window_0046.xml
,PM 4:32,선우,내 몸과 생각이 따로 놀아,C:\Users\yuyao\Desktop\fromm抓取\fromm_dump\02\window_0046.xml
,PM 4:32,선우,광대자처 하기,C:\Users\yuyao\Desktop\fromm抓取\fromm_dump\02\window_0046.xml
,PM 4:32,선우,에릭은 피지컬 광대,C:\Users\yuyao\Desktop\fromm抓取\fromm_dump\02\window_0047.xml
,PM 4:32,선우,난 뇌지컬 광대,C:\Users\yuyao\Desktop\fromm抓取\fromm_dump\02\window_0047.xml
,PM 4:33,선우,난 상황 판단 한 후에 툭툭 이고,C:\Users\yuyao\Desktop\fromm抓取\fromm_dump\02\window_0047.xml
,PM 4:33,선우,에릭은 그냥 상황 그딴 거 없이 얼탱이 없게 밀어붙여서,C:\Users\yuyao\Desktop\fromm抓取\fromm_dump\02\window_0047.xml
,,선우,결국엔 웃게 만드는,C:\Users\yuyao\Desktop\fromm抓取\fromm_dump\02\window_0047.xml
,PM 4:33,선우,결국엔 웃게 만드는,C:\Users\yuyao\Desktop\fromm抓取\fromm_dump\02\window_0048.xml
,PM 4:33,선우,탱크 스타일,C:\Users\yuyao\Desktop\fromm抓取\fromm_dump\02\window_0048.xml
,PM 4:34,선우,난 유도미사일,C:\Users\yuyao\Desktop\fromm抓取\fromm_dump\02\window_0048.xml
,PM 4:34,선우,나 원딜 에릭 탱커,C:\Users\yuyao\Desktop\fromm抓取\fromm_dump\02\window_0048.xml
,PM 4:34,선우,제이콥 서포터,C:\Users\yuyao\Desktop\fromm抓取\fromm_dump\02\window_0048.xml
,,선우,현재 딜러,C:\Users\yuyao\Desktop\fromm抓取\fromm_dump\02\window_0048.xml
,PM 4:34,선우,현재 딜러,C:\Users\yuyao\Desktop\fromm抓取\fromm_dump\02\window_0049.xml
,PM 4:35,선우,상연 게임 만든 주인장,C:\Users\yuyao\Desktop\fromm抓取\fromm_dump\02\window_0049.xml
,PM 4:35,선우,뉴는 상점 주인,C:\Users\yuyao\Desktop\fromm抓取\fromm_dump\02\window_0049.xml
,PM 4:36,선우,제이콥이 힐러다,C:\Users\yuyao\Desktop\fromm抓取\fromm_dump\02\window_0049.xml
,PM 4:36,선우,서포터는 학년 느낌,C:\Users\yuyao\Desktop\fromm抓取\fromm_dump\02\window_0049.xml
,PM 4:36,선우,그리고 게임 안에 혼자 이상하게 돌아다니는 엔피씨,C:\Users\yuyao\Desktop\fromm抓取\fromm_dump\02\window_0050.xml
,PM 4:36,선우,케빈,C:\Users\yuyao\Desktop\fromm抓取\fromm_dump\02\window_0050.xml
,PM 4:36,선우,창민이는 그 게임 리액션 유튜버임,C:\Users\yuyao\Desktop\fromm抓取\fromm_dump\02\window_0050.xml
,PM 4:36,선우,창민이래,C:\Users\yuyao\Desktop\fromm抓取\fromm_dump\02\window_0050.xml
,PM 4:36,선우,창민이 형 ㅋㅋ,C:\Users\yuyao\Desktop\fromm抓取\fromm_dump\02\window_0050.xml
,PM 4:37,선우,주연이 형은 원딜이긴 한데,C:\Users\yuyao\Desktop\fromm抓取\fromm_dump\02\window_0051.xml
,PM 4:37,선우,두번째 주자 느낌임,C:\Users\yuyao\Desktop\fromm抓取\fromm_dump\02\window_0051.xml
,PM 4:37,선우,후보선수,C:\Users\yuyao\Desktop\fromm抓取\fromm_dump\02\window_0051.xml
,PM 4:37,선우,왜냐면 덜 웃긴게 아니라,C:\Users\yuyao\Desktop\fromm抓取\fromm_dump\02\window_0051.xml
,PM 4:37,선우,아니다,C:\Users\yuyao\Desktop\fromm抓取\fromm_dump\02\window_0051.xml
,PM 4:37,선우,주연은 감독임,C:\Users\yuyao\Desktop\fromm抓取\fromm_dump\02\window_0052.xml
,PM 4:37,선우,주연이 형은 이 흐름을 알아서,C:\Users\yuyao\Desktop\fromm抓取\fromm_dump\02\window_0052.xml
,PM 4:38,선우,본인이 당하거나 주도하는 흐름을 알아서 만듦,C:\Users\yuyao\Desktop\fromm抓取\fromm_dump\02\window_0052.xml
,PM 4:38,선우,그래서 노잼도 본인이 의도하고 노잼으로 만듦,C:\Users\yuyao\Desktop\fromm抓取\fromm_dump\02\window_0052.xml
,PM 4:38,선우,큰그림을 그림 주연이형은,C:\Users\yuyao\Desktop\fromm抓取\fromm_dump\02\window_0053.xml
,PM 4:38,선우,근데 그걸 알아보고 받아줄 수 있는 인재가 몇 없을 뿐,C:\Users\yuyao\Desktop\fromm抓取\fromm_dump\02\window_0053.xml
,PM 4:39,선우,영훈이 형은 그냥 주최자 아들임,C:\Users\yuyao\Desktop\fromm抓取\fromm_dump\02\window_0053.xml
,PM 4:39,선우,이 모든 걸 보며 그냥,C:\Users\yuyao\Desktop\fromm抓取\fromm_dump\02\window_0053.xml
,,선우,행복하게 깔깔 웃는,C:\Users\yuyao\Desktop\fromm抓取\fromm_dump\02\window_0053.xml
,PM 4:39,선우,행복하게 깔깔 웃는,C:\Users\yuyao\Desktop\fromm抓取\fromm_dump\02\window_0054.xml
,PM 4:39,선우,걱정없는 주최자 아들,C:\Users\yuyao\Desktop\fromm抓取\fromm_dump\02\window_0054.xml
,PM 4:39,선우,뉴형은 말했잖아,C:\Users\yuyao\Desktop\fromm抓取\fromm_dump\02\window_0054.xml
,PM 4:39,선우,게임 상점 주인 ㅋㅋ,C:\Users\yuyao\Desktop\fromm抓取\fromm_dump\02\window_0054.xml
,PM 4:40,선우,"더비는 ,,",C:\Users\yuyao\Desktop\fromm抓取\fromm_dump\02\window_0054.xml
,,선우,다른 뜻으로 말하는 거 아님 비유법임,C:\Users\yuyao\Desktop\fromm抓取\fromm_dump\02\window_0054.xml
,PM 4:40,선우,다른 뜻으로 말하는 거 아님 비유법임,C:\Users\yuyao\Desktop\fromm抓取\fromm_dump\02\window_0055.xml
,PM 4:40,선우,"투자자,,,야",C:\Users\yuyao\Desktop\fromm抓取\fromm_dump\02\window_0055.xml
,PM 4:41,선우,비..비유법..,C:\Users\yuyao\Desktop\fromm抓取\fromm_dump\02\window_0055.xml
,PM 4:41,선우,끼잉..,C:\Users\yuyao\Desktop\fromm抓取\fromm_dump\02\window_0055.xml
,PM 4:42,선우,그냥 모든 게 돌아가게 만드는 이유라는 거지 ㅋ,C:\Users\yuyao\Desktop\fromm抓取\fromm_dump\02\window_0055.xml
,PM 4:42,선우,투자가 중점이 아냐~^^!!,C:\Users\yuyao\Desktop\fromm抓取\fromm_dump\02\window_0056.xml
,PM 4:42,선우,선우의 오랜만에,C:\Users\yuyao\Desktop\fromm抓取\fromm_dump\02\window_0056.xml
,PM 4:42,선우,돌아온,C:\Users\yuyao\Desktop\fromm抓取\fromm_dump\02\window_0056.xml
,PM 4:42,선우,캐해,C:\Users\yuyao\Desktop\fromm抓取\fromm_dump\02\window_0056.xml
,PM 4:42,선우,시간,C:\Users\yuyao\Desktop\fromm抓取\fromm_dump\02\window_0056.xml
,PM 4:42,선우,끝,C:\Users\yuyao\Desktop\fromm抓取\fromm_dump\02\window_0057.xml
,PM 4:42,선우,ㅋㅋㅋㅋㅋㅋㅋㅋㅋㅋㅋㅋㅋㅋㅋㅋㅋㅋㅋㅋㅋㅋㅋ,C:\Users\yuyao\Desktop\fromm抓取\fromm_dump\02\window_0057.xml
,PM 4:43,선우,급마무리,C:\Users\yuyao\Desktop\fromm抓取\fromm_dump\02\window_0057.xml
,PM 4:43,선우,밥 추천 함 때리바라,C:\Users\yuyao\Desktop\fromm抓取\fromm_dump\02\window_0057.xml
,PM 4:48,선우,잘 들었다,C:\Users\yuyao\Desktop\fromm抓取\fromm_dump\02\window_0057.xml
,PM 4:48,선우,밥 마이 묵으께 ~,C:\Users\yuyao\Desktop\fromm抓取\fromm_dump\02\window_0058.xml
,PM 4:48,선우,간단한 거 먹을래 배 안 고픔,C:\Users\yuyao\Desktop\fromm抓取\fromm_dump\02\window_0058.xml
,PM 4:19,선우,요 ~,C:\Users\yuyao\Desktop\fromm抓取\fromm_dump\02\window_0058.xml
,PM 4:19,선우,나 요즘 자주 오지,C:\Users\yuyao\Desktop\fromm抓取\fromm_dump\02\window_0058.xml
,PM 4:19,선우,예쁘지!!!!!!!,C:\Users\yuyao\Desktop\fromm抓取\fromm_dump\02\window_0059.xml
,PM 4:19,선우,예쁘다고 해,C:\Users\yuyao\Desktop\fromm抓取\fromm_dump\02\window_0059.xml
,PM 4:20,선우,오늘 아돌라도 잘 봐주고 ㅎㅎ,C:\Users\yuyao\Desktop\fromm抓取\fromm_dump\02\window_0059.xml
,PM 4:21,선우,난 뭐 수정 녹음하고 왔어 아돌라 가기 전엥,C:\Users\yuyao\Desktop\fromm抓取\fromm_dump\02\window_0059.xml
,,선우,나  아돌라 준비 중!!!,C:\Users\yuyao\Desktop\fromm抓取\fromm_dump\02\window_0059.xml
,PM 5:25,선우,나  아돌라 준비 중!!!,C:\Users\yuyao\Desktop\fromm抓取\fromm_dump\02\window_0060.xml
,PM 6:23,선우,내일,C:\Users\yuyao\Desktop\fromm抓取\fromm_dump\02\window_0060.xml
,PM 6:23,선우,락앤롤 첫방이당,C:\Users\yuyao\Desktop\fromm抓取\fromm_dump\02\window_0060.xml
,PM 6:23,선우,씬난당✨,C:\Users\yuyao\Desktop\fromm抓取\fromm_dump\02\window_0060.xml
,PM 6:24,선우,음중은 사녹이니까!!,C:\Users\yuyao\Desktop\fromm抓取\fromm_dump\02\window_0060.xml
,,선우,아닌가?,C:\Users\yuyao\Desktop\fromm抓取\fromm_dump\02\window_0060.xml
,PM 6:24,선우,아닌가?,C:\Users\yuyao\Desktop\fromm抓取\fromm_dump\02\window_0061.xml
,PM 6:24,선우,사실 잘 몰라 내일은 생방이구!!,C:\Users\yuyao\Desktop\fromm抓取\fromm_dump\02\window_0061.xml
,PM 6:25,선우,공지 나오면 바바 내가 먼저 알아서 말하면 안되는 걸 수도!!!,C:\Users\yuyao\Desktop\fromm抓取\fromm_dump\02\window_0061.xml
,PM 6:25,선우,사녹이길!!!,C:\Users\yuyao\Desktop\fromm抓取\fromm_dump\02\window_0061.xml
,,선우,락앤롤 노래도 취향이긴 하지만 무엇보다 난,C:\Users\yuyao\Desktop\fromm抓取\fromm_dump\02\window_0061.xml
,PM 6:26,선우,락앤롤 노래도 취향이긴 하지만 무엇보다 난,C:\Users\yuyao\Desktop\fromm抓取\fromm_dump\02\window_0062.xml
,PM 6:26,선우,미디움 템포를 좋아해,C:\Users\yuyao\Desktop\fromm抓取\fromm_dump\02\window_0062.xml
,PM 6:27,선우,노래에 호흡이 있어야 그 사이 사이에 느낌을 주고 이어갈 수 있다고 생각해서 노래에 틈이 있는 게 조아,C:\Users\yuyao\Desktop\fromm抓取\fromm_dump\02\window_0062.xml
,PM 6:27,선우,노래가 빠르면 그냥 준비 땅! 해서 그 첫 호흡으로 한 번에 가는 단거리 달리기 같은 느낌이라고 생각하구,C:\Users\yuyao\Desktop\fromm抓取\fromm_dump\02\window_0062.xml
,PM 6:28,선우,미디움 템포는 마라톤이야 중간에 물도 마시고 다른 느낌과 생각도 들어갈 수 있구 여유가 있어서 조아,C:\Users\yuyao\Desktop\fromm抓取\fromm_dump\02\window_0063.xml
,PM 6:28,선우,갠취,C:\Users\yuyao\Desktop\fromm抓取\fromm_dump\02\window_0063.xml
,PM 6:28,선우,ㅋㅋ,C:\Users\yuyao\Desktop\fromm抓取\fromm_dump\02\window_0063.xml
,PM 6:29,선우,내가 좋아하는 더보이즈 미듐 템포 곡은,C:\Users\yuyao\Desktop\fromm抓取\fromm_dump\02\window_0063.xml
,PM 6:29,선우,인새니티,C:\Users\yuyao\Desktop\fromm抓取\fromm_dump\02\window_0064.xml
,PM 6:29,선우,러샨룰렛,C:\Users\yuyao\Desktop\fromm抓取\fromm_dump\02\window_0064.xml
,PM 6:29,선우,또 그거,C:\Users\yuyao\Desktop\fromm抓取\fromm_dump\02\window_0064.xml
,PM 6:29,선우,제목 뭐야,C:\Users\yuyao\Desktop\fromm抓取\fromm_dump\02\window_0064.xml
,PM 6:30,선우,풀려가는 긴장가아아아아암~,C:\Users\yuyao\Desktop\fromm抓取\fromm_dump\02\window_0064.xml
,PM 6:30,선우,어쩌구 저쩌구 시티 라아아아ㅏ아잇,C:\Users\yuyao\Desktop\fromm抓取\fromm_dump\02\window_0065.xml
,PM 6:30,선우,아 무중력,C:\Users\yuyao\Desktop\fromm抓取\fromm_dump\02\window_0065.xml
,PM 6:30,선우,허니,C:\Users\yuyao\Desktop\fromm抓取\fromm_dump\02\window_0065.xml
,PM 6:30,선우,허니는 좀 애매하긴 하지만,C:\Users\yuyao\Desktop\fromm抓取\fromm_dump\02\window_0065.xml
,PM 6:31,선우,중간에 풀어지는 훅이 있어서,C:\Users\yuyao\Desktop\fromm抓取\fromm_dump\02\window_0065.xml
,PM 6:31,선우,쫄깃한 느낌 ㅋ,C:\Users\yuyao\Desktop\fromm抓取\fromm_dump\02\window_0066.xml
,PM 6:31,선우,메베엔도 좋아,C:\Users\yuyao\Desktop\fromm抓取\fromm_dump\02\window_0066.xml
,PM 6:33,선우,구리고 그리고,C:\Users\yuyao\Desktop\fromm抓取\fromm_dump\02\window_0066.xml
,PM 6:33,선우,베드,C:\Users\yuyao\Desktop\fromm抓取\fromm_dump\02\window_0066.xml
,,선우,베드,C:\Users\yuyao\Desktop\fromm抓取\fromm_dump\02\window_0066.xml
,PM 6:34,선우,배드,C:\Users\yuyao\Desktop\fromm抓取\fromm_dump\02\window_0067.xml
,PM 6:36,선우,양치 좀 ㅋㅋ,C:\Users\yuyao\Desktop\fromm抓取\fromm_dump\02\window_0067.xml
,PM 7:01,선우,나는 아돌라 가는 즁~~~,C:\Users\yuyao\Desktop\fromm抓取\fromm_dump\02\window_0067.xml
,PM 7:07,선우,열시미 하구 올테니 울 더비들도 오늘 넘 고생했구,C:\Users\yuyao\Desktop\fromm抓取\fromm_dump\02\window_0067.xml
,PM 7:07,선우,하는 거 다 힘내서 잘 마무리행💕💕💕💕,C:\Users\yuyao\Desktop\fromm抓取\fromm_dump\02\window_0068.xml
,PM 10:37,선우,아니 다 에어팟에어팟 거려서 그게 머야 하고 영상 봤는데 진짜 그냥 인사안하고 예의없게 받기만 하는 거로 보이는데 나 팬분이 뭐라고 소리치셨는데 뭐가 떨어진지 모른 상태여서 어리둥절하다가 에어팟인 거 알구 내 에어팟!! 하고 눈으로 찾다가 못찾구 주워주신 거 받으면서 고개 숙이지 않고 감사합니다..! 라고 한 상황이여서,C:\Users\yuyao\Desktop\fromm抓取\fromm_dump\02\window_0068.xml
,,선우,충분히 그리 보일 수 있다고 인지했고!!!!!,C:\Users\yuyao\Desktop\fromm抓取\fromm_dump\02\window_0068.xml
,PM 10:37,선우,충분히 그리 보일 수 있다고 인지했고!!!!!,C:\Users\yuyao\Desktop\fromm抓取\fromm_dump\02\window_0069.xml
,PM 10:37,선우,나 뒤에서도 문잡아주시거나 할 때 항상 안 빼먹고 감사합니다! 하고 지나가고 인사 잘해~..^^ 걱정하지마  ㅋ,C:\Users\yuyao\Desktop\fromm抓取\fromm_dump\02\window_0069.xml
,PM 10:40,선우,"이런 거 언제까지 내가 다 해명하고 할 순 없지만 그리 보인 게 내 잘못이 있으니까 인지하구 있으께~~ 근데 나 음방이나 어디서나 청소해주시는 분들께도 빠짐없이 안녕하세요! 하고 싹싹하게 잘하니까,, 이런 억울한 얘기 안나오게 잘 행동할게 ㅋ",C:\Users\yuyao\Desktop\fromm抓取\fromm_dump\02\window_0069.xml
,PM 10:42,선우,그렇게 보일 순 있는 잘 못 인정하고 더 생각해서 행동해야할 것 같구 단편적인 걸로 선넘는 욕하는 사람들은 정작 예의있는 건가 잘 모르겠지만 뭐 각자 잘해보는 걸로 ㅋㅋ,C:\Users\yuyao\Desktop\fromm抓取\fromm_dump\02\window_0070.xml
,PM 10:43,선우,아돌라 봐줫서 고맙구 낼 음방도 잘 봐줭💕💕💕💕,C:\Users\yuyao\Desktop\fromm抓取\fromm_dump\02\window_0070.xml
,,선우,그리고 감사 인사할땐 어떤 상황이던 고개를 숙이며 하도록 하겠읍니다!!! 그게 맞으니까! 요거 내가 이런 허튼 소리 안듣도록 더 진짜 신경써볼게 난 진짜 괜찮고 그냥 더 생각하고 행동하면 되는 쉬운 일인거라!!! 나 걱정말고 더비들 얼른 푹 자!!!💕 난 낼 음방에서 잘할지가 젤 신경쓰이니까 💕💕,C:\Users\yuyao\Desktop\fromm抓取\fromm_dump\02\window_0070.xml
,PM 10:51,선우,그리고 감사 인사할땐 어떤 상황이던 고개를 숙이며 하도록 하겠읍니다!!! 그게 맞으니까! 요거 내가 이런 허튼 소리 안듣도록 더 진짜 신경써볼게 난 진짜 괜찮고 그냥 더 생각하고 행동하면 되는 쉬운 일인거라!!! 나 걱정말고 더비들 얼른 푹 자!!!💕 난 낼 음방에서 잘할지가 젤 신경쓰이니까 💕💕,C:\Users\yuyao\Desktop\fromm抓取\fromm_dump\02\window_0071.xml
,PM 10:52,선우,좋은 꿈꿔💕💕💕💕💕💕,C:\Users\yuyao\Desktop\fromm抓取\fromm_dump\02\window_0071.xml
,PM 11:04,선우,아 잠깐,C:\Users\yuyao\Desktop\fromm抓取\fromm_dump\02\window_0071.xml
,PM 11:04,선우,더비생일,C:\Users\yuyao\Desktop\fromm抓取\fromm_dump\02\window_0071.xml
,PM 11:04,선우,축하해💕💕💕💕,C:\Users\yuyao\Desktop\fromm抓取\fromm_dump\02\window_0072.xml
,PM 11:04,선우,💕,C:\Users\yuyao\Desktop\fromm抓取\fromm_dump\02\window_0072.xml
,PM 11:04,선우,💕💕💕💕💕💕💕💕,C:\Users\yuyao\Desktop\fromm抓取\fromm_dump\02\window_0073.xml
,PM 11:04,선우,💕💕💕💕💕💕,C:\Users\yuyao\Desktop\fromm抓取\fromm_dump\02\window_0073.xml
,PM 11:05,선우,못챙기고 그냥 갈 뻔,C:\Users\yuyao\Desktop\fromm抓取\fromm_dump\02\window_0073.xml
,PM 11:05,선우,더비야 더비 이름이 탄생한 순간부터,C:\Users\yuyao\Desktop\fromm抓取\fromm_dump\02\window_0073.xml
,PM 11:05,선우,나한테 4월중 가장 소중한 날이 3일이 되었어,C:\Users\yuyao\Desktop\fromm抓取\fromm_dump\02\window_0073.xml
,PM 11:05,선우,있어줘서 고맙구,C:\Users\yuyao\Desktop\fromm抓取\fromm_dump\02\window_0074.xml
,PM 11:07,선우,더비 덕에 세상을 바라보는 시선이나 생각들이 더 긍정적으로 더 진취적으로 변할 수 있었고!,C:\Users\yuyao\Desktop\fromm抓取\fromm_dump\02\window_0074.xml
,PM 11:08,선우,삶의 반 정도를 게으르게 살아온 나를 움직이게 해줘서 너무 고맙다 ㅠ,C:\Users\yuyao\Desktop\fromm抓取\fromm_dump\02\window_0074.xml
,,선우,사랑합니다 더비,C:\Users\yuyao\Desktop\fromm抓取\fromm_dump\02\window_0074.xml
,PM 11:08,선우,사랑합니다 더비,C:\Users\yuyao\Desktop\fromm抓取\fromm_dump\02\window_0075.xml
,PM 11:49,선우,"더비 생일 끝났다,,",C:\Users\yuyao\Desktop\fromm抓取\fromm_dump\02\window_0075.xml
,PM 11:50,선우,락앤롤 무대 잘 봤어? ㅎㅎ,C:\Users\yuyao\Desktop\fromm抓取\fromm_dump\02\window_0075.xml
,PM 11:51,선우,난 감추면 감출 수록 섹쉬하다고 생각하는 사람이라  여매고 올라갈라고 했는데 까먹고 열어버렸어💕,C:\Users\yuyao\Desktop\fromm抓取\fromm_dump\02\window_0075.xml
,AM 12:00,선우,ㅋㅋㅋㅋㅋㅋㅋㅋㅋㅋㅋ,C:\Users\yuyao\Desktop\fromm抓取\fromm_dump\02\window_0076.xml
,AM 12:00,선우,쨌든 락앤롤 무대 하나 더 남았으니까,C:\Users\yuyao\Desktop\fromm抓取\fromm_dump\02\window_0076.xml
,AM 12:00,선우,잼게 봐죠,C:\Users\yuyao\Desktop\fromm抓取\fromm_dump\02\window_0076.xml
,AM 12:02,선우,아까 인스타 스포는,C:\Users\yuyao\Desktop\fromm抓取\fromm_dump\02\window_0076.xml
,AM 12:02,선우,생일컨텐츠 스포야,C:\Users\yuyao\Desktop\fromm抓取\fromm_dump\02\window_0077.xml
,AM 12:07,선우,커버곡이야!!!! 아주 아주 조금씩만 개사해서 곡 해석 다르게 해서 촬영해써 ㅎㅎ,C:\Users\yuyao\Desktop\fromm抓取\fromm_dump\02\window_0077.xml
,AM 12:07,선우,많관부 ~,C:\Users\yuyao\Desktop\fromm抓取\fromm_dump\02\window_0077.xml
,AM 12:08,선우,힌트는,C:\Users\yuyao\Desktop\fromm抓取\fromm_dump\02\window_0077.xml
,AM 12:08,선우,뭐라카지,C:\Users\yuyao\Desktop\fromm抓取\fromm_dump\02\window_0077.xml
,AM 12:08,선우,사알짝 헤이트깔인데 반대입장 느낌...,C:\Users\yuyao\Desktop\fromm抓取\fromm_dump\02\window_0078.xml
,AM 12:08,선우,요까지,C:\Users\yuyao\Desktop\fromm抓取\fromm_dump\02\window_0078.xml
,AM 12:09,선우,하겠슴다,C:\Users\yuyao\Desktop\fromm抓取\fromm_dump\02\window_0078.xml
,AM 12:10,선우,걍 국힙남자st 함 해보고싶어서 ㅋㅋ,C:\Users\yuyao\Desktop\fromm抓取\fromm_dump\02\window_0078.xml
,AM 12:12,선우,내가 앞으로 생각하는 내 음악 방향성이 여러가진데 너무 달라 하나는 그냥 국힙이고 하나는 완전 팝적인 거 어쿠스틱한 것도 하고 싶고 막 다하고 싶음 다 할 거임,C:\Users\yuyao\Desktop\fromm抓取\fromm_dump\02\window_0079.xml
,AM 12:12,선우,지캬봐주셈,C:\Users\yuyao\Desktop\fromm抓取\fromm_dump\02\window_0079.xml
,AM 12:21,선우,더비도 그렇고 나도 그렇고 서로한테 힘 받으면서 우리 현생도 힘든 일 어려운 일 서로 생각하면서 이겨내나가자ㅎㅎ 더비한텐 한없이 고맙고 다정하게 해주고 싶고 사랑만 주고 싶으니까,C:\Users\yuyao\Desktop\fromm抓取\fromm_dump\02\window_0079.xml
,,선우,"그리고 그냥 어떻게든 내 말들 하나 하나 곡해해서 까려고 안달난 인생낭비 하는 사람들은 그게 인생업적이고 남 까내리면서 본인의 삶을 위안하고 회피하는 사람들이니 그냥 그렇게 하시던대로 불행한 시선으로 혼자 불행히 쭉 세상 살아주셨으면 좋겠고 굳이 굳이 언급해드리는 이유는 오해를 시켜도 더비한테 미안하고 내 자신이 반성하는 거지 댁들한테 내가 왜 잘 보여야하냐고 너 누군데ㅋㅋ? 라고 전해주고 싶어서!
난 내 주위에 계신 분들 고생해주시는 분들 그리고 더비들 잘 챙기면서 내 할 일 더비들이랑 열심히 해나갈게 ㅎㅎ 🫶",C:\Users\yuyao\Desktop\fromm抓取\fromm_dump\02\window_0080.xml
,AM 12:46,선우,아우 속시원해,C:\Users\yuyao\Desktop\fromm抓取\fromm_dump\02\window_0081.xml
,AM 12:46,선우,나 밥 먹고 올랭,C:\Users\yuyao\Desktop\fromm抓取\fromm_dump\02\window_0081.xml
,AM 12:47,선우,뭐 먹는지 고르고 알려줄게 ㅎㅎ,C:\Users\yuyao\Desktop\fromm抓取\fromm_dump\02\window_0081.xml
,,선우,더비한테 기대고 싶고 기대져서 많이 오는 거야 고마워 이런 존재가 되어줘서 정말로,C:\Users\yuyao\Desktop\fromm抓取\fromm_dump\02\window_0081.xml
,AM 12:53,선우,더비한테 기대고 싶고 기대져서 많이 오는 거야 고마워 이런 존재가 되어줘서 정말로,C:\Users\yuyao\Desktop\fromm抓取\fromm_dump\02\window_0082.xml
,AM 12:53,선우,진짜 잘할게 더 고마워,C:\Users\yuyao\Desktop\fromm抓取\fromm_dump\02\window_0082.xml
,AM 12:55,선우,🫶 밥 고르고 올껰,C:\Users\yuyao\Desktop\fromm抓取\fromm_dump\02\window_0082.xml
,AM 1:00,선우,나 꼬기 먹을 거야 꼬기,C:\Users\yuyao\Desktop\fromm抓取\fromm_dump\02\window_0082.xml
,AM 1:00,선우,삼겹살 먹을래,C:\Users\yuyao\Desktop\fromm抓取\fromm_dump\02\window_0082.xml
,,선우,시키거 난 씻는다!!!!! 늦었으니까 얼른 자 💕💕💕💕,C:\Users\yuyao\Desktop\fromm抓取\fromm_dump\02\window_0082.xml
,AM 1:01,선우,시키거 난 씻는다!!!!! 늦었으니까 얼른 자 💕💕💕💕,C:\Users\yuyao\Desktop\fromm抓取\fromm_dump\02\window_0083.xml
,AM 1:01,선우,나도 먹구 오늘은 푹 잘래~~~,C:\Users\yuyao\Desktop\fromm抓取\fromm_dump\02\window_0083.xml
,AM 1:02,선우,고맙구 사랑하구 오늘은 더비 생각만 쭉 하다가 잠들래,C:\Users\yuyao\Desktop\fromm抓取\fromm_dump\02\window_0083.xml
,AM 1:02,선우,잘 자 울 더비들🫶✨,C:\Users\yuyao\Desktop\fromm抓取\fromm_dump\02\window_0083.xml
,AM 1:02,선우,예쁜 꿈 꿔,C:\Users\yuyao\Desktop\fromm抓取\fromm_dump\02\window_0083.xml
,AM 1:10,선우,더비들 말 보는데 너무 푹신해 너무 포근해 꿀잠잘 수 이써 더비들이 적어주는 문장들 위에서 잘래 사랑해 진짜 굿밤 뿅✨💕,C:\Users\yuyao\Desktop\fromm抓取\fromm_dump\02\window_0084.xml
,AM 2:46,선우,play_video,C:\Users\yuyao\Desktop\fromm抓取\fromm_dump\02\window_0084.xml
,,선우,갤러리 뒤져보다가 5년전 찍었던 춤 영상 보내주께ㅋㅋㅋㅋㅋ 이땐 느낌보단 그냥 크게 크게만 했을 때,C:\Users\yuyao\Desktop\fromm抓取\fromm_dump\02\window_0084.xml
,AM 2:46,선우,갤러리 뒤져보다가 5년전 찍었던 춤 영상 보내주께ㅋㅋㅋㅋㅋ 이땐 느낌보단 그냥 크게 크게만 했을 때,C:\Users\yuyao\Desktop\fromm抓取\fromm_dump\02\window_0085.xml
,AM 2:46,선우,난 이제 잔당🫶 사랑해 잘자,C:\Users\yuyao\Desktop\fromm抓取\fromm_dump\02\window_0085.xml
,AM 2:51,선우,난 좀 부끄럽지만 더비들한테는 몰랐던 소중한 영상이 더ㅣㄹ 수도 있으닠ㅋ 형들 허락 안 맡고 올리는 거라 난 몰라😏 컄,C:\Users\yuyao\Desktop\fromm抓取\fromm_dump\02\window_0085.xml
,,선우,아니 사녹오는 더비,C:\Users\yuyao\Desktop\fromm抓取\fromm_dump\02\window_0085.xml
,AM 7:15,선우,아니 사녹오는 더비,C:\Users\yuyao\Desktop\fromm抓取\fromm_dump\02\window_0086.xml
,AM 7:15,선우,비 맞지마,C:\Users\yuyao\Desktop\fromm抓取\fromm_dump\02\window_0086.xml
,AM 7:15,선우,우산 사,C:\Users\yuyao\Desktop\fromm抓取\fromm_dump\02\window_0086.xml
,AM 7:16,선우,더비가 더비 걱정한다,C:\Users\yuyao\Desktop\fromm抓取\fromm_dump\02\window_0086.xml
,AM 7:16,선우,더비가 더비 춥겠대 ㅠ,C:\Users\yuyao\Desktop\fromm抓取\fromm_dump\02\window_0086.xml
,,선우,이쁘다 걱정해주는 거 ㅋ,C:\Users\yuyao\Desktop\fromm抓取\fromm_dump\02\window_0086.xml
,AM 7:16,선우,이쁘다 걱정해주는 거 ㅋ,C:\Users\yuyao\Desktop\fromm抓取\fromm_dump\02\window_0087.xml
,AM 7:31,선우,밥 먹는 중,C:\Users\yuyao\Desktop\fromm抓取\fromm_dump\02\window_0087.xml
,AM 7:45,선우,이게 뭐게,C:\Users\yuyao\Desktop\fromm抓取\fromm_dump\02\window_0088.xml
,AM 7:45,선우,삼겹살이야,C:\Users\yuyao\Desktop\fromm抓取\fromm_dump\02\window_0088.xml
,AM 7:45,선우,야채곱창 아니야,C:\Users\yuyao\Desktop\fromm抓取\fromm_dump\02\window_0088.xml
,AM 7:46,선우,옆에서 헤어 받는데 멤버들,C:\Users\yuyao\Desktop\fromm抓取\fromm_dump\02\window_0088.xml
,AM 7:46,선우,스프레이 뿌린 거 날라와서,C:\Users\yuyao\Desktop\fromm抓取\fromm_dump\02\window_0089.xml
,AM 7:46,선우,스프레이 삼겹임,C:\Users\yuyao\Desktop\fromm抓取\fromm_dump\02\window_0089.xml
,AM 7:46,선우,먹는데 철봉 맛남,C:\Users\yuyao\Desktop\fromm抓取\fromm_dump\02\window_0089.xml
,AM 7:48,선우,근데 진짜 그 냄비 같은 곳에서 나오는 철분으로도 철분 섭취가 된다는 거 듣고 넘 신기했음,C:\Users\yuyao\Desktop\fromm抓取\fromm_dump\02\window_0089.xml
,,선우,진짜임,C:\Users\yuyao\Desktop\fromm抓取\fromm_dump\02\window_0089.xml
,AM 7:48,선우,진짜임,C:\Users\yuyao\Desktop\fromm抓取\fromm_dump\02\window_0090.xml
,AM 7:48,선우,어느 지식 알려주는 유튜버가 그랬음,C:\Users\yuyao\Desktop\fromm抓取\fromm_dump\02\window_0090.xml
,AM 7:49,선우,그 뭐야 다른 나라인데 음식 만들고 뭐로 휘젓는 전통인가 뭐 그런 게 있는데 그 이유가,C:\Users\yuyao\Desktop\fromm抓取\fromm_dump\02\window_0090.xml
,AM 7:49,선우,뭐 있었는데 사실 기억 편집돼서 잘 모르겠음,C:\Users\yuyao\Desktop\fromm抓取\fromm_dump\02\window_0090.xml
,AM 7:50,선우,ㅇㅇㅇㅇ 뭐 쇠구슬 같은 거,C:\Users\yuyao\Desktop\fromm抓取\fromm_dump\02\window_0091.xml
,AM 7:50,선우,넣고,C:\Users\yuyao\Desktop\fromm抓取\fromm_dump\02\window_0091.xml
,AM 7:50,선우,아 아아아아아ㅏ,C:\Users\yuyao\Desktop\fromm抓取\fromm_dump\02\window_0091.xml
,AM 7:50,선우,철로 만들어진,C:\Users\yuyao\Desktop\fromm抓取\fromm_dump\02\window_0091.xml
,AM 7:50,선우,불어,C:\Users\yuyao\Desktop\fromm抓取\fromm_dump\02\window_0091.xml
,AM 7:51,선우,불어 이러네,C:\Users\yuyao\Desktop\fromm抓取\fromm_dump\02\window_0092.xml
,AM 7:51,선우,붕어,C:\Users\yuyao\Desktop\fromm抓取\fromm_dump\02\window_0092.xml
,AM 7:51,선우,철붕어빵,C:\Users\yuyao\Desktop\fromm抓取\fromm_dump\02\window_0092.xml
,AM 7:51,선우,넣고 끓임,C:\Users\yuyao\Desktop\fromm抓取\fromm_dump\02\window_0092.xml
,AM 7:51,선우,근데 거기서 유튜버가 우리도 미세하게 냄비 같은 곳에서 나오는 철분으로 철분 섭취한다고 그래씀,C:\Users\yuyao\Desktop\fromm抓取\fromm_dump\02\window_0092.xml
,AM 7:52,선우,근데 다 내 오래전 기억이라 신뢰하지마셈,C:\Users\yuyao\Desktop\fromm抓取\fromm_dump\02\window_0093.xml
,AM 7:52,선우,뭘 이미 안 하고 있어,C:\Users\yuyao\Desktop\fromm抓取\fromm_dump\02\window_0093.xml
,AM 7:52,선우,잘했어,C:\Users\yuyao\Desktop\fromm抓取\fromm_dump\02\window_0093.xml
,AM 7:53,선우,오늘부터,C:\Users\yuyao\Desktop\fromm抓取\fromm_dump\02\window_0093.xml
,AM 7:53,선우,냄비 씹어먹기 시작,C:\Users\yuyao\Desktop\fromm抓取\fromm_dump\02\window_0094.xml
,AM 7:54,선우,아이언맨 수트를 가질 수 없다면 내가 아이언맨이 되겠어,C:\Users\yuyao\Desktop\fromm抓取\fromm_dump\02\window_0094.xml
,AM 7:54,선우,하지만 난 앤트맨이지,C:\Users\yuyao\Desktop\fromm抓取\fromm_dump\02\window_0094.xml
,AM 7:54,선우,개미만한 남자가 아니라,C:\Users\yuyao\Desktop\fromm抓取\fromm_dump\02\window_0094.xml
,AM 7:55,선우,개미남이다,C:\Users\yuyao\Desktop\fromm抓取\fromm_dump\02\window_0094.xml
,AM 7:55,선우,난 개미남 영훈이 형은 개미 남,C:\Users\yuyao\Desktop\fromm抓取\fromm_dump\02\window_0095.xml
,AM 7:55,선우,어렸을 때 개미랑 많이 놀아서,C:\Users\yuyao\Desktop\fromm抓取\fromm_dump\02\window_0095.xml
,AM 7:56,선우,난 개미가 세상에서 젤 무서웠음,C:\Users\yuyao\Desktop\fromm抓取\fromm_dump\02\window_0095.xml
,AM 7:56,선우,막 길 한복판에서 줄지어서 이동하는 거 보면,C:\Users\yuyao\Desktop\fromm抓取\fromm_dump\02\window_0095.xml
,AM 7:56,선우,저러다가 밟히면 어쩔라고,C:\Users\yuyao\Desktop\fromm抓取\fromm_dump\02\window_0096.xml
,AM 7:56,선우,하면서 걱정되고,C:\Users\yuyao\Desktop\fromm抓取\fromm_dump\02\window_0096.xml
,AM 7:56,선우,무섭고,C:\Users\yuyao\Desktop\fromm抓取\fromm_dump\02\window_0096.xml
,AM 7:56,선우,징그럽고,C:\Users\yuyao\Desktop\fromm抓取\fromm_dump\02\window_0096.xml
,AM 7:57,선우,어쩌다가 내 신발에 올라오기라도 하면,C:\Users\yuyao\Desktop\fromm抓取\fromm_dump\02\window_0096.xml
,AM 7:57,선우,그날은,C:\Users\yuyao\Desktop\fromm抓取\fromm_dump\02\window_0097.xml
,AM 7:57,선우,으아아아아아어어구ㅜㄱ거거ㅓ겱,C:\Users\yuyao\Desktop\fromm抓取\fromm_dump\02\window_0097.xml
,AM 7:57,선우,가끔씩 놀이터에서 정신빼고 놀다보면,C:\Users\yuyao\Desktop\fromm抓取\fromm_dump\02\window_0097.xml
,AM 7:57,선우,팔이나 몸에 기어올라와있는 거,C:\Users\yuyao\Desktop\fromm抓取\fromm_dump\02\window_0097.xml
,AM 7:57,선우,보는 순간은 기절임,C:\Users\yuyao\Desktop\fromm抓取\fromm_dump\02\window_0098.xml
,AM 7:58,선우,더비 몸에 개미 올라와서 잡아달라고 하면 어떡할 거냐고 물어보는데,C:\Users\yuyao\Desktop\fromm抓取\fromm_dump\02\window_0098.xml
,AM 7:59,선우,난 그럼 널 잡아들고 털어버려서 개미를 떼어줄 거임,C:\Users\yuyao\Desktop\fromm抓取\fromm_dump\02\window_0098.xml
,AM 7:59,선우,내가 개미를 만지는 일은 없음,C:\Users\yuyao\Desktop\fromm抓取\fromm_dump\02\window_0098.xml
,AM 7:59,선우,너를 털겠다. 차라리,C:\Users\yuyao\Desktop\fromm抓取\fromm_dump\02\window_0099.xml
,AM 8:00,선우,아니면 어딨는지 알려줄게 네비게이션 처럼,C:\Users\yuyao\Desktop\fromm抓取\fromm_dump\02\window_0099.xml
,AM 8:00,선우,목 옆에 올라가는 중입니다,C:\Users\yuyao\Desktop\fromm抓取\fromm_dump\02\window_0099.xml
,AM 8:00,선우,지금 귀 쪽까지 직진해ㅛ습니다,C:\Users\yuyao\Desktop\fromm抓取\fromm_dump\02\window_0099.xml
,,선우,어머,C:\Users\yuyao\Desktop\fromm抓取\fromm_dump\02\window_0099.xml
,AM 8:00,선우,어머,C:\Users\yuyao\Desktop\fromm抓取\fromm_dump\02\window_0100.xml
,AM 8:01,선우,귀 ..속에,C:\Users\yuyao\Desktop\fromm抓取\fromm_dump\02\window_0100.xml
,AM 8:01,선우,캔디,C:\Users\yuyao\Desktop\fromm抓取\fromm_dump\02\window_0100.xml
,AM 8:01,선우,꿈처럼 달콤했니,C:\Users\yuyao\Desktop\fromm抓取\fromm_dump\02\window_0100.xml
,AM 8:01,선우,내 귀에구나,C:\Users\yuyao\Desktop\fromm抓取\fromm_dump\02\window_0100.xml
,,선우,나도 알아,C:\Users\yuyao\Desktop\fromm抓取\fromm_dump\02\window_0100.xml
,AM 8:01,선우,나도 알아,C:\Users\yuyao\Desktop\fromm抓取\fromm_dump\02\window_0101.xml
,AM 8:02,선우,바지 갈아입어야하는데,C:\Users\yuyao\Desktop\fromm抓取\fromm_dump\02\window_0101.xml
,AM 8:02,선우,불편해서 위에만 입고 있음 인어공주처럼,C:\Users\yuyao\Desktop\fromm抓取\fromm_dump\02\window_0101.xml
,AM 8:03,선우,아니 바지는 사복,C:\Users\yuyao\Desktop\fromm抓取\fromm_dump\02\window_0101.xml
,AM 8:03,선우,말이 이상하네,C:\Users\yuyao\Desktop\fromm抓取\fromm_dump\02\window_0101.xml
,AM 8:03,선우,너 왜그래?,C:\Users\yuyao\Desktop\fromm抓取\fromm_dump\02\window_0102.xml
,AM 8:03,선우,ㅋㅋㅋㅋㅋㅋㅋㅋㅋㅋㅋ,C:\Users\yuyao\Desktop\fromm抓取\fromm_dump\02\window_0102.xml
,AM 8:03,선우,곰돌이 푸 skrr,C:\Users\yuyao\Desktop\fromm抓取\fromm_dump\02\window_0102.xml
,AM 8:04,선우,밤샌 거 어케 앎,C:\Users\yuyao\Desktop\fromm抓取\fromm_dump\02\window_0102.xml
,AM 8:04,선우,어떤 더비가 맞춤,C:\Users\yuyao\Desktop\fromm抓取\fromm_dump\02\window_0102.xml
,AM 8:04,선우,어제 대왕 잠을 자버려서,C:\Users\yuyao\Desktop\fromm抓取\fromm_dump\02\window_0103.xml
,AM 8:05,선우,새벽내내🙄 이러고 있다가,C:\Users\yuyao\Desktop\fromm抓取\fromm_dump\02\window_0103.xml
,AM 8:05,선우,픽업당함,C:\Users\yuyao\Desktop\fromm抓取\fromm_dump\02\window_0103.xml
,AM 8:05,선우,딱 사녹까지 할 수 있는 상태,C:\Users\yuyao\Desktop\fromm抓取\fromm_dump\02\window_0103.xml
,AM 8:06,선우,사녹하면 방전,C:\Users\yuyao\Desktop\fromm抓取\fromm_dump\02\window_0103.xml
,AM 8:06,선우,사녹 마치고 기절했다가 본방하고 팬싸하고 가서 또 기절하면 되겠당,C:\Users\yuyao\Desktop\fromm抓取\fromm_dump\02\window_0104.xml
,AM 8:07,선우,오늘 하루 타임라인 정리 끝,C:\Users\yuyao\Desktop\fromm抓取\fromm_dump\02\window_0104.xml
,AM 8:07,선우,롹앤롤ㄹ은 살짝 나른해야하긴 해서,C:\Users\yuyao\Desktop\fromm抓取\fromm_dump\02\window_0104.xml
,AM 8:07,선우,감정이입 잘될 듯,C:\Users\yuyao\Desktop\fromm抓取\fromm_dump\02\window_0104.xml
,,선우,근데 비와서,C:\Users\yuyao\Desktop\fromm抓取\fromm_dump\02\window_0104.xml
,AM 8:09,선우,근데 비와서,C:\Users\yuyao\Desktop\fromm抓取\fromm_dump\02\window_0105.xml
,AM 8:09,선우,벚꽃 다 떨어지면,C:\Users\yuyao\Desktop\fromm抓取\fromm_dump\02\window_0105.xml
,AM 8:09,선우,오또케오또케,C:\Users\yuyao\Desktop\fromm抓取\fromm_dump\02\window_0105.xml
,AM 8:10,선우,더비는 거울이라도 보면 되지 ㅠㅠ,C:\Users\yuyao\Desktop\fromm抓取\fromm_dump\02\window_0105.xml
,AM 8:10,선우,나는 ㅠㅠㅠ,C:\Users\yuyao\Desktop\fromm抓取\fromm_dump\02\window_0105.xml
,AM 8:11,선우,ㅋㅋ,C:\Users\yuyao\Desktop\fromm抓取\fromm_dump\02\window_0106.xml
,AM 8:11,선우,곰돌이 푸 탈출하고 온다,C:\Users\yuyao\Desktop\fromm抓取\fromm_dump\02\window_0106.xml
,AM 8:13,선우,탈출,C:\Users\yuyao\Desktop\fromm抓取\fromm_dump\02\window_0106.xml
,AM 8:13,선우,앤트맨컴백 ㅋㅋ,C:\Users\yuyao\Desktop\fromm抓取\fromm_dump\02\window_0106.xml
,AM 8:15,선우,아 소화안돼,C:\Users\yuyao\Desktop\fromm抓取\fromm_dump\02\window_0106.xml
,AM 8:16,선우,밤새고 밥 먹으면,C:\Users\yuyao\Desktop\fromm抓取\fromm_dump\02\window_0107.xml
,AM 8:16,선우,장기들이 정신 안 차림,C:\Users\yuyao\Desktop\fromm抓取\fromm_dump\02\window_0107.xml
,AM 8:16,선우,춤추면 위 움직여서 소화될 거야,C:\Users\yuyao\Desktop\fromm抓取\fromm_dump\02\window_0107.xml
,AM 8:16,선우,나으 유일한 소화제,C:\Users\yuyao\Desktop\fromm抓取\fromm_dump\02\window_0107.xml
,AM 8:16,선우,무대,C:\Users\yuyao\Desktop\fromm抓取\fromm_dump\02\window_0107.xml
,AM 8:18,선우,서뉴는 인간소화제,C:\Users\yuyao\Desktop\fromm抓取\fromm_dump\02\window_0108.xml
,AM 8:18,선우,뭐든 다 소화하니까,C:\Users\yuyao\Desktop\fromm抓取\fromm_dump\02\window_0108.xml
,AM 8:19,선우,뇌도 덜 깼다,C:\Users\yuyao\Desktop\fromm抓取\fromm_dump\02\window_0108.xml
,AM 8:19,선우,주말에 당신은 왜 일찍 일어나셨나요,C:\Users\yuyao\Desktop\fromm抓取\fromm_dump\02\window_0108.xml
,AM 8:20,선우,내 프롬소리 깼다면,C:\Users\yuyao\Desktop\fromm抓取\fromm_dump\02\window_0108.xml
,AM 8:20,선우,미안하오,C:\Users\yuyao\Desktop\fromm抓取\fromm_dump\02\window_0109.xml
,AM 8:20,선우,일어나시랑께,C:\Users\yuyao\Desktop\fromm抓取\fromm_dump\02\window_0109.xml
,AM 8:21,선우,주말에 일하는 당신,C:\Users\yuyao\Desktop\fromm抓取\fromm_dump\02\window_0109.xml
,AM 8:21,선우,멋져요,C:\Users\yuyao\Desktop\fromm抓取\fromm_dump\02\window_0109.xml
,,선우,주말에 쉬는 당신,C:\Users\yuyao\Desktop\fromm抓取\fromm_dump\02\window_0109.xml
,AM 8:21,선우,주말에 쉬는 당신,C:\Users\yuyao\Desktop\fromm抓取\fromm_dump\02\window_0110.xml
,AM 8:21,선우,주말에 공부하는 당신,C:\Users\yuyao\Desktop\fromm抓取\fromm_dump\02\window_0110.xml
,AM 8:21,선우,숙취로 죽는 당신,C:\Users\yuyao\Desktop\fromm抓取\fromm_dump\02\window_0110.xml
,,선우,멋져요,C:\Users\yuyao\Desktop\fromm抓取\fromm_dump\02\window_0110.xml
,AM 8:22,선우,해외더비도,C:\Users\yuyao\Desktop\fromm抓取\fromm_dump\02\window_0111.xml
,AM 8:22,선우,멋져요,C:\Users\yuyao\Desktop\fromm抓取\fromm_dump\02\window_0111.xml
,AM 8:23,선우,잠시만,C:\Users\yuyao\Desktop\fromm抓取\fromm_dump\02\window_0111.xml
,AM 8:23,선우,와,C:\Users\yuyao\Desktop\fromm抓取\fromm_dump\02\window_0111.xml
,,선우,비상,C:\Users\yuyao\Desktop\fromm抓取\fromm_dump\02\window_0111.xml
,AM 8:23,선우,비상,C:\Users\yuyao\Desktop\fromm抓取\fromm_dump\02\window_0112.xml
,AM 8:23,선우,이름 부르는 거 잠시만,C:\Users\yuyao\Desktop\fromm抓取\fromm_dump\02\window_0112.xml
,AM 8:24,선우,ʕ•ﻌ•ʔฅ,C:\Users\yuyao\Desktop\fromm抓取\fromm_dump\02\window_0112.xml
,AM 8:24,선우,오,C:\Users\yuyao\Desktop\fromm抓取\fromm_dump\02\window_0112.xml
,AM 8:24,선우,사실 갯수 틀렸는데 그거 아니라고 프롬이 말해줬어,C:\Users\yuyao\Desktop\fromm抓取\fromm_dump\02\window_0112.xml
,AM 8:24,선우,생각해보니 이름을 많이 안 불러줬네,C:\Users\yuyao\Desktop\fromm抓取\fromm_dump\02\window_0113.xml
,,선우,ʕ•ﻌ•ʔฅ,C:\Users\yuyao\Desktop\fromm抓取\fromm_dump\02\window_0113.xml
,AM 8:25,선우,ʕ•ﻌ•ʔฅ,C:\Users\yuyao\Desktop\fromm抓取\fromm_dump\02\window_0114.xml
,AM 8:25,선우,사랑한다,C:\Users\yuyao\Desktop\fromm抓取\fromm_dump\02\window_0114.xml
,AM 8:25,선우,꺆,C:\Users\yuyao\Desktop\fromm抓取\fromm_dump\02\window_0115.xml
,AM 8:25,선우,멋져요,C:\Users\yuyao\Desktop\fromm抓取\fromm_dump\02\window_0115.xml
,AM 8:25,선우,[media/no text],C:\Users\yuyao\Desktop\fromm抓取\fromm_dump\02\window_0115.xml
,AM 8:26,선우,양치하고 온다 멋진 어른답게,C:\Users\yuyao\Desktop\fromm抓取\fromm_dump\02\window_0115.xml
,AM 8:27,선우,웬일이야 는 ㅋㅋㅋㅋ,C:\Users\yuyao\Desktop\fromm抓取\fromm_dump\02\window_0115.xml
,AM 8:28,선우,내 치아가 작지만 건강해,C:\Users\yuyao\Desktop\fromm抓取\fromm_dump\02\window_0116.xml
,AM 8:28,선우,왜냐면 난 양치쟁이거든,C:\Users\yuyao\Desktop\fromm抓取\fromm_dump\02\window_0116.xml
,AM 8:28,선우,너무 많이해서 작아져또,C:\Users\yuyao\Desktop\fromm抓取\fromm_dump\02\window_0116.xml
,AM 8:29,선우,어떤 더비가 자기 치아가 작아서 라미 하려고 했는데,C:\Users\yuyao\Desktop\fromm抓取\fromm_dump\02\window_0116.xml
,,선우,내 치아를 보고 용기를 얻어서 안 한대,C:\Users\yuyao\Desktop\fromm抓取\fromm_dump\02\window_0116.xml
,AM 8:29,선우,내 치아를 보고 용기를 얻어서 안 한대,C:\Users\yuyao\Desktop\fromm抓取\fromm_dump\02\window_0117.xml
,AM 8:29,선우,애매한 감정이 들어,C:\Users\yuyao\Desktop\fromm抓取\fromm_dump\02\window_0117.xml
,AM 8:31,선우,양치 곧 다 함,C:\Users\yuyao\Desktop\fromm抓取\fromm_dump\02\window_0117.xml
,AM 8:32,선우,ㅇㅇ 한손 컨트롤,C:\Users\yuyao\Desktop\fromm抓取\fromm_dump\02\window_0117.xml
,AM 8:36,선우,헤메수정,C:\Users\yuyao\Desktop\fromm抓取\fromm_dump\02\window_0117.xml
,AM 8:37,선우,위버스는,C:\Users\yuyao\Desktop\fromm抓取\fromm_dump\02\window_0118.xml
,AM 8:37,선우,곧 시간될 때 하겠음,C:\Users\yuyao\Desktop\fromm抓取\fromm_dump\02\window_0118.xml
,AM 8:40,선우,잼얘 또 하긴 해야지,C:\Users\yuyao\Desktop\fromm抓取\fromm_dump\02\window_0118.xml
,AM 8:41,선우,쿨타임 차긴 했어 ~,C:\Users\yuyao\Desktop\fromm抓取\fromm_dump\02\window_0118.xml
,AM 9:06,선우,오늘,C:\Users\yuyao\Desktop\fromm抓取\fromm_dump\02\window_0118.xml
,AM 9:06,선우,직캠이랄 페캠 뜨면,C:\Users\yuyao\Desktop\fromm抓取\fromm_dump\02\window_0119.xml
,AM 9:06,선우,마니 보셈,C:\Users\yuyao\Desktop\fromm抓取\fromm_dump\02\window_0119.xml
,AM 9:06,선우,멋있을 듯 ㅋㅋ,C:\Users\yuyao\Desktop\fromm抓取\fromm_dump\02\window_0119.xml
,AM 9:06,선우,아니 거울 보면서 대충 춰보는데,C:\Users\yuyao\Desktop\fromm抓取\fromm_dump\02\window_0119.xml
,AM 9:07,선우,멋져서,C:\Users\yuyao\Desktop\fromm抓取\fromm_dump\02\window_0119.xml
,AM 9:07,선우,봐줘용 히히💕,C:\Users\yuyao\Desktop\fromm抓取\fromm_dump\02\window_0120.xml
,PM 6:50,선우,더비 ㅠㅠ 나 기다리고 보러왔을 텐데 마스크 쓰고 해서 넘 미안하구,C:\Users\yuyao\Desktop\fromm抓取\fromm_dump\02\window_0120.xml
,PM 6:50,선우,마스크 안에 오밀조밀 코 입 있다고 상상하고 봐죠...🫶🙏,C:\Users\yuyao\Desktop\fromm抓取\fromm_dump\02\window_0120.xml
,PM 6:51,선우,다른 아티 분들께 피해갈까봐 쓰는 거라서 이해해줘 ㅠㅠ 미안해💕,C:\Users\yuyao\Desktop\fromm抓取\fromm_dump\02\window_0121.xml
,PM 6:52,선우,더비도 아픈 더비 있으면 빨리 나아 내가 더비꺼 가져왔으니까 알게찌,C:\Users\yuyao\Desktop\fromm抓取\fromm_dump\02\window_0121.xml
,PM 6:52,선우,이따보자 사랑해,C:\Users\yuyao\Desktop\fromm抓取\fromm_dump\02\window_0121.xml
,PM 6:52,선우,✨💕✨,C:\Users\yuyao\Desktop\fromm抓取\fromm_dump\02\window_0121.xml
,,선우,아 그리구 안무영상 나왔는데,C:\Users\yuyao\Desktop\fromm抓取\fromm_dump\02\window_0121.xml
,PM 7:44,선우,아 그리구 안무영상 나왔는데,C:\Users\yuyao\Desktop\fromm抓取\fromm_dump\02\window_0122.xml
,PM 7:44,선우,많이 바죠,C:\Users\yuyao\Desktop\fromm抓取\fromm_dump\02\window_0122.xml
,PM 7:44,선우,💕,C:\Users\yuyao\Desktop\fromm抓取\fromm_dump\02\window_0122.xml
,AM 11:34,선우,더비~~~,C:\Users\yuyao\Desktop\fromm抓取\fromm_dump\02\window_0122.xml
,,선우,생일 너무 많이 축하해줘서 고마워 ㅎㅎㅎ,C:\Users\yuyao\Desktop\fromm抓取\fromm_dump\02\window_0122.xml
,AM 11:34,선우,생일 너무 많이 축하해줘서 고마워 ㅎㅎㅎ,C:\Users\yuyao\Desktop\fromm抓取\fromm_dump\02\window_0123.xml
,AM 11:35,선우,너무 예쁜 말들 많이 들어서 완전 말랑 말랑해 맘이~~~~,C:\Users\yuyao\Desktop\fromm抓取\fromm_dump\02\window_0123.xml
,AM 11:36,선우,영상도 올라왔어!,C:\Users\yuyao\Desktop\fromm抓取\fromm_dump\02\window_0123.xml
,AM 11:41,선우,혼자 할라했는데 어느 정도의 상대가 필요할 것 같아서 중학생 때부터 친한친구인 녀석한테 부탁해서 도움준 거라 질투 안해도돼 ㅎㅎ,C:\Users\yuyao\Desktop\fromm抓取\fromm_dump\02\window_0123.xml
,AM 11:44,선우,쨋든 그게 중요한 게 아니구 더비 생각만 하고 준비 했으니까 예뿌게 뵈조💕,C:\Users\yuyao\Desktop\fromm抓取\fromm_dump\02\window_0124.xml
,PM 2:35,선우,더비 비 맞지마 ㅠ,C:\Users\yuyao\Desktop\fromm抓取\fromm_dump\02\window_0124.xml
,PM 2:36,선우,더비 예쁜 마음 때무네 감동받아서,C:\Users\yuyao\Desktop\fromm抓取\fromm_dump\02\window_0124.xml
,PM 2:36,선우,내가 비 내렸어,C:\Users\yuyao\Desktop\fromm抓取\fromm_dump\02\window_0124.xml
,,선우,멈춰조?,C:\Users\yuyao\Desktop\fromm抓取\fromm_dump\02\window_0124.xml
,PM 2:37,선우,멈춰조?,C:\Users\yuyao\Desktop\fromm抓取\fromm_dump\02\window_0125.xml
,PM 2:37,선우,"미안 한 번 선택한 건 바꿀 수 없어,,",C:\Users\yuyao\Desktop\fromm抓取\fromm_dump\02\window_0125.xml
,PM 2:38,선우,맞다 나 폰 바꿈,C:\Users\yuyao\Desktop\fromm抓取\fromm_dump\02\window_0125.xml
,PM 2:38,선우,부서진 폰,C:\Users\yuyao\Desktop\fromm抓取\fromm_dump\02\window_0125.xml
,PM 2:38,선우,잘 가 ㅠ,C:\Users\yuyao\Desktop\fromm抓取\fromm_dump\02\window_0125.xml
,PM 2:38,선우,감전 폰 드뎌 바꿈,C:\Users\yuyao\Desktop\fromm抓取\fromm_dump\02\window_0126.xml
,PM 2:38,선우,즐거웠다,C:\Users\yuyao\Desktop\fromm抓取\fromm_dump\02\window_0126.xml
,PM 2:38,선우,고마웠다,C:\Users\yuyao\Desktop\fromm抓取\fromm_dump\02\window_0126.xml
,PM 2:38,선우,"고장나지
않아줘서",C:\Users\yuyao\Desktop\fromm抓取\fromm_dump\02\window_0126.xml
,PM 2:38,선우,고마워,C:\Users\yuyao\Desktop\fromm抓取\fromm_dump\02\window_0126.xml
,PM 2:40,선우,뭘로 바꿨겡,C:\Users\yuyao\Desktop\fromm抓取\fromm_dump\02\window_0127.xml
,PM 2:40,선우,맞춘 사람,C:\Users\yuyao\Desktop\fromm抓取\fromm_dump\02\window_0127.xml
,PM 2:40,선우,뽀ㅃ,C:\Users\yuyao\Desktop\fromm抓取\fromm_dump\02\window_0127.xml
,PM 2:40,선우,뽀삐,C:\Users\yuyao\Desktop\fromm抓取\fromm_dump\02\window_0127.xml
,PM 2:40,선우,16프로 정답,C:\Users\yuyao\Desktop\fromm抓取\fromm_dump\02\window_0127.xml
,PM 2:40,선우,뽀삐 당첨,C:\Users\yuyao\Desktop\fromm抓取\fromm_dump\02\window_0128.xml
,PM 2:40,선우,넌 뽀삐야 이제,C:\Users\yuyao\Desktop\fromm抓取\fromm_dump\02\window_0128.xml
,PM 2:41,선우,케이스 끼고 있어,C:\Users\yuyao\Desktop\fromm抓取\fromm_dump\02\window_0128.xml
,PM 2:41,선우,",,",C:\Users\yuyao\Desktop\fromm抓取\fromm_dump\02\window_0128.xml
,PM 2:41,선우,"몇달 동안은 케이스 껴야제,,",C:\Users\yuyao\Desktop\fromm抓取\fromm_dump\02\window_0128.xml
,PM 2:41,선우,투명 케이스지,C:\Users\yuyao\Desktop\fromm抓取\fromm_dump\02\window_0129.xml
,PM 2:41,선우,나중에 폰 산 겸,C:\Users\yuyao\Desktop\fromm抓取\fromm_dump\02\window_0129.xml
,PM 2:41,선우,케이스 맞춰야징~,C:\Users\yuyao\Desktop\fromm抓取\fromm_dump\02\window_0129.xml
,PM 2:41,선우,💕,C:\Users\yuyao\Desktop\fromm抓取\fromm_dump\02\window_0129.xml
,PM 2:42,선우,난 근데 무거워지는 게 싫어서,C:\Users\yuyao\Desktop\fromm抓取\fromm_dump\02\window_0129.xml
,PM 2:42,선우,가벼운 케이스 낄고얌,C:\Users\yuyao\Desktop\fromm抓取\fromm_dump\02\window_0130.xml
,PM 2:42,선우,너 진짜 가벼운데 너 끼고 다니라고?,C:\Users\yuyao\Desktop\fromm抓取\fromm_dump\02\window_0130.xml
,PM 2:42,선우,이런 신박한 플러팅은 처음 보네,C:\Users\yuyao\Desktop\fromm抓取\fromm_dump\02\window_0130.xml
,PM 2:43,선우,이제 4월부터는 작업의 달이다,C:\Users\yuyao\Desktop\fromm抓取\fromm_dump\02\window_0130.xml
,PM 2:47,선우,"작업 거는 거 말고 노래.,,,^.^",C:\Users\yuyao\Desktop\fromm抓取\fromm_dump\02\window_0131.xml
,PM 2:47,선우,배드 써준 작가형이랑 송캠프 잡혀 있또,C:\Users\yuyao\Desktop\fromm抓取\fromm_dump\02\window_0131.xml
,PM 2:47,선우,가서 기깔난 거 만들고 와야게써,C:\Users\yuyao\Desktop\fromm抓取\fromm_dump\02\window_0131.xml
,PM 2:48,선우,송캠이 뭐냐면,C:\Users\yuyao\Desktop\fromm抓取\fromm_dump\02\window_0131.xml
,,선우,작가랑 비트메이커들 모여서,C:\Users\yuyao\Desktop\fromm抓取\fromm_dump\02\window_0131.xml
,PM 2:48,선우,작가랑 비트메이커들 모여서,C:\Users\yuyao\Desktop\fromm抓取\fromm_dump\02\window_0132.xml
,PM 2:48,선우,작업실에서,C:\Users\yuyao\Desktop\fromm抓取\fromm_dump\02\window_0132.xml
,PM 2:48,선우,비트 찍고 바로 마이크로 녹음해가면서,C:\Users\yuyao\Desktop\fromm抓取\fromm_dump\02\window_0132.xml
,PM 2:48,선우,곡 만드는 거야!,C:\Users\yuyao\Desktop\fromm抓取\fromm_dump\02\window_0132.xml
,PM 2:48,선우,옆에서 응원해줄 더비도 몇명 모집할게,C:\Users\yuyao\Desktop\fromm抓取\fromm_dump\02\window_0132.xml
,PM 2:49,선우,춤잘추거나 프리스타일 랩 잘하는 더비 구함,C:\Users\yuyao\Desktop\fromm抓取\fromm_dump\02\window_0133.xml
,PM 2:49,선우,소맥을 잘 말아줄 수 있다는 뭐임,C:\Users\yuyao\Desktop\fromm抓取\fromm_dump\02\window_0133.xml
,PM 2:50,선우,"전혀 관계 없잖아,,",C:\Users\yuyao\Desktop\fromm抓取\fromm_dump\02\window_0133.xml
,PM 2:51,선우,노래방 안 간지 이만년,C:\Users\yuyao\Desktop\fromm抓取\fromm_dump\02\window_0133.xml
,,선우,노래방 가고 싶다,C:\Users\yuyao\Desktop\fromm抓取\fromm_dump\02\window_0133.xml
,PM 2:51,선우,노래방 가고 싶다,C:\Users\yuyao\Desktop\fromm抓取\fromm_dump\02\window_0134.xml
,PM 2:52,선우,더비랑 노래방 가는 컨텐츠도 해보고 싶고 같이 배그하는 컨텐츠도 해보고 싶고,C:\Users\yuyao\Desktop\fromm抓取\fromm_dump\02\window_0134.xml
,PM 2:52,선우,요리 잘하는 더비네 집 들러서 밥 얻어먹고 가는 컨텐츠도 해보고 싶다,C:\Users\yuyao\Desktop\fromm抓取\fromm_dump\02\window_0134.xml
,PM 2:52,선우,ㅋㅋㅋㅋㅋㅋㅋ,C:\Users\yuyao\Desktop\fromm抓取\fromm_dump\02\window_0134.xml
,,선우,덥끼줍쇼,C:\Users\yuyao\Desktop\fromm抓取\fromm_dump\02\window_0134.xml
,PM 2:52,선우,덥끼줍쇼,C:\Users\yuyao\Desktop\fromm抓取\fromm_dump\02\window_0135.xml
,PM 2:53,선우,덕질 존 감상도 좋다,C:\Users\yuyao\Desktop\fromm抓取\fromm_dump\02\window_0135.xml
,PM 2:53,선우,개인유튜브 생기면 그런 걸로 해보겠음,C:\Users\yuyao\Desktop\fromm抓取\fromm_dump\02\window_0135.xml
,PM 2:53,선우,더비의 일상 함께해보기,C:\Users\yuyao\Desktop\fromm抓取\fromm_dump\02\window_0135.xml
,PM 2:53,선우,학교가면 학교도 같이 가고 일하는 현장 같이 가보고,C:\Users\yuyao\Desktop\fromm抓取\fromm_dump\02\window_0135.xml
,PM 2:53,선우,더비 현생 체험,C:\Users\yuyao\Desktop\fromm抓取\fromm_dump\02\window_0136.xml
,PM 2:54,선우,팬들이 어떤 일상을 보내면서 좋아해주는지,C:\Users\yuyao\Desktop\fromm抓取\fromm_dump\02\window_0136.xml
,PM 2:54,선우,더 이해하게 되지 않을까,C:\Users\yuyao\Desktop\fromm抓取\fromm_dump\02\window_0136.xml
,PM 2:54,선우,"어렵구나,,를 알게 될 것 같아",C:\Users\yuyao\Desktop\fromm抓取\fromm_dump\02\window_0136.xml
,PM 2:54,선우,ㅋㅋㅋㅋㅋㅋㅋㅋ,C:\Users\yuyao\Desktop\fromm抓取\fromm_dump\02\window_0136.xml
,PM 2:55,선우,갠유튜브 나아아중에 생기면 추진해볼게,C:\Users\yuyao\Desktop\fromm抓取\fromm_dump\02\window_0137.xml
,PM 2:55,선우,생겨야 할 수 있겠지만,C:\Users\yuyao\Desktop\fromm抓取\fromm_dump\02\window_0137.xml
,PM 2:55,선우,이름 정해보자 재미로,C:\Users\yuyao\Desktop\fromm抓取\fromm_dump\02\window_0137.xml
,PM 2:55,선우,유튜브 채널 이름 받아요,C:\Users\yuyao\Desktop\fromm抓取\fromm_dump\02\window_0137.xml
,,선우,구독자 이름도,C:\Users\yuyao\Desktop\fromm抓取\fromm_dump\02\window_0137.xml
,PM 2:55,선우,구독자 이름도,C:\Users\yuyao\Desktop\fromm抓取\fromm_dump\02\window_0138.xml
,PM 2:55,선우,재미로 ㅋ,C:\Users\yuyao\Desktop\fromm抓取\fromm_dump\02\window_0138.xml
,PM 2:56,선우,선우진행형은 너무 카피잖아,C:\Users\yuyao\Desktop\fromm抓取\fromm_dump\02\window_0138.xml
,PM 2:56,선우,누나구독하시랑께 이러네,C:\Users\yuyao\Desktop\fromm抓取\fromm_dump\02\window_0138.xml
,PM 2:56,선우,그게 채널명이면,C:\Users\yuyao\Desktop\fromm抓取\fromm_dump\02\window_0138.xml
,,선우,구독자 240명 찍고 채널 사라짐,C:\Users\yuyao\Desktop\fromm抓取\fromm_dump\02\window_0138.xml
,PM 2:57,선우,구독자 240명 찍고 채널 사라짐,C:\Users\yuyao\Desktop\fromm抓取\fromm_dump\02\window_0139.xml
,PM 2:58,선우,누나구독한번해주시면안돼요저누나아니면안될것같아서그래요진짜,C:\Users\yuyao\Desktop\fromm抓取\fromm_dump\02\window_0139.xml
,PM 2:58,선우,를 적은 사람은,C:\Users\yuyao\Desktop\fromm抓取\fromm_dump\02\window_0139.xml
,PM 2:59,선우,리스펙할게,C:\Users\yuyao\Desktop\fromm抓取\fromm_dump\02\window_0139.xml
,,선우,광기 때문에 남으라고도 안 할래,C:\Users\yuyao\Desktop\fromm抓取\fromm_dump\02\window_0139.xml
,PM 2:59,선우,광기 때문에 남으라고도 안 할래,C:\Users\yuyao\Desktop\fromm抓取\fromm_dump\02\window_0140.xml
,PM 2:59,선우,머선우일이고,C:\Users\yuyao\Desktop\fromm抓取\fromm_dump\02\window_0140.xml
,PM 2:59,선우,ㅋㅋㅋㅋㅋㅋㅋㅋㅋ,C:\Users\yuyao\Desktop\fromm抓取\fromm_dump\02\window_0140.xml
,PM 2:59,선우,신박,C:\Users\yuyao\Desktop\fromm抓取\fromm_dump\02\window_0140.xml
,PM 3:00,선우,어서오서누,C:\Users\yuyao\Desktop\fromm抓取\fromm_dump\02\window_0140.xml
,,선우,선콩티비,C:\Users\yuyao\Desktop\fromm抓取\fromm_dump\02\window_0140.xml
,PM 3:00,선우,선콩티비,C:\Users\yuyao\Desktop\fromm抓取\fromm_dump\02\window_0141.xml
,PM 3:00,선우,귀욥네,C:\Users\yuyao\Desktop\fromm抓取\fromm_dump\02\window_0141.xml
,PM 3:00,선우,이 누나 아직 구독의 맛을 모르는 게 분명해,C:\Users\yuyao\Desktop\fromm抓取\fromm_dump\02\window_0141.xml
,PM 3:00,선우,ㅋㅋㅋㅋㅋㅋㅋㅋㅋㅋㅋㅋㅋㅋㅋㅋㅋㅋㅋㅋㅋㅋ,C:\Users\yuyao\Desktop\fromm抓取\fromm_dump\02\window_0141.xml
,PM 3:00,선우,조롱 미쳤네,C:\Users\yuyao\Desktop\fromm抓取\fromm_dump\02\window_0141.xml
,PM 3:02,선우,"채널명 선우
구독자명 용녀",C:\Users\yuyao\Desktop\fromm抓取\fromm_dump\02\window_0142.xml
,PM 3:03,선우,도 나왔습니다,C:\Users\yuyao\Desktop\fromm抓取\fromm_dump\02\window_0142.xml
,,선우,누나가 구독해주면 더 낼수있지 세금 근로소득세 이자소득세 배달소득세 사업소득세 연금소득세 기타소득세 부가가치세 개별소비세 증여세 법인세 상속세 관세 지방소득세 법 인세 증권거래세 양도소득세 누진세 인지세 교육세 취득 세 등록면허세 주민세 자동차세 종합부동산세 인지세도 풀업풀업  구독자명 국세청,C:\Users\yuyao\Desktop\fromm抓取\fromm_dump\02\window_0142.xml
,PM 3:04,선우,"채널명 선우
구독자면 앉은우",C:\Users\yuyao\Desktop\fromm抓取\fromm_dump\02\window_0143.xml
,PM 3:04,선우,"김선우자꾸이러면나보고어떡하라고,어띃하라고,어떡콰라고,어뜨카라고,억떡하라고,우뜨카라고,모루카라고,오픈카라고,엉뜨켜라고,엉뚱하라고,오또카라고,어떡하라고,어띃하라고,어떡콰라고,어뜨카라고,억떡하라고,우뜨카라고,모루카라고,오픈카라고,엉뜨켜라고,엉뚱하라고,오또카라고",C:\Users\yuyao\Desktop\fromm抓取\fromm_dump\02\window_0143.xml
,PM 3:04,선우,그 채널명 얘기 하는 거 알고 있는 거 맞지?,C:\Users\yuyao\Desktop\fromm抓取\fromm_dump\02\window_0144.xml
,PM 3:05,선우,혹시 모르고 있을까봐 다시 한 번 말할게,C:\Users\yuyao\Desktop\fromm抓取\fromm_dump\02\window_0144.xml
,PM 3:05,선우,"채널명 선 우탕탕탕
구독자명 우르르쾅쾅",C:\Users\yuyao\Desktop\fromm抓取\fromm_dump\02\window_0144.xml
,PM 3:05,선우,그냥 입만 열어도 웃기네 이젠,C:\Users\yuyao\Desktop\fromm抓取\fromm_dump\02\window_0144.xml
,PM 3:05,선우,얼탱이 없ㅇ어 다,C:\Users\yuyao\Desktop\fromm抓取\fromm_dump\02\window_0145.xml
,PM 3:06,선우,"채널명 선우쨩~ 하이! 나니가 스키? 몰티져스! 요리모 구.독.자 💕

구독자명 민나 하이!! 나니가스키? 모치론 다이스키 김.선.우 💕",C:\Users\yuyao\Desktop\fromm抓取\fromm_dump\02\window_0145.xml
,,선우,"신나게 놀구 시퍼용?🎤(먀옹)😺레쓰듀잇!😏김선우 펌피럽😋선우🥘펌피럽💨오케이👌선우 퍼피럽😎선우 펌피럽👅레쓰꼬우😻김선우 펌피럽🏋️‍♂️오우😚섬우 펌피럽🫶김냄선우 퍼피럽😳오우🥺옷👖이 찢길🦷것 같아😱Yo, man🫢🫢오우🤯헤이!😹뤼얼?👽Oh my god🤷‍♀️LOOK AT THIS👖✂️lt’s ,실제😮‍💨상황💦",C:\Users\yuyao\Desktop\fromm抓取\fromm_dump\02\window_0145.xml
,PM 3:08,선우,"신나게 놀구 시퍼용?🎤(먀옹)😺레쓰듀잇!😏김선우 펌피럽😋선우🥘펌피럽💨오케이👌선우 퍼피럽😎선우 펌피럽👅레쓰꼬우😻김선우 펌피럽🏋️‍♂️오우😚섬우 펌피럽🫶김냄선우 퍼피럽😳오우🥺옷👖이 찢길🦷것 같아😱Yo, man🫢🫢오우🤯헤이!😹뤼얼?👽Oh my god🤷‍♀️LOOK AT THIS👖✂️lt’s ,실제😮‍💨상황💦",C:\Users\yuyao\Desktop\fromm抓取\fromm_dump\02\window_0146.xml
,PM 3:08,선우,근데 나 궁금한 게 저런 건,C:\Users\yuyao\Desktop\fromm抓取\fromm_dump\02\window_0146.xml
,PM 3:08,선우,왜 가지고 있는 거야,C:\Users\yuyao\Desktop\fromm抓取\fromm_dump\02\window_0146.xml
,,선우,나약하고💦어리석은💨연민에🥺빠져버린듯🏊‍♀️유혹🥵유혹💋이즈댓쏘🎶폭풍🌀처럼휩쓸리고🌪빼앗고빼앗긴🥷내할트❤️‍🔥랫미고💃미스디미스디🕴미스디미너😈미스디미너😈미스디👤미스디👥️미스디미너👿우린🤼‍♂️충돌☄️직💣전⚠️이햐🕺💃,C:\Users\yuyao\Desktop\fromm抓取\fromm_dump\02\window_0146.xml
,PM 3:08,선우,나약하고💦어리석은💨연민에🥺빠져버린듯🏊‍♀️유혹🥵유혹💋이즈댓쏘🎶폭풍🌀처럼휩쓸리고🌪빼앗고빼앗긴🥷내할트❤️‍🔥랫미고💃미스디미스디🕴미스디미너😈미스디미너😈미스디👤미스디👥️미스디미너👿우린🤼‍♂️충돌☄️직💣전⚠️이햐🕺💃,C:\Users\yuyao\Desktop\fromm抓取\fromm_dump\02\window_0147.xml
,PM 3:08,선우,이해할 수 없어,C:\Users\yuyao\Desktop\fromm抓取\fromm_dump\02\window_0147.xml
,PM 3:09,선우,이해할라고 하지마..?,C:\Users\yuyao\Desktop\fromm抓取\fromm_dump\02\window_0147.xml
,PM 3:09,선우,"알겠어.. 그냥 받아들일게,,",C:\Users\yuyao\Desktop\fromm抓取\fromm_dump\02\window_0147.xml
,,선우,응.. 느낄게..,C:\Users\yuyao\Desktop\fromm抓取\fromm_dump\02\window_0147.xml
,PM 3:09,선우,응.. 느낄게..,C:\Users\yuyao\Desktop\fromm抓取\fromm_dump\02\window_0148.xml
,PM 3:09,선우,나약하고 어리선우,C:\Users\yuyao\Desktop\fromm抓取\fromm_dump\02\window_0148.xml
,PM 3:09,선우,아 짜증나 저거,C:\Users\yuyao\Desktop\fromm抓取\fromm_dump\02\window_0148.xml
,PM 3:09,선우,개웃김,C:\Users\yuyao\Desktop\fromm抓取\fromm_dump\02\window_0148.xml
,,선우,그냥 말이 뚝 끊기는 게 ㄹㅇ 짜증남,C:\Users\yuyao\Desktop\fromm抓取\fromm_dump\02\window_0148.xml
,PM 3:10,선우,그냥 말이 뚝 끊기는 게 ㄹㅇ 짜증남,C:\Users\yuyao\Desktop\fromm抓取\fromm_dump\02\window_0149.xml
,PM 3:11,선우,곧 선우 생일의 선우시,C:\Users\yuyao\Desktop\fromm抓取\fromm_dump\02\window_0149.xml
,PM 3:11,선우,"다 군만두고싶어요
다 군만두고
다 비겁해요
다 짜장하고
다 자격없어요",C:\Users\yuyao\Desktop\fromm抓取\fromm_dump\02\window_0149.xml
,PM 3:11,선우,이건 머야?,C:\Users\yuyao\Desktop\fromm抓取\fromm_dump\02\window_0149.xml
,PM 3:11,선우,그냥 니가 먹고 싶은 거 말하지말라고,C:\Users\yuyao\Desktop\fromm抓取\fromm_dump\02\window_0150.xml
,PM 3:12,선우,서누시🫶,C:\Users\yuyao\Desktop\fromm抓取\fromm_dump\02\window_0150.xml
,PM 3:12,선우,🌸🌸,C:\Users\yuyao\Desktop\fromm抓取\fromm_dump\02\window_0150.xml
,PM 3:13,선우,유튜브는 보류하자,C:\Users\yuyao\Desktop\fromm抓取\fromm_dump\02\window_0150.xml
,PM 3:13,선우,이건 텍스트로 할 게 아니라,C:\Users\yuyao\Desktop\fromm抓取\fromm_dump\02\window_0150.xml
,PM 3:13,선우,라이브로 해야겠다,C:\Users\yuyao\Desktop\fromm抓取\fromm_dump\02\window_0151.xml
,PM 3:15,선우,난 이제 맛난 밥 먹으러,C:\Users\yuyao\Desktop\fromm抓取\fromm_dump\02\window_0151.xml
,PM 3:15,선우,가보께,C:\Users\yuyao\Desktop\fromm抓取\fromm_dump\02\window_0151.xml
,PM 3:15,선우,🥰🤭🫶,C:\Users\yuyao\Desktop\fromm抓取\fromm_dump\02\window_0151.xml
,PM 3:15,선우,울 더비들도 맛난 거 먹구,C:\Users\yuyao\Desktop\fromm抓取\fromm_dump\02\window_0151.xml
,PM 3:15,선우,많이 웃는 하루 되길!,C:\Users\yuyao\Desktop\fromm抓取\fromm_dump\02\window_0152.xml
,PM 3:18,선우,맞다,C:\Users\yuyao\Desktop\fromm抓取\fromm_dump\02\window_0152.xml
,PM 3:18,선우,그리고,C:\Users\yuyao\Desktop\fromm抓取\fromm_dump\02\window_0152.xml
,PM 3:18,선우,정말,C:\Users\yuyao\Desktop\fromm抓取\fromm_dump\02\window_0152.xml
,PM 3:18,선우,고마워,C:\Users\yuyao\Desktop\fromm抓取\fromm_dump\02\window_0153.xml
,PM 3:18,선우,더비들 없었으면 그냥 똑같은 하루들 중 하나였을 텐데,C:\Users\yuyao\Desktop\fromm抓取\fromm_dump\02\window_0153.xml
,PM 3:18,선우,특별한 날로 만들어줘서,C:\Users\yuyao\Desktop\fromm抓取\fromm_dump\02\window_0153.xml
,,선우,늘 생일 같이 특별한 사람으로 봐주고 생각해주는 게 더비면서 생일이라고 또 축하해주고 사랑주고 하는 울 새싹같은 더비들,C:\Users\yuyao\Desktop\fromm抓取\fromm_dump\02\window_0153.xml
,PM 3:19,선우,늘 생일 같이 특별한 사람으로 봐주고 생각해주는 게 더비면서 생일이라고 또 축하해주고 사랑주고 하는 울 새싹같은 더비들,C:\Users\yuyao\Desktop\fromm抓取\fromm_dump\02\window_0154.xml
,PM 3:19,선우,넘 귀엽고,C:\Users\yuyao\Desktop\fromm抓取\fromm_dump\02\window_0154.xml
,PM 3:19,선우,사랑스러워요,C:\Users\yuyao\Desktop\fromm抓取\fromm_dump\02\window_0154.xml
,PM 3:20,선우,너가 더 귀여워,C:\Users\yuyao\Desktop\fromm抓取\fromm_dump\02\window_0154.xml
,PM 3:20,선우,진짜 ㅜ 얼마나 사랑이 큰지 가늠도 안된다,C:\Users\yuyao\Desktop\fromm抓取\fromm_dump\02\window_0154.xml
,PM 3:20,선우,내가 그 큰 사랑 다 받을 수 있을만큼 더 성숙하고 넓은 사람이 되도록 노력할게,C:\Users\yuyao\Desktop\fromm抓取\fromm_dump\02\window_0155.xml
,PM 3:21,선우,고마워!🌸 내 봄 더비들,C:\Users\yuyao\Desktop\fromm抓取\fromm_dump\02\window_0155.xml
,PM 3:21,선우,더비는 지지 않는 벚꽃 같은 사람들이야,C:\Users\yuyao\Desktop\fromm抓取\fromm_dump\02\window_0155.xml
,PM 3:21,선우,4월도 잘 지내보자🫶,C:\Users\yuyao\Desktop\fromm抓取\fromm_dump\02\window_0155.xml
,PM 3:22,선우,더비가 제일 특별한 사람이라는 거 잊지말고,C:\Users\yuyao\Desktop\fromm抓取\fromm_dump\02\window_0156.xml
,PM 3:23,선우,볼품없는 ㄴ날 특별하게 만들어주는 건 더비잖아 더비 앞에서는 특별한 사람이 될 수 있게 해줘서 고맙고 더비가 가지고 있는 빛들을 나한테 나눠주고 채워줘서 고마워,C:\Users\yuyao\Desktop\fromm抓取\fromm_dump\02\window_0156.xml
,,선우,"본인이 그런 사람인 줄 몰랐다면 알길 바라
정말 한 명 한 명 덕분에 나라는 사람이 채워졌다는 걸 꼭 알아줬으면 해",C:\Users\yuyao\Desktop\fromm抓取\fromm_dump\02\window_0156.xml
,PM 3:23,선우,"본인이 그런 사람인 줄 몰랐다면 알길 바라
정말 한 명 한 명 덕분에 나라는 사람이 채워졌다는 걸 꼭 알아줬으면 해",C:\Users\yuyao\Desktop\fromm抓取\fromm_dump\02\window_0157.xml
,PM 3:24,선우,많이 사랑하고 사랑하겠습니다,C:\Users\yuyao\Desktop\fromm抓取\fromm_dump\02\window_0157.xml
,PM 3:24,선우,!,C:\Users\yuyao\Desktop\fromm抓取\fromm_dump\02\window_0157.xml
,PM 3:24,선우,🌸,C:\Users\yuyao\Desktop\fromm抓取\fromm_dump\02\window_0157.xml
,PM 3:30,선우,더비의 아이돌이 될 수 있어서 영광이야,C:\Users\yuyao\Desktop\fromm抓取\fromm_dump\02\window_0157.xml
,PM 3:30,선우,언제까지나 잊지 않을게 !,C:\Users\yuyao\Desktop\fromm抓取\fromm_dump\02\window_0158.xml
,PM 3:30,선우,좋은 하루 보내자🌸💕,C:\Users\yuyao\Desktop\fromm抓取\fromm_dump\02\window_0158.xml
,PM 4:44,선우,글고 도움 준 친구는 일반인 친구 당연히 아니고 배우여서 일 적으로 도움 부탁한 거니까 이상한 소리 그만~^^,C:\Users\yuyao\Desktop\fromm抓取\fromm_dump\02\window_0158.xml
,PM 4:44,선우,"일반인이었으면 더비 불렀겠지 ,,",C:\Users\yuyao\Desktop\fromm抓取\fromm_dump\02\window_0158.xml
,PM 4:46,선우,난 닭갈비 먹었구,C:\Users\yuyao\Desktop\fromm抓取\fromm_dump\02\window_0159.xml
,PM 4:46,선우,배터져 지금,C:\Users\yuyao\Desktop\fromm抓取\fromm_dump\02\window_0159.xml
,PM 4:50,선우,트위터 하냐고 자꾸 그러는데 무슨 소리야,C:\Users\yuyao\Desktop\fromm抓取\fromm_dump\02\window_0159.xml
,PM 4:51,선우,유명한 계정 중 하나가 나임,C:\Users\yuyao\Desktop\fromm抓取\fromm_dump\02\window_0159.xml
,PM 4:51,선우,ㅋㅋ 꿈에도 모르겠지,C:\Users\yuyao\Desktop\fromm抓取\fromm_dump\02\window_0159.xml
,PM 4:51,선우,내년 생일에 공개할게,C:\Users\yuyao\Desktop\fromm抓取\fromm_dump\02\window_0160.xml
,PM 4:56,선우,비 그쳐라! ㅠ,C:\Users\yuyao\Desktop\fromm抓取\fromm_dump\02\window_0160.xml
,PM 2:39,선우,더비,C:\Users\yuyao\Desktop\fromm抓取\fromm_dump\02\window_0160.xml
,PM 2:40,선우,괜차나?,C:\Users\yuyao\Desktop\fromm抓取\fromm_dump\02\window_0160.xml
,PM 2:40,선우,힘들지,C:\Users\yuyao\Desktop\fromm抓取\fromm_dump\02\window_0161.xml
,PM 2:40,선우,미안해,C:\Users\yuyao\Desktop\fromm抓取\fromm_dump\02\window_0161.xml
,PM 2:43,선우,더비한테 미안하고 더비들이 해주는 예쁜 말들이 지켜줘서 나는 괜차나,C:\Users\yuyao\Desktop\fromm抓取\fromm_dump\02\window_0161.xml
,PM 3:00,선우,난 사실 더비가 젤 걱정이고,C:\Users\yuyao\Desktop\fromm抓取\fromm_dump\02\window_0161.xml
,PM 3:01,선우,예쁜 마음 다치지마 !!!!,C:\Users\yuyao\Desktop\fromm抓取\fromm_dump\02\window_0161.xml
,PM 3:03,선우,더비시,C:\Users\yuyao\Desktop\fromm抓取\fromm_dump\02\window_0162.xml
,PM 3:14,선우,"근데 정말,,,",C:\Users\yuyao\Desktop\fromm抓取\fromm_dump\02\window_0162.xml
,,선우,"뒤에서도 절대 안 그러는데 앞에 팬분들 다 계시는데 미쳤다고 경호원님보고 에어팟 주워오라고 소리를 치겠냐고,,, 나 너무 얼탱이가 없어서 그렇게 보인 점에 대해 반성 스스로 하려고 하다가도 그 몇 초 영상으로 ,,그리고 선넘는 악플다는 사람들에게 내 할 말 했다고 욕을 이렇게나 먹는다는 게",C:\Users\yuyao\Desktop\fromm抓取\fromm_dump\02\window_0162.xml
,PM 3:18,선우,사람들 참 무섭다..,C:\Users\yuyao\Desktop\fromm抓取\fromm_dump\02\window_0163.xml
,PM 3:21,선우,정도껏 해야지 입다물고 넘어가던 하지.. 말 안하면 곪아 썩을 것 같아서 얘기 할게 이런 거 조차 싫은 더비들도 있을 텐데 정말 미안해 ㅠ,C:\Users\yuyao\Desktop\fromm抓取\fromm_dump\02\window_0163.xml
,,선우,어쨌든 욕 먹는 건 익숙하니까 정말 내 걱정은 그만! 난 진짜 괜찮아! 그들은 심기 불편하겠지만 날 몇초 본 사람보다 몇 년 본 더비가 날 더 잘 아니까 !!,C:\Users\yuyao\Desktop\fromm抓取\fromm_dump\02\window_0163.xml
,PM 3:25,선우,어쨌든 욕 먹는 건 익숙하니까 정말 내 걱정은 그만! 난 진짜 괜찮아! 그들은 심기 불편하겠지만 날 몇초 본 사람보다 몇 년 본 더비가 날 더 잘 아니까 !!,C:\Users\yuyao\Desktop\fromm抓取\fromm_dump\02\window_0164.xml
,PM 3:25,선우,사태가 막 너무 죽일 듯이 욕하길래,C:\Users\yuyao\Desktop\fromm抓取\fromm_dump\02\window_0164.xml
,PM 3:25,선우,어제 생일,C:\Users\yuyao\Desktop\fromm抓取\fromm_dump\02\window_0164.xml
,PM 3:25,선우,끝났는데도,C:\Users\yuyao\Desktop\fromm抓取\fromm_dump\02\window_0164.xml
,PM 3:25,선우,고맙다고,C:\Users\yuyao\Desktop\fromm抓取\fromm_dump\02\window_0164.xml
,PM 3:25,선우,못해서 넘 미안하구,C:\Users\yuyao\Desktop\fromm抓取\fromm_dump\02\window_0165.xml
,PM 3:25,선우,더비들도 기다리고 기쁜 날이었을 텐데,C:\Users\yuyao\Desktop\fromm抓取\fromm_dump\02\window_0165.xml
,PM 3:25,선우,이런 식으로 맘 고생했을 거 생각하면 맘이 너무 아파,C:\Users\yuyao\Desktop\fromm抓取\fromm_dump\02\window_0165.xml
,PM 3:26,선우,내년 생일 내후년 생일은 더 재밌게 좋은 추억으로 다 덮어보자!! 사랑해!!!,C:\Users\yuyao\Desktop\fromm抓取\fromm_dump\02\window_0165.xml
,PM 3:39,선우,"글고 더비한테 하는 약속 
내가 갑질하고 못 된 사람으로 오해 받지 않도록 
그래서 더비가 이런 해명 안해도 되도록 겉으로 잠깐 봐도 젠틀맨이네~ 할 수 있도록 보이는 행동에 더 노력할게 이건 냉정히 계속 앞으로도 고쳐나가야하는 부분이라고 정말 스스로 생각하고!",C:\Users\yuyao\Desktop\fromm抓取\fromm_dump\02\window_0166.xml
,PM 3:42,선우,"잘못한 건 잘못했다고 사과하고 반성하고 혼도 나고 고치려 노력하고
피곤해져도 아닌 건 아니라고 말 하면서 살겠슴다",C:\Users\yuyao\Desktop\fromm抓取\fromm_dump\02\window_0166.xml
,,선우,하.. 더비 욕하는 사람들 때뭄에 화난다,C:\Users\yuyao\Desktop\fromm抓取\fromm_dump\02\window_0166.xml
,PM 3:55,선우,하.. 더비 욕하는 사람들 때뭄에 화난다,C:\Users\yuyao\Desktop\fromm抓取\fromm_dump\02\window_0167.xml
,PM 3:56,선우,어캄 너무 화가나,C:\Users\yuyao\Desktop\fromm抓取\fromm_dump\02\window_0167.xml
,PM 3:56,선우,ㅋㅋ,C:\Users\yuyao\Desktop\fromm抓取\fromm_dump\02\window_0167.xml
,PM 3:59,선우,사랑해보지도 못한 사람들이 이 감정들을 쉽게 생각한 채로 본인의 말들이 다 정당하고 맞는 말이고 정의롭다고 생각하면서 더비한테 무식한 말들로 상처주는게 넘 어이없어서,C:\Users\yuyao\Desktop\fromm抓取\fromm_dump\02\window_0167.xml
,PM 3:59,선우,초능력이 있다면,C:\Users\yuyao\Desktop\fromm抓取\fromm_dump\02\window_0168.xml
,PM 4:00,선우,그 모두에게 하와이안 피자를 맥여버리고 싶을 정도로,C:\Users\yuyao\Desktop\fromm抓取\fromm_dump\02\window_0168.xml
,PM 4:00,선우,짜증이 남,C:\Users\yuyao\Desktop\fromm抓取\fromm_dump\02\window_0168.xml
,PM 4:00,선우,"좋아하는 사람이 꽤 있구나,,",C:\Users\yuyao\Desktop\fromm抓取\fromm_dump\02\window_0168.xml
,PM 4:01,선우,콩자반 맥이고 싶네,C:\Users\yuyao\Desktop\fromm抓取\fromm_dump\02\window_0168.xml
,PM 4:01,선우,후,C:\Users\yuyao\Desktop\fromm抓取\fromm_dump\02\window_0169.xml
,PM 4:02,선우,에잇 퉤,C:\Users\yuyao\Desktop\fromm抓取\fromm_dump\02\window_0169.xml
,PM 4:02,선우,이제 진짜 언급 안해,C:\Users\yuyao\Desktop\fromm抓取\fromm_dump\02\window_0169.xml
,PM 4:02,선우,끝,C:\Users\yuyao\Desktop\fromm抓取\fromm_dump\02\window_0169.xml
,,선우,잘 지내보쟈,C:\Users\yuyao\Desktop\fromm抓取\fromm_dump\02\window_0169.xml
,PM 4:02,선우,잘 지내보쟈,C:\Users\yuyao\Desktop\fromm抓取\fromm_dump\02\window_0170.xml
,PM 4:02,선우,서누 더비 화이팅,C:\Users\yuyao\Desktop\fromm抓取\fromm_dump\02\window_0170.xml
,PM 4:02,선우,💕,C:\Users\yuyao\Desktop\fromm抓取\fromm_dump\02\window_0170.xml
,PM 4:03,선우,걍 더비 건드는 것들 때문에 짜증나는 거지 난 ㄹㅇ 괜찮으니까 더비도 선넘는 사람들한테 감정 낭비 이제 끝내자 오늘부로,C:\Users\yuyao\Desktop\fromm抓取\fromm_dump\02\window_0170.xml
,PM 4:03,선우,끝!!!!!!!!!,C:\Users\yuyao\Desktop\fromm抓取\fromm_dump\02\window_0170.xml
,PM 4:06,선우,장수한다고 생각하고 열시미 내 일 해나갈게여 ㅎㅎ 사랑해! 고마워! 🫶,C:\Users\yuyao\Desktop\fromm抓取\fromm_dump\02\window_0171.xml
,AM 2:43,선우,더비들 잘 자 사랑해💕💕💕,C:\Users\yuyao\Desktop\fromm抓取\fromm_dump\02\window_0171.xml
,AM 2:44,선우,걱정말구 사랑만 하자🫶🫶 또 금방 보자!💕🥰🌸,C:\Users\yuyao\Desktop\fromm抓取\fromm_dump\02\window_0171.xml
,AM 9:00,선우,더비,C:\Users\yuyao\Desktop\fromm抓取\fromm_dump\02\window_0172.xml
,AM 9:01,선우,오늘도 좋은 하루 보내요!,C:\Users\yuyao\Desktop\fromm抓取\fromm_dump\02\window_0172.xml
,AM 9:02,선우,오늘은 비가 안 오네요,C:\Users\yuyao\Desktop\fromm抓取\fromm_dump\02\window_0172.xml
,AM 9:02,선우,헤헤,C:\Users\yuyao\Desktop\fromm抓取\fromm_dump\02\window_0172.xml
,,선우,근데 존댓말 왜 했지,C:\Users\yuyao\Desktop\fromm抓取\fromm_dump\02\window_0172.xml
,AM 9:03,선우,근데 존댓말 왜 했지,C:\Users\yuyao\Desktop\fromm抓取\fromm_dump\02\window_0173.xml
,AM 9:04,선우,비가 안 오는 구려,C:\Users\yuyao\Desktop\fromm抓取\fromm_dump\02\window_0173.xml
,AM 9:04,선우,날씨 허벌나게 좋쿠마잉,C:\Users\yuyao\Desktop\fromm抓取\fromm_dump\02\window_0173.xml
,AM 9:04,선우,이거 어디 사투리게,C:\Users\yuyao\Desktop\fromm抓取\fromm_dump\02\window_0173.xml
,AM 9:04,선우,몰라 나도,C:\Users\yuyao\Desktop\fromm抓取\fromm_dump\02\window_0173.xml
,,선우,떤투리임,C:\Users\yuyao\Desktop\fromm抓取\fromm_dump\02\window_0173.xml
,AM 9:04,선우,떤투리임,C:\Users\yuyao\Desktop\fromm抓取\fromm_dump\02\window_0174.xml
,AM 9:05,선우,밥은 먹었나봉방,C:\Users\yuyao\Desktop\fromm抓取\fromm_dump\02\window_0174.xml
,AM 9:05,선우,안 먹었음쎄리 묵어삐까치빠이,C:\Users\yuyao\Desktop\fromm抓取\fromm_dump\02\window_0174.xml
,AM 9:07,선우,내는 배고파삐라 김치볶음밥 시켜부려리,C:\Users\yuyao\Desktop\fromm抓取\fromm_dump\02\window_0174.xml
,AM 9:07,선우,이런 사투리 있으면 좋겠당,C:\Users\yuyao\Desktop\fromm抓取\fromm_dump\02\window_0174.xml
,AM 9:07,선우,헤헤,C:\Users\yuyao\Desktop\fromm抓取\fromm_dump\02\window_0175.xml
,AM 9:08,선우,아 배고파 죽겄네,C:\Users\yuyao\Desktop\fromm抓取\fromm_dump\02\window_0175.xml
,AM 9:08,선우,배가 등딱지에 붙었어 지금,C:\Users\yuyao\Desktop\fromm抓取\fromm_dump\02\window_0175.xml
,AM 9:09,선우,에릭이 시구하는 거 못봤는데,C:\Users\yuyao\Desktop\fromm抓取\fromm_dump\02\window_0175.xml
,AM 9:09,선우,이번엔 제대로 던졌대?,C:\Users\yuyao\Desktop\fromm抓取\fromm_dump\02\window_0175.xml
,AM 9:09,선우,관중석으로 안 던졌지?,C:\Users\yuyao\Desktop\fromm抓取\fromm_dump\02\window_0176.xml
,AM 9:10,선우,공이 조금은 위로 갔지만 구속은 대박이었다,C:\Users\yuyao\Desktop\fromm抓取\fromm_dump\02\window_0176.xml
,AM 9:10,선우,가 대부분의 반응이군,C:\Users\yuyao\Desktop\fromm抓取\fromm_dump\02\window_0176.xml
,AM 9:10,선우,에릭이가 연습 진짜 많이 하면서 저번이 얼마나 억울 했으면,C:\Users\yuyao\Desktop\fromm抓取\fromm_dump\02\window_0176.xml
,AM 9:11,선우,연습 때 잘 해놓은 거 미리 따놓겠다고,C:\Users\yuyao\Desktop\fromm抓取\fromm_dump\02\window_0177.xml
,AM 9:11,선우,비하인드도 열심히 찍고,C:\Users\yuyao\Desktop\fromm抓取\fromm_dump\02\window_0177.xml
,AM 9:11,선우,했다는 풍문이,C:\Users\yuyao\Desktop\fromm抓取\fromm_dump\02\window_0177.xml
,AM 9:11,선우,그래도 이번엔 잘했나보군요,C:\Users\yuyao\Desktop\fromm抓取\fromm_dump\02\window_0177.xml
,,선우,그게 실력의 반의 반도 안되게 던진 거겠지만,C:\Users\yuyao\Desktop\fromm抓取\fromm_dump\02\window_0177.xml
,AM 9:11,선우,그게 실력의 반의 반도 안되게 던진 거겠지만,C:\Users\yuyao\Desktop\fromm抓取\fromm_dump\02\window_0178.xml
,AM 9:12,선우,더비는 에릭이 야구 잘하는 거 아니까 뭐 ~,C:\Users\yuyao\Desktop\fromm抓取\fromm_dump\02\window_0178.xml
,AM 9:12,선우,근데 뻥안치고 내가 더 잘함 ㅋㅋ,C:\Users\yuyao\Desktop\fromm抓取\fromm_dump\02\window_0178.xml
,AM 9:12,선우,난 무대 체질이라 연습때 못하다가 실전에서,C:\Users\yuyao\Desktop\fromm抓取\fromm_dump\02\window_0178.xml
,,선우,공이 사라진 줄 알고 두리번 거릴 때 이미 포수의 글러브 안에,C:\Users\yuyao\Desktop\fromm抓取\fromm_dump\02\window_0178.xml
,AM 9:13,선우,공이 사라진 줄 알고 두리번 거릴 때 이미 포수의 글러브 안에,C:\Users\yuyao\Desktop\fromm抓取\fromm_dump\02\window_0179.xml
,AM 9:13,선우,들어가 있는,C:\Users\yuyao\Desktop\fromm抓取\fromm_dump\02\window_0179.xml
,AM 9:13,선우,그래서 야구계가 들썩이며,C:\Users\yuyao\Desktop\fromm抓取\fromm_dump\02\window_0179.xml
,AM 9:15,선우,시축 하고 싶당,C:\Users\yuyao\Desktop\fromm抓取\fromm_dump\02\window_0179.xml
,AM 9:16,선우,시구 한다면 어느 팀이 좋아요,C:\Users\yuyao\Desktop\fromm抓取\fromm_dump\02\window_0179.xml
,AM 9:16,선우,난 야구를 몰라 사실,C:\Users\yuyao\Desktop\fromm抓取\fromm_dump\02\window_0180.xml
,AM 9:17,선우,전 뒷마당에서 캐치볼이나 하겠슴니다,C:\Users\yuyao\Desktop\fromm抓取\fromm_dump\02\window_0180.xml
,AM 9:17,선우,내 공 받아줄 더비,C:\Users\yuyao\Desktop\fromm抓取\fromm_dump\02\window_0180.xml
,AM 9:17,선우,구함,C:\Users\yuyao\Desktop\fromm抓取\fromm_dump\02\window_0180.xml
,AM 9:18,선우,대신 손에 구멍 날 수도 있음,C:\Users\yuyao\Desktop\fromm抓取\fromm_dump\02\window_0180.xml
,AM 9:18,선우,ㅋㅋㅋㅋㅋㅋ,C:\Users\yuyao\Desktop\fromm抓取\fromm_dump\02\window_0181.xml
,AM 9:18,선우,취미를 찾으려고 해요,C:\Users\yuyao\Desktop\fromm抓取\fromm_dump\02\window_0181.xml
,AM 9:19,선우,어떤 취미가 좋을까여,C:\Users\yuyao\Desktop\fromm抓取\fromm_dump\02\window_0181.xml
,AM 9:25,선우,애니 추천 부탁,C:\Users\yuyao\Desktop\fromm抓取\fromm_dump\02\window_0181.xml
,,선우,다시 애니의 계절이 돌아왔다,C:\Users\yuyao\Desktop\fromm抓取\fromm_dump\02\window_0181.xml
,AM 9:25,선우,다시 애니의 계절이 돌아왔다,C:\Users\yuyao\Desktop\fromm抓取\fromm_dump\02\window_0182.xml
,AM 5:10,선우,날씨가 안 좋다 오늘은 우산 꼭 챙기고 비 맞지마 더비😪☔️🌧️,C:\Users\yuyao\Desktop\fromm抓取\fromm_dump\02\window_0182.xml
,PM 9:40,선우,[media/no text],C:\Users\yuyao\Desktop\fromm抓取\fromm_dump\02\window_0183.xml
,PM 9:43,선우,씻을 거임,C:\Users\yuyao\Desktop\fromm抓取\fromm_dump\02\window_0185.xml
,PM 10:22,선우,오늘 뭐 찍고 왔어 누구랑,C:\Users\yuyao\Desktop\fromm抓取\fromm_dump\02\window_0185.xml
,PM 10:22,선우,이거 스포야 헤헤헤,C:\Users\yuyao\Desktop\fromm抓取\fromm_dump\02\window_0185.xml
,,선우,좋아할 것 같아!!,C:\Users\yuyao\Desktop\fromm抓取\fromm_dump\02\window_0185.xml
,PM 10:23,선우,좋아할 것 같아!!,C:\Users\yuyao\Desktop\fromm抓取\fromm_dump\02\window_0186.xml
,PM 10:23,선우,이거 비이이이이밀,C:\Users\yuyao\Desktop\fromm抓取\fromm_dump\02\window_0186.xml
,PM 10:23,선우,히히,C:\Users\yuyao\Desktop\fromm抓取\fromm_dump\02\window_0186.xml
,PM 10:23,선우,밥 머거라!!!!,C:\Users\yuyao\Desktop\fromm抓取\fromm_dump\02\window_0186.xml
,PM 10:50,선우,나는 먹고있어 배불러 으악,C:\Users\yuyao\Desktop\fromm抓取\fromm_dump\02\window_0186.xml
,AM 10:22,선우,더비 오늘도 좋은 하루 보내고 힘내 사랑해요💕💕🥰,C:\Users\yuyao\Desktop\fromm抓取\fromm_dump\02\window_0187.xml
,AM 10:32,선우,[media/no text],C:\Users\yuyao\Desktop\fromm抓取\fromm_dump\02\window_0188.xml
,PM 10:59,선우,[media/no text],C:\Users\yuyao\Desktop\fromm抓取\fromm_dump\02\window_0189.xml
,PM 10:59,선우,잘쟈 쪼꼬미 서누 보고,C:\Users\yuyao\Desktop\fromm抓取\fromm_dump\02\window_0193.xml
,PM 10:59,선우,🫶✨,C:\Users\yuyao\Desktop\fromm抓取\fromm_dump\02\window_0193.xml
,PM 4:08,선우,날씨가 갑자기,C:\Users\yuyao\Desktop\fromm抓取\fromm_dump\02\window_0193.xml
,PM 4:08,선우,비오다가,C:\Users\yuyao\Desktop\fromm抓取\fromm_dump\02\window_0194.xml
,PM 4:08,선우,쌀쌀해져떠,C:\Users\yuyao\Desktop\fromm抓取\fromm_dump\02\window_0194.xml
,PM 4:08,선우,따뜻하게 입고 댕겨 ㅇㅋ?,C:\Users\yuyao\Desktop\fromm抓取\fromm_dump\02\window_0194.xml
,PM 4:08,선우,난 인천임,C:\Users\yuyao\Desktop\fromm抓取\fromm_dump\02\window_0194.xml
,PM 4:09,선우,인천 온사람,C:\Users\yuyao\Desktop\fromm抓取\fromm_dump\02\window_0194.xml
,PM 4:09,선우,나 행사 땜시 왔지,C:\Users\yuyao\Desktop\fromm抓取\fromm_dump\02\window_0195.xml
,PM 4:10,선우,더비들 많이 보려고,C:\Users\yuyao\Desktop\fromm抓取\fromm_dump\02\window_0195.xml
,PM 4:10,선우,국내행사 좀 하는 중,C:\Users\yuyao\Desktop\fromm抓取\fromm_dump\02\window_0195.xml
,PM 4:10,선우,자 다음은 어디.?,C:\Users\yuyao\Desktop\fromm抓取\fromm_dump\02\window_0195.xml
,PM 4:10,선우,우리 아직까지 서로 얘기하는,C:\Users\yuyao\Desktop\fromm抓取\fromm_dump\02\window_0195.xml
,PM 4:10,선우,레전드 행사가 있는데,C:\Users\yuyao\Desktop\fromm抓取\fromm_dump\02\window_0196.xml
,PM 4:10,선우,뭔지 아는 사람,C:\Users\yuyao\Desktop\fromm抓取\fromm_dump\02\window_0196.xml
,PM 4:10,선우,힌트 데뷔초,C:\Users\yuyao\Desktop\fromm抓取\fromm_dump\02\window_0196.xml
,PM 4:11,선우,수산시장은 행사가 아니잖슴 ㅋ,C:\Users\yuyao\Desktop\fromm抓取\fromm_dump\02\window_0196.xml
,PM 4:11,선우,여러가지가 있는데,C:\Users\yuyao\Desktop\fromm抓取\fromm_dump\02\window_0196.xml
,PM 4:11,선우,무슨 축제인지 이름은 기억 안나는데,C:\Users\yuyao\Desktop\fromm抓取\fromm_dump\02\window_0197.xml
,PM 4:11,선우,스님 4만분 앞에서 공연했던 행사임,C:\Users\yuyao\Desktop\fromm抓取\fromm_dump\02\window_0197.xml
,PM 4:11,선우,스님 분들 앞에서 소년하는데,C:\Users\yuyao\Desktop\fromm抓取\fromm_dump\02\window_0197.xml
,PM 4:12,선우,뉴형 십자가 손가락 타투와,C:\Users\yuyao\Desktop\fromm抓取\fromm_dump\02\window_0197.xml
,PM 4:12,선우,모든 것이 어우러져,C:\Users\yuyao\Desktop\fromm抓取\fromm_dump\02\window_0198.xml
,PM 4:12,선우,종교 대통합의 자리,C:\Users\yuyao\Desktop\fromm抓取\fromm_dump\02\window_0198.xml
,PM 4:12,선우,그행사가 래전드로 뽑혀,C:\Users\yuyao\Desktop\fromm抓取\fromm_dump\02\window_0198.xml
,PM 4:12,선우,왜냐면 거기 화장실도 야외에 띨롱하게 있는 거라,C:\Users\yuyao\Desktop\fromm抓取\fromm_dump\02\window_0198.xml
,PM 4:12,선우,들갔다가 나오는 거 모두가 직관 가능,C:\Users\yuyao\Desktop\fromm抓取\fromm_dump\02\window_0198.xml
,PM 4:13,선우,그래서 나오는 시간 조절해야함 ㅋㅋ,C:\Users\yuyao\Desktop\fromm抓取\fromm_dump\02\window_0199.xml
,PM 4:13,선우,다행히 난ㄴ 그 때 안 갔지만,C:\Users\yuyao\Desktop\fromm抓取\fromm_dump\02\window_0199.xml
,PM 4:13,선우,아니 근데 나 요즘 자꾸,C:\Users\yuyao\Desktop\fromm抓取\fromm_dump\02\window_0199.xml
,PM 4:13,선우,밤에,C:\Users\yuyao\Desktop\fromm抓取\fromm_dump\02\window_0199.xml
,PM 4:13,선우,기절할 것 같이 졸리고,C:\Users\yuyao\Desktop\fromm抓取\fromm_dump\02\window_0200.xml
,PM 4:14,선우,참을 수 없는 졸음과 피곤함이 갑자기 막 오는데,C:\Users\yuyao\Desktop\fromm抓取\fromm_dump\02\window_0200.xml
,PM 4:14,선우,뭐가 부족한 거지,C:\Users\yuyao\Desktop\fromm抓取\fromm_dump\02\window_0200.xml
,PM 4:14,선우,비타민을 먹어야하는 거?,C:\Users\yuyao\Desktop\fromm抓取\fromm_dump\02\window_0200.xml
,PM 4:14,선우,잠은 근데 많이 자는데에도,C:\Users\yuyao\Desktop\fromm抓取\fromm_dump\02\window_0200.xml
,PM 4:14,선우,"막 몸에 힘이 없고 집가서 씻으면 괜찮다가도 참을 수 없는 졸음이 확 몰려오고,,",C:\Users\yuyao\Desktop\fromm抓取\fromm_dump\02\window_0201.xml
,PM 4:15,선우,비타민 디,C:\Users\yuyao\Desktop\fromm抓取\fromm_dump\02\window_0201.xml
,PM 4:15,선우,확인,C:\Users\yuyao\Desktop\fromm抓取\fromm_dump\02\window_0201.xml
,PM 4:15,선우,원래 안 이랰ㅅ는데,C:\Users\yuyao\Desktop\fromm抓取\fromm_dump\02\window_0201.xml
,,선우,나 졸음 진짜 잘 참는 편인데도 갑자기 그럼,C:\Users\yuyao\Desktop\fromm抓取\fromm_dump\02\window_0201.xml
,PM 4:15,선우,나 졸음 진짜 잘 참는 편인데도 갑자기 그럼,C:\Users\yuyao\Desktop\fromm抓取\fromm_dump\02\window_0202.xml
,PM 4:15,선우,갑상선에 문제가 있을 수도 있다 라,C:\Users\yuyao\Desktop\fromm抓取\fromm_dump\02\window_0202.xml
,PM 4:16,선우,여유 있을 때 건깅검진 땡기고 와야겠다,C:\Users\yuyao\Desktop\fromm抓取\fromm_dump\02\window_0202.xml
,PM 4:17,선우,마그네슘 오키,C:\Users\yuyao\Desktop\fromm抓取\fromm_dump\02\window_0202.xml
,PM 4:17,선우,유 유 유 유 유유유유 마그네에 슘,C:\Users\yuyao\Desktop\fromm抓取\fromm_dump\02\window_0202.xml
,PM 4:18,선우,난 마그네슘 비타민 디 아연 같이 있는 거 먹는데 좋더랑 이거 쓰신 분 추천 좀,C:\Users\yuyao\Desktop\fromm抓取\fromm_dump\02\window_0203.xml
,PM 4:18,선우,강이 님,C:\Users\yuyao\Desktop\fromm抓取\fromm_dump\02\window_0203.xml
,PM 4:18,선우,추천해주세요,C:\Users\yuyao\Desktop\fromm抓取\fromm_dump\02\window_0203.xml
,PM 4:19,선우,샤라웃 좀 할게요,C:\Users\yuyao\Desktop\fromm抓取\fromm_dump\02\window_0203.xml
,PM 4:19,선우,ㅠㅜ 추천 보ㅡㅜ탁,C:\Users\yuyao\Desktop\fromm抓取\fromm_dump\02\window_0204.xml
,PM 4:20,선우,도펠헤르츠 마그네슘이 진짜임 가루야 레모나맛이야 진짜야 이게  - 리댜님 감사합니다,C:\Users\yuyao\Desktop\fromm抓取\fromm_dump\02\window_0204.xml
,PM 4:20,선우,츠천받아요 대신 그 에너지 땡겨쓰는 그런 거 말고,C:\Users\yuyao\Desktop\fromm抓取\fromm_dump\02\window_0204.xml
,,선우,서누야 비타민 디를 먹을땐 칼슘을 같이 먹어야 함 ph365 비타민디 아연 ㄱㄱ 나 전힘들어서 집에오먄 쓰러졋는데 굳,C:\Users\yuyao\Desktop\fromm抓取\fromm_dump\02\window_0204.xml
,PM 4:22,선우,서누야 비타민 디를 먹을땐 칼슘을 같이 먹어야 함 ph365 비타민디 아연 ㄱㄱ 나 전힘들어서 집에오먄 쓰러졋는데 굳,C:\Users\yuyao\Desktop\fromm抓取\fromm_dump\02\window_0205.xml
,PM 4:23,선우,좋은 정보 감사합니다,C:\Users\yuyao\Desktop\fromm抓取\fromm_dump\02\window_0205.xml
,PM 4:23,선우,솔가칼마디 - 칼슘 마그네슘 비타민D 합쳐져있대,C:\Users\yuyao\Desktop\fromm抓取\fromm_dump\02\window_0205.xml
,PM 4:23,선우,마그랩 포 스트레스 마시는 액상 글루콘산 마그네슘 비타민B 기절햇다가도눈뜸,C:\Users\yuyao\Desktop\fromm抓取\fromm_dump\02\window_0205.xml
,PM 4:24,선우,더비들 참고 ㄱㄱ,C:\Users\yuyao\Desktop\fromm抓取\fromm_dump\02\window_0205.xml
,PM 4:24,선우,"센트룸 포 맨
닥터에이플러스 마디케어 징크디마그
종근당건강 원데이 징크 디 마그네슘

이거 세 개 추천 할겡
닥터 저건 피로감 줄고 종근당 저건 잔 근육 떨림이 줄어들고 잠이 잘 옴
그리고 센트룸 저건
전반적으로 먹으면 컨디션이 막 올라감 ㅇㅇ",C:\Users\yuyao\Desktop\fromm抓取\fromm_dump\02\window_0206.xml
,PM 4:25,선우,너무 많으면 혼란 생기니 요기까지 하고 나만 보겠음 ㅋ,C:\Users\yuyao\Desktop\fromm抓取\fromm_dump\02\window_0206.xml
,PM 4:28,선우,그래도 최고의 비타민ㅇ은 더비지~!!,C:\Users\yuyao\Desktop\fromm抓取\fromm_dump\02\window_0207.xml
,PM 4:28,선우,늦었나 ㅋ,C:\Users\yuyao\Desktop\fromm抓取\fromm_dump\02\window_0207.xml
,PM 4:28,선우,늦은 것 중에 젤 빨랐음,C:\Users\yuyao\Desktop\fromm抓取\fromm_dump\02\window_0207.xml
,PM 4:31,선우,근데 생각해보니까 센트룸 포 맨 추천해준 더비,C:\Users\yuyao\Desktop\fromm抓取\fromm_dump\02\window_0207.xml
,PM 4:31,선우,편견없고 좋아 ~~,C:\Users\yuyao\Desktop\fromm抓取\fromm_dump\02\window_0208.xml
,PM 4:32,선우,남자 더비일리 없음 저렇게 정성스레 빠르게 적어준 거 보면,C:\Users\yuyao\Desktop\fromm抓取\fromm_dump\02\window_0208.xml
,PM 4:32,선우,더비소녀가 분명함,C:\Users\yuyao\Desktop\fromm抓取\fromm_dump\02\window_0208.xml
,PM 4:32,선우,더비 편견 없다고 칭찬하면서 편견가지네 나,C:\Users\yuyao\Desktop\fromm抓取\fromm_dump\02\window_0208.xml
,PM 4:32,선우,반성해,C:\Users\yuyao\Desktop\fromm抓取\fromm_dump\02\window_0208.xml
,PM 4:33,선우,일단,C:\Users\yuyao\Desktop\fromm抓取\fromm_dump\02\window_0209.xml
,PM 4:33,선우,비타민 디 마그네슘 요정도,C:\Users\yuyao\Desktop\fromm抓取\fromm_dump\02\window_0209.xml
,PM 4:33,선우,먹어봐야게따,C:\Users\yuyao\Desktop\fromm抓取\fromm_dump\02\window_0209.xml
,PM 4:33,선우,아 칼슘도,C:\Users\yuyao\Desktop\fromm抓取\fromm_dump\02\window_0209.xml
,PM 4:34,선우,아 오메가 3도,C:\Users\yuyao\Desktop\fromm抓取\fromm_dump\02\window_0209.xml
,PM 4:35,선우,"종근당 칼마디 - 마그네슘 아연 비타민디 칼슘 다잇음 난 이거 먹고 괜찮았고 솔가보다 나았음
큐업 - 고딩들 잠 안자고 체력 회복하는 포션이라고하는건데 먹어봐 난 이거 고3때 직빵이였음
글루콤 - 큐업이랑 비슷한데 온누리약국에서만 팖 이거도 ㄱㅊ은데 얘가 조금더 비쌈",C:\Users\yuyao\Desktop\fromm抓取\fromm_dump\02\window_0210.xml
,PM 4:35,선우,유민아 고마워요,C:\Users\yuyao\Desktop\fromm抓取\fromm_dump\02\window_0210.xml
,,선우,ㅋㅋ,C:\Users\yuyao\Desktop\fromm抓取\fromm_dump\02\window_0210.xml
,PM 4:35,선우,ㅋㅋ,C:\Users\yuyao\Desktop\fromm抓取\fromm_dump\02\window_0211.xml
,PM 4:35,선우,나도 더비들이 추천한 거,C:\Users\yuyao\Desktop\fromm抓取\fromm_dump\02\window_0211.xml
,PM 4:35,선우,먹어보고,C:\Users\yuyao\Desktop\fromm抓取\fromm_dump\02\window_0211.xml
,PM 4:35,선우,후기ㅜ남겨드림,C:\Users\yuyao\Desktop\fromm抓取\fromm_dump\02\window_0211.xml
,PM 4:35,선우,그 뭐야,C:\Users\yuyao\Desktop\fromm抓取\fromm_dump\02\window_0211.xml
,,선우,그 젤리,C:\Users\yuyao\Desktop\fromm抓取\fromm_dump\02\window_0211.xml
,PM 4:35,선우,그 젤리,C:\Users\yuyao\Desktop\fromm抓取\fromm_dump\02\window_0212.xml
,PM 4:35,선우,이름 뭐였지,C:\Users\yuyao\Desktop\fromm抓取\fromm_dump\02\window_0212.xml
,PM 4:35,선우,애사비,C:\Users\yuyao\Desktop\fromm抓取\fromm_dump\02\window_0212.xml
,PM 4:36,선우,챙겨먹는 중임데 꾸준히 자주 안 먹어서 후기 불가,C:\Users\yuyao\Desktop\fromm抓取\fromm_dump\02\window_0212.xml
,PM 4:36,선우,너무 마니 먹으면 안 좋다는데,C:\Users\yuyao\Desktop\fromm抓取\fromm_dump\02\window_0212.xml
,PM 4:36,선우,걱정 안해도 될 듯 ㅋㅋ,C:\Users\yuyao\Desktop\fromm抓取\fromm_dump\02\window_0213.xml
,PM 4:48,선우,헤메 중 ㅋ,C:\Users\yuyao\Desktop\fromm抓取\fromm_dump\02\window_0213.xml
,PM 9:38,선우,[media/no text],C:\Users\yuyao\Desktop\fromm抓取\fromm_dump\02\window_0214.xml
,,선우,충격 실화 초딩때 사진을 친구에게 받았다,C:\Users\yuyao\Desktop\fromm抓取\fromm_dump\02\window_0217.xml
,AM 12:14,선우,충격 실화 초딩때 사진을 친구에게 받았다,C:\Users\yuyao\Desktop\fromm抓取\fromm_dump\02\window_0218.xml
,AM 12:15,선우,진짜 개꼬질 흙감자,C:\Users\yuyao\Desktop\fromm抓取\fromm_dump\02\window_0218.xml
,AM 12:15,선우,양해 좀,C:\Users\yuyao\Desktop\fromm抓取\fromm_dump\02\window_0218.xml
,AM 12:16,선우,[media/no text],C:\Users\yuyao\Desktop\fromm抓取\fromm_dump\02\window_0219.xml
,AM 12:16,선우,오학년 때,C:\Users\yuyao\Desktop\fromm抓取\fromm_dump\02\window_0222.xml
,AM 12:17,선우,[media/no text],C:\Users\yuyao\Desktop\fromm抓取\fromm_dump\02\window_0223.xml
,AM 12:18,선우,이건 육학년 때,C:\Users\yuyao\Desktop\fromm抓取\fromm_dump\02\window_0226.xml
,AM 12:18,선우,ㅋㅋㅋㅋㅋㅋㅋㅋㅋㅋㅋㅋㅋ,C:\Users\yuyao\Desktop\fromm抓取\fromm_dump\02\window_0226.xml
,AM 12:18,선우,그래도 조금 큼 오학년 때 보단,C:\Users\yuyao\Desktop\fromm抓取\fromm_dump\02\window_0226.xml
,AM 12:18,선우,머리 ㄹㅈㄷ,C:\Users\yuyao\Desktop\fromm抓取\fromm_dump\02\window_0227.xml
,AM 12:18,선우,저 원숭이티 뭐임 ㄹㅇ,C:\Users\yuyao\Desktop\fromm抓取\fromm_dump\02\window_0227.xml
,AM 12:36,선우,트위터 저 영상 진짜 머리 장난으로 올리고 하니까 울엄마 저 시절때랑 똑~~~~~~같이 생김,C:\Users\yuyao\Desktop\fromm抓取\fromm_dump\02\window_0227.xml
,AM 12:38,선우,울 엄마 어릴 때말고 삼십 정도 되었을 때 얼굴이랑 아예 똑같아서 놀랐어,C:\Users\yuyao\Desktop\fromm抓取\fromm_dump\02\window_0227.xml
,AM 12:38,선우,저 시절의 냄새와 공기가 그립다,C:\Users\yuyao\Desktop\fromm抓取\fromm_dump\02\window_0228.xml
,AM 12:38,선우,동네만 나가면 친구들이 뛰어 놀고 있고,C:\Users\yuyao\Desktop\fromm抓取\fromm_dump\02\window_0228.xml
,AM 12:38,선우,좋았는데 ㅋㅋ,C:\Users\yuyao\Desktop\fromm抓取\fromm_dump\02\window_0228.xml
,AM 12:40,선우,쨌든 약속 지켰다 ㅋ,C:\Users\yuyao\Desktop\fromm抓取\fromm_dump\02\window_0228.xml
,AM 12:40,선우,해피 어린이날,C:\Users\yuyao\Desktop\fromm抓取\fromm_dump\02\window_0228.xml
,AM 12:40,선우,🫶🌸,C:\Users\yuyao\Desktop\fromm抓取\fromm_dump\02\window_0229.xml
,AM 12:53,선우,똥강아지말고 오빠라고 불러~!,C:\Users\yuyao\Desktop\fromm抓取\fromm_dump\02\window_0230.xml
,AM 12:54,선우,딱 저부분이 울엄마랑 똑같이 생겼어 유전자는 신기해 엄마 보고싶어요,C:\Users\yuyao\Desktop\fromm抓取\fromm_dump\02\window_0230.xml
,AM 11:49,선우,오늘도 조은 하루💕,C:\Users\yuyao\Desktop\fromm抓取\fromm_dump\02\window_0230.xml
,AM 11:49,선우,환절기 땜시 미치겠네 그려,C:\Users\yuyao\Desktop\fromm抓取\fromm_dump\02\window_0231.xml
,AM 11:49,선우,오늘 라디오 코막힌 소리여도 양해부탁해,C:\Users\yuyao\Desktop\fromm抓取\fromm_dump\02\window_0231.xml
,AM 11:49,선우,지금 코랑 목이 아야해,C:\Users\yuyao\Desktop\fromm抓取\fromm_dump\02\window_0231.xml
,AM 11:50,선우,환절기가 나를 미치게 ㅎH,C:\Users\yuyao\Desktop\fromm抓取\fromm_dump\02\window_0231.xml
,,선우,학 씨 배우님 수상소감,C:\Users\yuyao\Desktop\fromm抓取\fromm_dump\02\window_0231.xml
,AM 11:50,선우,학 씨 배우님 수상소감,C:\Users\yuyao\Desktop\fromm抓取\fromm_dump\02\window_0232.xml
,AM 11:50,선우,봤는데 너무 멋있으시더라,C:\Users\yuyao\Desktop\fromm抓取\fromm_dump\02\window_0232.xml
,AM 11:51,선우,안 봤으면 바바 그냥 맘이 좋아져,C:\Users\yuyao\Desktop\fromm抓取\fromm_dump\02\window_0232.xml
,AM 11:51,선우,마지막 학 씨~! 하시는데 그렇게 멋질 수가 없음,C:\Users\yuyao\Desktop\fromm抓取\fromm_dump\02\window_0232.xml
,AM 11:52,선우,그래서,C:\Users\yuyao\Desktop\fromm抓取\fromm_dump\02\window_0232.xml
,AM 11:52,선우,그렇게 유명하고 멋진 사람들도 빛을 보는데까지 10년15년을 하시는데,C:\Users\yuyao\Desktop\fromm抓取\fromm_dump\02\window_0233.xml
,AM 11:52,선우,내가 뭐라고 빨리 빨리 잘되고 싶어하는지,C:\Users\yuyao\Desktop\fromm抓取\fromm_dump\02\window_0233.xml
,AM 11:52,선우,그냥 쭉 오랫동안 열심히 하면,C:\Users\yuyao\Desktop\fromm抓取\fromm_dump\02\window_0233.xml
,AM 11:53,선우,되는 거구나 하고,C:\Users\yuyao\Desktop\fromm抓取\fromm_dump\02\window_0233.xml
,AM 11:53,선우,느꼈지 뭐야,C:\Users\yuyao\Desktop\fromm抓取\fromm_dump\02\window_0234.xml
,AM 11:54,선우,물론 아이돌은 수명이 짧다고 하긴 하지만 무대서는 사람으로서는 어떤 방식으로던 오랫동안 무대위에서 더비들 보고싶다는 느낌,C:\Users\yuyao\Desktop\fromm抓取\fromm_dump\02\window_0234.xml
,AM 11:56,선우,그래서 내 속도로 꾸준히 가서 나중에 멋진 자리에서 이랬다 저랬다 꼭 얘기할 거임 ㅋ,C:\Users\yuyao\Desktop\fromm抓取\fromm_dump\02\window_0234.xml
,,선우,마지막에 더비 사랑합니다 꼭 얘기하구 ㅋ,C:\Users\yuyao\Desktop\fromm抓取\fromm_dump\02\window_0234.xml
,AM 11:57,선우,마지막에 더비 사랑합니다 꼭 얘기하구 ㅋ,C:\Users\yuyao\Desktop\fromm抓取\fromm_dump\02\window_0235.xml
,AM 11:57,선우,일단 그 전에,C:\Users\yuyao\Desktop\fromm抓取\fromm_dump\02\window_0235.xml
,AM 11:57,선우,밥 부터 먹고,C:\Users\yuyao\Desktop\fromm抓取\fromm_dump\02\window_0235.xml
,AM 10:59,선우,오늘 하루도 힘내 월요팅이야💕,C:\Users\yuyao\Desktop\fromm抓取\fromm_dump\02\window_0235.xml
,AM 10:59,선우,내가 더비들 응원하는 거 잊지마🫶💕,C:\Users\yuyao\Desktop\fromm抓取\fromm_dump\02\window_0236.xml
,AM 11:02,선우,오늘도 쫀하루🥰,C:\Users\yuyao\Desktop\fromm抓取\fromm_dump\02\window_0236.xml
,PM 6:08,선우,예뽀니들,C:\Users\yuyao\Desktop\fromm抓取\fromm_dump\02\window_0236.xml
,PM 6:08,선우,복복복 강쥐머리털 아돌라 전 수욜날 깎아여 ㅎㅎ 내가 생각해도 넘 길어섴,C:\Users\yuyao\Desktop\fromm抓取\fromm_dump\02\window_0236.xml
,PM 6:09,선우,반삭하고 올게💕💕,C:\Users\yuyao\Desktop\fromm抓取\fromm_dump\02\window_0237.xml
,PM 6:09,선우,넘 더워 걍 밀어버릴 거야,C:\Users\yuyao\Desktop\fromm抓取\fromm_dump\02\window_0237.xml
,PM 6:09,선우,기대해줘~!,C:\Users\yuyao\Desktop\fromm抓取\fromm_dump\02\window_0237.xml
,PM 6:09,선우,ㅋㅋㅋㅋㅋㅋㅋㅋㅋ뭘 그때까지 기다렼ㅋㅋ,C:\Users\yuyao\Desktop\fromm抓取\fromm_dump\02\window_0237.xml
,PM 6:10,선우,내가 예쁘자나 그럼 반삭해도 예뻐해줘야지!!!,C:\Users\yuyao\Desktop\fromm抓取\fromm_dump\02\window_0237.xml
,PM 6:10,선우,혿시 내가 아니라 내 머리카락을 좋아하는 거야...?🥺,C:\Users\yuyao\Desktop\fromm抓取\fromm_dump\02\window_0238.xml
,PM 6:10,선우,🥺,C:\Users\yuyao\Desktop\fromm抓取\fromm_dump\02\window_0238.xml
,PM 6:11,선우,ㅋㅋㅋㅋㅋㅋㅋ필살기 쓰기,C:\Users\yuyao\Desktop\fromm抓取\fromm_dump\02\window_0239.xml
,PM 6:11,선우,🥺,C:\Users\yuyao\Desktop\fromm抓取\fromm_dump\02\window_0240.xml
,PM 6:11,선우,🥺🥺,C:\Users\yuyao\Desktop\fromm抓取\fromm_dump\02\window_0240.xml
,PM 6:11,선우,장난이구 예뿌게 짜르고 오껭,C:\Users\yuyao\Desktop\fromm抓取\fromm_dump\02\window_0240.xml
,PM 6:11,선우,알라뿅,C:\Users\yuyao\Desktop\fromm抓取\fromm_dump\02\window_0240.xml
,PM 6:13,선우,ㅋㅋㅋㅋㅋㅋㅋ,C:\Users\yuyao\Desktop\fromm抓取\fromm_dump\02\window_0240.xml
,PM 6:13,선우,인스타 올릴 사진 미리 하나줄까,C:\Users\yuyao\Desktop\fromm抓取\fromm_dump\02\window_0241.xml
,PM 6:13,선우,너니까 주는 거야,C:\Users\yuyao\Desktop\fromm抓取\fromm_dump\02\window_0241.xml
,PM 6:14,선우,라이브는 낼 저녁 밤에 킨다,C:\Users\yuyao\Desktop\fromm抓取\fromm_dump\02\window_0241.xml
,PM 6:14,선우,스케쥴로 넣어놨다,C:\Users\yuyao\Desktop\fromm抓取\fromm_dump\02\window_0241.xml
,PM 6:17,선우,[media/no text],C:\Users\yuyao\Desktop\fromm抓取\fromm_dump\02\window_0242.xml
,PM 6:18,선우,[media/no text],C:\Users\yuyao\Desktop\fromm抓取\fromm_dump\02\window_0244.xml
,PM 6:18,선우,슈프림 빤스는 보여야 제맛,C:\Users\yuyao\Desktop\fromm抓取\fromm_dump\02\window_0244.xml
,PM 6:20,선우,라이브 주제,C:\Users\yuyao\Desktop\fromm抓取\fromm_dump\02\window_0244.xml
,PM 6:20,선우,여러개 생각해놔,C:\Users\yuyao\Desktop\fromm抓取\fromm_dump\02\window_0244.xml
,PM 6:21,선우,나도 생각하긴 할 건데,C:\Users\yuyao\Desktop\fromm抓取\fromm_dump\02\window_0245.xml
,PM 6:21,선우,좀 논쟁할 수 있는 재미난 것들로 ㅋㅋ,C:\Users\yuyao\Desktop\fromm抓取\fromm_dump\02\window_0245.xml
,PM 6:22,선우,프로필 바꿈,C:\Users\yuyao\Desktop\fromm抓取\fromm_dump\02\window_0245.xml
,PM 6:22,선우,ㄹㅈㄷ 똥개 사진으로,C:\Users\yuyao\Desktop\fromm抓取\fromm_dump\02\window_0245.xml
,PM 6:23,선우,[media/no text],C:\Users\yuyao\Desktop\fromm抓取\fromm_dump\02\window_0246.xml
,PM 6:24,선우,실제로 깬지 얼마 안 됨,C:\Users\yuyao\Desktop\fromm抓取\fromm_dump\02\window_0246.xml
,PM 6:34,선우,나 준비 좀,C:\Users\yuyao\Desktop\fromm抓取\fromm_dump\02\window_0246.xml
,PM 6:34,선우,skrr,C:\Users\yuyao\Desktop\fromm抓取\fromm_dump\02\window_0247.xml
,PM 10:18,선우,여러분,C:\Users\yuyao\Desktop\fromm抓取\fromm_dump\02\window_0247.xml
,PM 10:19,선우,비행기한테 억까를 당하였습니다,C:\Users\yuyao\Desktop\fromm抓取\fromm_dump\02\window_0247.xml
,,선우,비행기가 3시간 4시간 연착이 되어,C:\Users\yuyao\Desktop\fromm抓取\fromm_dump\02\window_0247.xml
,PM 10:19,선우,비행기가 3시간 4시간 연착이 되어,C:\Users\yuyao\Desktop\fromm抓取\fromm_dump\02\window_0248.xml
,PM 10:19,선우,상하이 호텔을 가면 한국은 새벽 4시가 넘어가게 되어 오늘 라이브는,C:\Users\yuyao\Desktop\fromm抓取\fromm_dump\02\window_0248.xml
,PM 10:19,선우,다음으로 미루겠읍니다,C:\Users\yuyao\Desktop\fromm抓取\fromm_dump\02\window_0248.xml
,PM 10:20,선우,처ㅣ대한,C:\Users\yuyao\Desktop\fromm抓取\fromm_dump\02\window_0248.xml
,PM 10:20,선우,빨리,C:\Users\yuyao\Desktop\fromm抓取\fromm_dump\02\window_0248.xml
,PM 10:20,선우,좋은 컨디션으로,C:\Users\yuyao\Desktop\fromm抓取\fromm_dump\02\window_0249.xml
,PM 10:20,선우,여러분과 저를 만족시킬 수 있는,C:\Users\yuyao\Desktop\fromm抓取\fromm_dump\02\window_0249.xml
,PM 10:20,선우,장시간 라이브를,C:\Users\yuyao\Desktop\fromm抓取\fromm_dump\02\window_0249.xml
,PM 10:20,선우,준비하도록,C:\Users\yuyao\Desktop\fromm抓取\fromm_dump\02\window_0249.xml
,PM 10:20,선우,하겠슴당,C:\Users\yuyao\Desktop\fromm抓取\fromm_dump\02\window_0249.xml
,PM 10:20,선우,^.^,C:\Users\yuyao\Desktop\fromm抓取\fromm_dump\02\window_0250.xml
,PM 10:20,선우,ㅋㅋㅋㅋㅋㅋㅋㅋ,C:\Users\yuyao\Desktop\fromm抓取\fromm_dump\02\window_0250.xml
,PM 10:20,선우,에라이~,C:\Users\yuyao\Desktop\fromm抓取\fromm_dump\02\window_0250.xml
,PM 10:21,선우,[media/no text],C:\Users\yuyao\Desktop\fromm抓取\fromm_dump\02\window_0251.xml
,PM 10:21,선우,똥개사진 하나,C:\Users\yuyao\Desktop\fromm抓取\fromm_dump\02\window_0251.xml
,PM 10:21,선우,더 투척하며,C:\Users\yuyao\Desktop\fromm抓取\fromm_dump\02\window_0251.xml
,PM 10:21,선우,저는 다음시간에 또 찾아오도록 하겠습니다,C:\Users\yuyao\Desktop\fromm抓取\fromm_dump\02\window_0252.xml
,PM 10:21,선우,사랑합니다,C:\Users\yuyao\Desktop\fromm抓取\fromm_dump\02\window_0252.xml
,PM 5:37,선우,비상,C:\Users\yuyao\Desktop\fromm抓取\fromm_dump\02\window_0252.xml
,PM 5:38,선우,커트하려고 왔는데 담당 쌤 출장가심,C:\Users\yuyao\Desktop\fromm抓取\fromm_dump\02\window_0252.xml
,PM 5:38,선우,ㅋㅋㅋㅋㅋㅋㅋㅋㅋㅋㅋㅋ,C:\Users\yuyao\Desktop\fromm抓取\fromm_dump\02\window_0253.xml
,PM 5:38,선우,ㅋㅋㅋㅋㅋㅋㅋㅋㅋㅋㅋㅋㅋㅋ 좀만 더 참아줘~! 나도 커트하고 싶음,C:\Users\yuyao\Desktop\fromm抓取\fromm_dump\02\window_0253.xml
,PM 5:38,선우,이왕 이렇게 된 거,C:\Users\yuyao\Desktop\fromm抓取\fromm_dump\02\window_0253.xml
,PM 5:38,선우,즐겨 ~,C:\Users\yuyao\Desktop\fromm抓取\fromm_dump\02\window_0253.xml
,,선우,아니먐 아돌라에서 원빈 해버릴게,C:\Users\yuyao\Desktop\fromm抓取\fromm_dump\02\window_0253.xml
,PM 5:39,선우,아니먐 아돌라에서 원빈 해버릴게,C:\Users\yuyao\Desktop\fromm抓取\fromm_dump\02\window_0254.xml
,PM 5:40,선우,라방에서 상연 해버리던가..,C:\Users\yuyao\Desktop\fromm抓取\fromm_dump\02\window_0254.xml
,PM 5:40,선우,상연이 형하고 연랃했는데 최근에,C:\Users\yuyao\Desktop\fromm抓取\fromm_dump\02\window_0254.xml
,PM 5:41,선우,여기는 선우가 꼭 와야하는 곳이래,C:\Users\yuyao\Desktop\fromm抓取\fromm_dump\02\window_0254.xml
,PM 5:41,선우,그래서 바로 납득당했지 뭐야,C:\Users\yuyao\Desktop\fromm抓取\fromm_dump\02\window_0254.xml
,PM 5:42,선우,근데 3- 4년 남았어 아직 먼 얘기야,C:\Users\yuyao\Desktop\fromm抓取\fromm_dump\02\window_0255.xml
,PM 5:42,선우,그때까지 먼저 좋아해주기 부터,C:\Users\yuyao\Desktop\fromm抓取\fromm_dump\02\window_0255.xml
,PM 5:42,선우,계획하면 돼,C:\Users\yuyao\Desktop\fromm抓取\fromm_dump\02\window_0255.xml
,PM 5:43,선우,가능해?,C:\Users\yuyao\Desktop\fromm抓取\fromm_dump\02\window_0255.xml
,PM 5:43,선우,근데 이렇게 먼 시간을 바로 가능하다고 해주는 것도,C:\Users\yuyao\Desktop\fromm抓取\fromm_dump\02\window_0256.xml
,PM 5:43,선우,감동인데?,C:\Users\yuyao\Desktop\fromm抓取\fromm_dump\02\window_0256.xml
,PM 5:44,선우,멋지다,C:\Users\yuyao\Desktop\fromm抓取\fromm_dump\02\window_0256.xml
,PM 5:44,선우,끼잉...,C:\Users\yuyao\Desktop\fromm抓取\fromm_dump\02\window_0256.xml
,PM 5:44,선우,똥개스킬,C:\Users\yuyao\Desktop\fromm抓取\fromm_dump\02\window_0256.xml
,PM 5:44,선우,"끼잉..,,",C:\Users\yuyao\Desktop\fromm抓取\fromm_dump\02\window_0257.xml
,PM 5:46,선우,[media/no text],C:\Users\yuyao\Desktop\fromm抓取\fromm_dump\02\window_0257.xml
,PM 5:46,선우,먕,C:\Users\yuyao\Desktop\fromm抓取\fromm_dump\02\window_0257.xml
,PM 5:46,선우,귀얍지,C:\Users\yuyao\Desktop\fromm抓取\fromm_dump\02\window_0258.xml
,PM 5:46,선우,나도 주워온 애임,C:\Users\yuyao\Desktop\fromm抓取\fromm_dump\02\window_0258.xml
,PM 5:47,선우,누구네 천사인지 모름,C:\Users\yuyao\Desktop\fromm抓取\fromm_dump\02\window_0258.xml
,PM 5:47,선우,넘 기엽다,C:\Users\yuyao\Desktop\fromm抓取\fromm_dump\02\window_0258.xml
,PM 5:47,선우,ㅠ,C:\Users\yuyao\Desktop\fromm抓取\fromm_dump\02\window_0258.xml
,PM 5:49,선우,오랜만에 라디오 하는 구만,C:\Users\yuyao\Desktop\fromm抓取\fromm_dump\02\window_0259.xml
,AM 1:40,선우,손흥민 선수 우승 제발,C:\Users\yuyao\Desktop\fromm抓取\fromm_dump\02\window_0259.xml
,AM 1:40,선우,잘 자,C:\Users\yuyao\Desktop\fromm抓取\fromm_dump\02\window_0259.xml
,AM 1:40,선우,난 4시 축구보고 자련다,C:\Users\yuyao\Desktop\fromm抓取\fromm_dump\02\window_0259.xml
,AM 1:40,선우,손흥민 우승컵 제발,C:\Users\yuyao\Desktop\fromm抓取\fromm_dump\02\window_0260.xml
,AM 1:40,선우,토트넘 화이팅,C:\Users\yuyao\Desktop\fromm抓取\fromm_dump\02\window_0260.xml
,AM 1:42,선우,오늘 넘 고생했구 얼른 먼저 자💕💕,C:\Users\yuyao\Desktop\fromm抓取\fromm_dump\02\window_0260.xml
,AM 1:43,선우,굿나잇🫶🫶,C:\Users\yuyao\Desktop\fromm抓取\fromm_dump\02\window_0260.xml
,PM 11:20,선우,4605362,C:\Users\yuyao\Desktop\fromm抓取\fromm_dump\02\window_0261.xml
,PM 11:27,선우,[media/no text],C:\Users\yuyao\Desktop\fromm抓取\fromm_dump\02\window_0261.xml
,PM 11:27,선우,2등으로 져버렸습니다,C:\Users\yuyao\Desktop\fromm抓取\fromm_dump\02\window_0261.xml
,PM 11:27,선우,한판 더 가겠습니다,C:\Users\yuyao\Desktop\fromm抓取\fromm_dump\02\window_0261.xml
,PM 11:28,선우,2198891,C:\Users\yuyao\Desktop\fromm抓取\fromm_dump\02\window_0262.xml
,PM 11:36,선우,[media/no text],C:\Users\yuyao\Desktop\fromm抓取\fromm_dump\02\window_0262.xml
,PM 11:36,선우,잘가라 애기들이여,C:\Users\yuyao\Desktop\fromm抓取\fromm_dump\02\window_0262.xml
,PM 11:37,선우,더비들 근데 개귀엽네,C:\Users\yuyao\Desktop\fromm抓取\fromm_dump\02\window_0262.xml
,PM 11:37,선우,자주해야겠다 ㅋㅋㅋㅋㅋ,C:\Users\yuyao\Desktop\fromm抓取\fromm_dump\02\window_0263.xml
,PM 11:37,선우,일단 지금응 끝!!!🫶 담에 또 자주하께 ㅎㅎ 고수들 들어와 ~,C:\Users\yuyao\Desktop\fromm抓取\fromm_dump\02\window_0263.xml
,PM 6:01,선우,우쥬레코드 나왂어,C:\Users\yuyao\Desktop\fromm抓取\fromm_dump\02\window_0263.xml
,PM 6:01,선우,봤어?,C:\Users\yuyao\Desktop\fromm抓取\fromm_dump\02\window_0263.xml
,PM 6:01,선우,빨리 맛보고 즐기고 감상평 길게길게 남겨줘 <!~! ㅎㅎ,C:\Users\yuyao\Desktop\fromm抓取\fromm_dump\02\window_0264.xml
,PM 6:01,선우,노래부르고 랩하는 게 쩰 조아,C:\Users\yuyao\Desktop\fromm抓取\fromm_dump\02\window_0264.xml
,PM 6:01,선우,쩰 행복해,C:\Users\yuyao\Desktop\fromm抓取\fromm_dump\02\window_0264.xml
,PM 6:01,선우,히히히ㅣ,C:\Users\yuyao\Desktop\fromm抓取\fromm_dump\02\window_0264.xml
,PM 6:51,선우,나는 포인트가 최애야,C:\Users\yuyao\Desktop\fromm抓取\fromm_dump\02\window_0265.xml
,PM 6:52,선우,내 파트에 내가 의도한대로 보컬프라이가 잘 들어가서 조아,C:\Users\yuyao\Desktop\fromm抓取\fromm_dump\02\window_0265.xml
,PM 6:52,선우,에브리 데이 앤 나잇 할때 나잇에 보컬 프라이 주게 연습했는데 잘돼서 조아써,C:\Users\yuyao\Desktop\fromm抓取\fromm_dump\02\window_0265.xml
,PM 6:53,선우,가래끓는 소리가 보컬프라이얌,C:\Users\yuyao\Desktop\fromm抓取\fromm_dump\02\window_0265.xml
,PM 6:53,선우,히히 빨리 커버도 해야지 꺄아 신나🙌🫨🤭🫨,C:\Users\yuyao\Desktop\fromm抓取\fromm_dump\02\window_0266.xml
,PM 7:32,선우,더비 모해,C:\Users\yuyao\Desktop\fromm抓取\fromm_dump\02\window_0266.xml
,PM 7:34,선우,최근에 풋살 했는데,C:\Users\yuyao\Desktop\fromm抓取\fromm_dump\02\window_0266.xml
,PM 7:34,선우,아직까지 못 걷는 중,C:\Users\yuyao\Desktop\fromm抓取\fromm_dump\02\window_0266.xml
,PM 7:34,선우,근육통 말도 안됨,C:\Users\yuyao\Desktop\fromm抓取\fromm_dump\02\window_0267.xml
,PM 7:35,선우,중심 좀만 앞으로 하면 다리가 덜덜덜 떨림 ㅋㅋ,C:\Users\yuyao\Desktop\fromm抓取\fromm_dump\02\window_0267.xml
,PM 7:35,선우,마~이 주긋따 선우 ~,C:\Users\yuyao\Desktop\fromm抓取\fromm_dump\02\window_0267.xml
,PM 7:36,선우,뭉찬 나가고 싶다,C:\Users\yuyao\Desktop\fromm抓取\fromm_dump\02\window_0267.xml
,PM 7:37,선우,내일 스우파 나온다 리더들 싸움 빨리 보고싶네 ㅋ,C:\Users\yuyao\Desktop\fromm抓取\fromm_dump\02\window_0267.xml
,PM 7:39,선우,나 요즘 빠진 노래,C:\Users\yuyao\Desktop\fromm抓取\fromm_dump\02\window_0268.xml
,PM 7:39,선우,추천 드림,C:\Users\yuyao\Desktop\fromm抓取\fromm_dump\02\window_0268.xml
,PM 7:39,선우,들어봐,C:\Users\yuyao\Desktop\fromm抓取\fromm_dump\02\window_0268.xml
,PM 7:39,선우,홍다빈 -shower song,C:\Users\yuyao\Desktop\fromm抓取\fromm_dump\02\window_0268.xml
,,선우,들어봐 나도 지굼 들어야게따,C:\Users\yuyao\Desktop\fromm抓取\fromm_dump\02\window_0268.xml
,PM 7:39,선우,들어봐 나도 지굼 들어야게따,C:\Users\yuyao\Desktop\fromm抓取\fromm_dump\02\window_0269.xml
,PM 7:39,선우,같이 듣자,C:\Users\yuyao\Desktop\fromm抓取\fromm_dump\02\window_0269.xml
,PM 7:43,선우,좋지,C:\Users\yuyao\Desktop\fromm抓取\fromm_dump\02\window_0269.xml
,PM 7:44,선우,자기 삶을 샤워에 빗대어서 표현한게 넘 멋있뜸,C:\Users\yuyao\Desktop\fromm抓取\fromm_dump\02\window_0269.xml
,PM 7:45,선우,드라이브 하먄서 들어바 차있는 더비,C:\Users\yuyao\Desktop\fromm抓取\fromm_dump\02\window_0269.xml
,PM 7:45,선우,오빠,C:\Users\yuyao\Desktop\fromm抓取\fromm_dump\02\window_0270.xml
,PM 7:45,선우,차 읶어?,C:\Users\yuyao\Desktop\fromm抓取\fromm_dump\02\window_0270.xml
,PM 7:45,선우,ㅈㅅ,C:\Users\yuyao\Desktop\fromm抓取\fromm_dump\02\window_0270.xml
,PM 7:46,선우,나 차 많지,C:\Users\yuyao\Desktop\fromm抓取\fromm_dump\02\window_0271.xml
,PM 7:46,선우,3대 중에 골라타고 다녀,C:\Users\yuyao\Desktop\fromm抓取\fromm_dump\02\window_0271.xml
,PM 7:47,선우,택시랑 버스랑 카니발,C:\Users\yuyao\Desktop\fromm抓取\fromm_dump\02\window_0271.xml
,PM 7:47,선우,뭐 탈래 너,C:\Users\yuyao\Desktop\fromm抓取\fromm_dump\02\window_0271.xml
,PM 7:47,선우,"그래,, 리듬이나 타자..",C:\Users\yuyao\Desktop\fromm抓取\fromm_dump\02\window_0271.xml
,PM 7:47,선우,skrr,C:\Users\yuyao\Desktop\fromm抓取\fromm_dump\02\window_0272.xml
,PM 7:48,선우,누가 삼천원 던지는 선우 생각나네 라는데,C:\Users\yuyao\Desktop\fromm抓取\fromm_dump\02\window_0272.xml
,PM 7:48,선우,천원이다,C:\Users\yuyao\Desktop\fromm抓取\fromm_dump\02\window_0272.xml
,PM 7:48,선우,한장 뿌렸다,C:\Users\yuyao\Desktop\fromm抓取\fromm_dump\02\window_0272.xml
,,선우,생각해보니 그거 누가 가져갔냐,C:\Users\yuyao\Desktop\fromm抓取\fromm_dump\02\window_0272.xml
,PM 7:48,선우,생각해보니 그거 누가 가져갔냐,C:\Users\yuyao\Desktop\fromm抓取\fromm_dump\02\window_0273.xml
,PM 7:48,선우,맞다 내가 누구 줬었다,C:\Users\yuyao\Desktop\fromm抓取\fromm_dump\02\window_0273.xml
,PM 7:49,선우,몰라 앞에 어떤 소녀가 손 뻗길래 천원 줌,C:\Users\yuyao\Desktop\fromm抓取\fromm_dump\02\window_0273.xml
,PM 7:49,선우,"그 천원은 지금 돌고 돌아서 누군가의 지갑에 있겠지,,",C:\Users\yuyao\Desktop\fromm抓取\fromm_dump\02\window_0273.xml
,PM 7:49,선우,넌 듯 ㄹㅇ ㅋㅋ,C:\Users\yuyao\Desktop\fromm抓取\fromm_dump\02\window_0273.xml
,PM 7:49,선우,운 먕,C:\Users\yuyao\Desktop\fromm抓取\fromm_dump\02\window_0274.xml
,PM 7:50,선우,진격거 보고 있는데 초대형 거인이 나 닮았다고?,C:\Users\yuyao\Desktop\fromm抓取\fromm_dump\02\window_0274.xml
,PM 7:50,선우,응 너 차력 거인,C:\Users\yuyao\Desktop\fromm抓取\fromm_dump\02\window_0274.xml
,PM 7:50,선우,미안 너 말고 너,C:\Users\yuyao\Desktop\fromm抓取\fromm_dump\02\window_0274.xml
,PM 7:50,선우,ㄱㄷ,C:\Users\yuyao\Desktop\fromm抓取\fromm_dump\02\window_0274.xml
,PM 7:51,선우,ʕ•ﻌ•ʔฅ1751924,C:\Users\yuyao\Desktop\fromm抓取\fromm_dump\02\window_0275.xml
,PM 7:57,선우,농락하네 막,C:\Users\yuyao\Desktop\fromm抓取\fromm_dump\02\window_0275.xml
,PM 7:57,선우,졌다,C:\Users\yuyao\Desktop\fromm抓取\fromm_dump\02\window_0275.xml
,PM 7:57,선우,오만원판 한판한다  돈 많은 사람만 들어와,C:\Users\yuyao\Desktop\fromm抓取\fromm_dump\02\window_0275.xml
,PM 7:57,선우,7464553,C:\Users\yuyao\Desktop\fromm抓取\fromm_dump\02\window_0276.xml
,PM 8:03,선우,하,C:\Users\yuyao\Desktop\fromm抓取\fromm_dump\02\window_0276.xml
,PM 8:03,선우,이따 백원 짜리로 하고 지금은 안 한다 이제,C:\Users\yuyao\Desktop\fromm抓取\fromm_dump\02\window_0276.xml
,PM 8:03,선우,패배의 쓴 맛,C:\Users\yuyao\Desktop\fromm抓取\fromm_dump\02\window_0276.xml
,PM 8:03,선우,이따 할래,C:\Users\yuyao\Desktop\fromm抓取\fromm_dump\02\window_0276.xml
,PM 8:04,선우,제이콥 형도 시작했던데,C:\Users\yuyao\Desktop\fromm抓取\fromm_dump\02\window_0277.xml
,PM 8:04,선우,루린이임,C:\Users\yuyao\Desktop\fromm抓取\fromm_dump\02\window_0277.xml
,PM 8:04,선우,아예 못하던데,C:\Users\yuyao\Desktop\fromm抓取\fromm_dump\02\window_0277.xml
,PM 8:11,선우,요즘 왤케 덥니,C:\Users\yuyao\Desktop\fromm抓取\fromm_dump\02\window_0277.xml
,PM 8:11,선우,요즘 나 또 빠진 거,C:\Users\yuyao\Desktop\fromm抓取\fromm_dump\02\window_0277.xml
,PM 8:11,선우,추천해드림,C:\Users\yuyao\Desktop\fromm抓取\fromm_dump\02\window_0278.xml
,PM 8:12,선우,돌비의 공포라디오,C:\Users\yuyao\Desktop\fromm抓取\fromm_dump\02\window_0278.xml
,PM 8:12,선우,"이거 무서은 얘기인데 귀신 말고도 실화 무서운 얘기들
있는데 함 봐바 막 깜놀 이런 거 없고 음성으로 들려주는 건데 몰입감 대박이고 재밌음",C:\Users\yuyao\Desktop\fromm抓取\fromm_dump\02\window_0278.xml
,PM 8:12,선우,나 깜놀만 없으면 무서운 거 좋아함,C:\Users\yuyao\Desktop\fromm抓取\fromm_dump\02\window_0278.xml
,PM 8:13,선우,봐바 진짜 재밌다니까,C:\Users\yuyao\Desktop\fromm抓取\fromm_dump\02\window_0279.xml
,PM 8:13,선우,친구들이랑 봐봐 쫄보니까 너는 ㅎㅎ,C:\Users\yuyao\Desktop\fromm抓取\fromm_dump\02\window_0279.xml
,PM 8:13,선우,맞잖아,C:\Users\yuyao\Desktop\fromm抓取\fromm_dump\02\window_0279.xml
,PM 8:14,선우,난 아직 세편 봄,C:\Users\yuyao\Desktop\fromm抓取\fromm_dump\02\window_0279.xml
,,선우,한편에 평균 40분,C:\Users\yuyao\Desktop\fromm抓取\fromm_dump\02\window_0279.xml
,PM 8:14,선우,한편에 평균 40분,C:\Users\yuyao\Desktop\fromm抓取\fromm_dump\02\window_0280.xml
,PM 8:14,선우,정도인 듯,C:\Users\yuyao\Desktop\fromm抓取\fromm_dump\02\window_0280.xml
,PM 8:15,선우,내가 본 거 하나 추천해드림 이건 사람 얘기,C:\Users\yuyao\Desktop\fromm抓取\fromm_dump\02\window_0280.xml
,PM 8:17,선우,일단 지인이 5년간 사라졌던 이유 편 진짜 무섭고 실화 같아서 듣기 불편할 수도 있는데 일단 이 편 하고,C:\Users\yuyao\Desktop\fromm抓取\fromm_dump\02\window_0280.xml
,,선우,그리고 관광지 가이드 알바 편,C:\Users\yuyao\Desktop\fromm抓取\fromm_dump\02\window_0280.xml
,PM 8:18,선우,그리고 관광지 가이드 알바 편,C:\Users\yuyao\Desktop\fromm抓取\fromm_dump\02\window_0281.xml
,PM 8:18,선우,이미 많이 봤단 더비도 있네 추천해준 편들 다 볼게,C:\Users\yuyao\Desktop\fromm抓取\fromm_dump\02\window_0281.xml
,PM 8:18,선우,일단 난 세편 중에 저 두편도 잼썼고 나중에 또 봐야게따,C:\Users\yuyao\Desktop\fromm抓取\fromm_dump\02\window_0281.xml
,PM 8:19,선우,진짜 재밌음 집중되고 꼭 봐 ㅋ,C:\Users\yuyao\Desktop\fromm抓取\fromm_dump\02\window_0281.xml
,PM 8:19,선우,나중에 라이브로,C:\Users\yuyao\Desktop\fromm抓取\fromm_dump\02\window_0281.xml
,PM 8:19,선우,더비랑 같이 보기 ㄱ?,C:\Users\yuyao\Desktop\fromm抓取\fromm_dump\02\window_0282.xml
,PM 8:19,선우,재밌겠다,C:\Users\yuyao\Desktop\fromm抓取\fromm_dump\02\window_0282.xml
,PM 8:19,선우,라디오니까 더비도 들릴 거 아냐,C:\Users\yuyao\Desktop\fromm抓取\fromm_dump\02\window_0282.xml
,PM 8:20,선우,나랑 같이 ㄱ ㄱ,C:\Users\yuyao\Desktop\fromm抓取\fromm_dump\02\window_0282.xml
,PM 8:20,선우,나만 믿어 내가,C:\Users\yuyao\Desktop\fromm抓取\fromm_dump\02\window_0283.xml
,PM 8:20,선우,지켜줄게,C:\Users\yuyao\Desktop\fromm抓取\fromm_dump\02\window_0283.xml
,PM 8:20,선우,ㅋㅋ,C:\Users\yuyao\Desktop\fromm抓取\fromm_dump\02\window_0283.xml
,PM 8:20,선우,내가 봐도 내가 하나도 안 듬직해보임,C:\Users\yuyao\Desktop\fromm抓取\fromm_dump\02\window_0283.xml
,PM 8:20,선우,이미지 큰일났네 ~,C:\Users\yuyao\Desktop\fromm抓取\fromm_dump\02\window_0283.xml
,PM 10:36,선우,소설들 먹금하고 루미큐브나 들어와~,C:\Users\yuyao\Desktop\fromm抓取\fromm_dump\02\window_0284.xml
,PM 10:36,선우,6987489,C:\Users\yuyao\Desktop\fromm抓取\fromm_dump\02\window_0284.xml
,PM 10:37,선우,0584124,C:\Users\yuyao\Desktop\fromm抓取\fromm_dump\02\window_0284.xml
,PM 10:37,선우,ㅈㅅ,C:\Users\yuyao\Desktop\fromm抓取\fromm_dump\02\window_0284.xml
,PM 10:46,선우,2883240,C:\Users\yuyao\Desktop\fromm抓取\fromm_dump\02\window_0285.xml
,PM 11:28,선우,더비들 나 자세한 더비들 상황도 모르는 상태로 눈치없이 넘 가볍게 말하고 게임했다... 무슨 이유로든 더비 더 속상할 것 같은데 더비들 미안.. 진심 미안해요..🙏🤦‍♂️🤦‍♂️,C:\Users\yuyao\Desktop\fromm抓取\fromm_dump\02\window_0285.xml
,PM 11:29,선우,😭😭,C:\Users\yuyao\Desktop\fromm抓取\fromm_dump\02\window_0285.xml
,PM 8:04,선우,더비 마니 사랑해 잊지마!!!!!,C:\Users\yuyao\Desktop\fromm抓取\fromm_dump\02\window_0286.xml
,PM 8:04,선우,밥 챙겨머거요,C:\Users\yuyao\Desktop\fromm抓取\fromm_dump\02\window_0286.xml
,PM 8:04,선우,비 맞지말구,C:\Users\yuyao\Desktop\fromm抓取\fromm_dump\02\window_0286.xml
,PM 8:04,선우,"그리고 코로나 또 유행이래 조심 또 조심,,",C:\Users\yuyao\Desktop\fromm抓取\fromm_dump\02\window_0286.xml
,PM 11:01,선우,더비 잘자 푹자 빠이😬🫶,C:\Users\yuyao\Desktop\fromm抓取\fromm_dump\02\window_0286.xml
,PM 11:05,선우,사랑해!! 여러번 아무리 생각해봐도 사랑해!!!!! 잘자!! 나도 잔다 뿅,C:\Users\yuyao\Desktop\fromm抓取\fromm_dump\02\window_0287.xml
,PM 11:05,선우,💕,C:\Users\yuyao\Desktop\fromm抓取\fromm_dump\02\window_0287.xml
,PM 5:37,선우,더비 뭐하묘,C:\Users\yuyao\Desktop\fromm抓取\fromm_dump\02\window_0287.xml
,,선우,비 왤케 마니와,C:\Users\yuyao\Desktop\fromm抓取\fromm_dump\02\window_0287.xml
,PM 5:37,선우,비 왤케 마니와,C:\Users\yuyao\Desktop\fromm抓取\fromm_dump\02\window_0288.xml
,PM 5:37,선우,한국도 비와?,C:\Users\yuyao\Desktop\fromm抓取\fromm_dump\02\window_0288.xml
,PM 5:37,선우,내일은 한국 비 옴?,C:\Users\yuyao\Desktop\fromm抓取\fromm_dump\02\window_0288.xml
,PM 5:38,선우,더비들 기상청도 아닌데 물어봐서 미안 ㅋ,C:\Users\yuyao\Desktop\fromm抓取\fromm_dump\02\window_0288.xml
,PM 5:39,선우,뭔가 나 단체로 자컨 같은 거 아이디어 생각했는데 어떤지 들어보센,C:\Users\yuyao\Desktop\fromm抓取\fromm_dump\02\window_0288.xml
,PM 5:39,선우,우리 모였을 때 걍 토론 같은 거 할 때가 난 어이엊ㅅ고 재밌단 말야,C:\Users\yuyao\Desktop\fromm抓取\fromm_dump\02\window_0289.xml
,PM 5:40,선우,그래서 요즘 유튜브 십이층,C:\Users\yuyao\Desktop\fromm抓取\fromm_dump\02\window_0289.xml
,PM 5:40,선우,엄청 핫하자나,C:\Users\yuyao\Desktop\fromm抓取\fromm_dump\02\window_0289.xml
,PM 5:40,선우,그런 것 처럼,C:\Users\yuyao\Desktop\fromm抓取\fromm_dump\02\window_0289.xml
,PM 5:40,선우,예전에 바퀴입 처럼,C:\Users\yuyao\Desktop\fromm抓取\fromm_dump\02\window_0290.xml
,PM 5:40,선우,칠판에 어이없는 거나 좀 요즘 핫했던  예전에 고전적으로 핫했던 밸런스 게임 주제 적어놓고,C:\Users\yuyao\Desktop\fromm抓取\fromm_dump\02\window_0290.xml
,PM 5:40,선우,걍 서로의 생각 들으면서 막 화내고 난리내면서,C:\Users\yuyao\Desktop\fromm抓取\fromm_dump\02\window_0290.xml
,PM 5:40,선우,서로 싸우는 거임,C:\Users\yuyao\Desktop\fromm抓取\fromm_dump\02\window_0290.xml
,,선우,뭔가 막 짜여진 것보다,C:\Users\yuyao\Desktop\fromm抓取\fromm_dump\02\window_0290.xml
,PM 5:41,선우,뭔가 막 짜여진 것보다,C:\Users\yuyao\Desktop\fromm抓取\fromm_dump\02\window_0291.xml
,PM 5:41,선우,이런 하찮은 것들이나 좀 덜어낸 것들에사 재밌는 시너지가 나오는 듯,C:\Users\yuyao\Desktop\fromm抓取\fromm_dump\02\window_0291.xml
,PM 5:42,선우,열한명이니까 십일층 으로 해서 ㅋ,C:\Users\yuyao\Desktop\fromm抓取\fromm_dump\02\window_0291.xml
,PM 5:42,선우,이런 건 사실 주기적으로 회사에서 넘 가볍게,C:\Users\yuyao\Desktop\fromm抓取\fromm_dump\02\window_0291.xml
,,선우,정기적으로도 뭔가 할 수 있기도 하고,C:\Users\yuyao\Desktop\fromm抓取\fromm_dump\02\window_0291.xml
,PM 5:42,선우,정기적으로도 뭔가 할 수 있기도 하고,C:\Users\yuyao\Desktop\fromm抓取\fromm_dump\02\window_0292.xml
,PM 5:42,선우,뭐 이런 것만 한다는 건 아니지만,C:\Users\yuyao\Desktop\fromm抓取\fromm_dump\02\window_0292.xml
,PM 5:42,선우,그래도,C:\Users\yuyao\Desktop\fromm抓取\fromm_dump\02\window_0292.xml
,PM 5:42,선우,간편해야 정기적으로 부담없이 오래 가능하니까 일단 이런 것도 생각해봤음,C:\Users\yuyao\Desktop\fromm抓取\fromm_dump\02\window_0292.xml
,,선우,그전에 난 라이브로 더비들이랑 따로,C:\Users\yuyao\Desktop\fromm抓取\fromm_dump\02\window_0292.xml
,PM 5:43,선우,그전에 난 라이브로 더비들이랑 따로,C:\Users\yuyao\Desktop\fromm抓取\fromm_dump\02\window_0293.xml
,PM 5:43,선우,예행연습 ㄱ ㄱ,C:\Users\yuyao\Desktop\fromm抓取\fromm_dump\02\window_0293.xml
,PM 5:43,선우,오늘 저녁,C:\Users\yuyao\Desktop\fromm抓取\fromm_dump\02\window_0293.xml
,PM 5:43,선우,돌비 같이,C:\Users\yuyao\Desktop\fromm抓取\fromm_dump\02\window_0293.xml
,PM 5:43,선우,들으실? ㅋㅋ,C:\Users\yuyao\Desktop\fromm抓取\fromm_dump\02\window_0293.xml
,,선우,아 근데,C:\Users\yuyao\Desktop\fromm抓取\fromm_dump\02\window_0293.xml
,PM 5:43,선우,아 근데,C:\Users\yuyao\Desktop\fromm抓取\fromm_dump\02\window_0294.xml
,PM 5:43,선우,그건 내가 좀,C:\Users\yuyao\Desktop\fromm抓取\fromm_dump\02\window_0294.xml
,PM 5:43,선우,아니다,C:\Users\yuyao\Desktop\fromm抓取\fromm_dump\02\window_0294.xml
,PM 5:43,선우,안 무섭긴 해~,C:\Users\yuyao\Desktop\fromm抓取\fromm_dump\02\window_0294.xml
,PM 5:44,선우,근데 ㄹㅇ 더비도 같이,C:\Users\yuyao\Desktop\fromm抓取\fromm_dump\02\window_0294.xml
,PM 5:44,선우,들어줘야함,C:\Users\yuyao\Desktop\fromm抓取\fromm_dump\02\window_0295.xml
,PM 5:44,선우,무섭다고 빼고 소리끄면,C:\Users\yuyao\Desktop\fromm抓取\fromm_dump\02\window_0295.xml
,PM 5:44,선우,안되고,C:\Users\yuyao\Desktop\fromm抓取\fromm_dump\02\window_0295.xml
,PM 5:44,선우,그리규 한 화가 길어서 라디오 들어야하니까 난 중간 중간 리액션이랑 잠깐 끊고 스토리에 대해 얘기하고 요정도?,C:\Users\yuyao\Desktop\fromm抓取\fromm_dump\02\window_0295.xml
,,선우,함 해?,C:\Users\yuyao\Desktop\fromm抓取\fromm_dump\02\window_0295.xml
,PM 5:44,선우,함 해?,C:\Users\yuyao\Desktop\fromm抓取\fromm_dump\02\window_0296.xml
,PM 5:45,선우,일단 얘기해보구 정리되면 알려즈께!,C:\Users\yuyao\Desktop\fromm抓取\fromm_dump\02\window_0296.xml
,PM 5:45,선우,시간이랑 이런 거 나도 언제 도착하고 이런 걸 잘 몰라성!!,C:\Users\yuyao\Desktop\fromm抓取\fromm_dump\02\window_0296.xml
,PM 5:46,선우,오늘 되면 오늘 하는 게 가장 좋지 생각날 때 해야함,C:\Users\yuyao\Desktop\fromm抓取\fromm_dump\02\window_0296.xml
,PM 5:46,선우,밥 잘챙겨먹구 하루 잘 마무리 하구 이떠 더비는,C:\Users\yuyao\Desktop\fromm抓取\fromm_dump\02\window_0296.xml
,PM 5:47,선우,근데 켜도 늦게 켜야하긴 할 거야 도쿄로 저녁에 또 넘어가고 해야해서 오늘 ㅠㅠ,C:\Users\yuyao\Desktop\fromm抓取\fromm_dump\02\window_0297.xml
,PM 5:52,선우,정해지고 알게 되자마자 바로 말해즈께😬,C:\Users\yuyao\Desktop\fromm抓取\fromm_dump\02\window_0297.xml
,PM 5:53,선우,주말인데 좀 쉬는 중이야?,C:\Users\yuyao\Desktop\fromm抓取\fromm_dump\02\window_0297.xml
,,선우,공부하는 더비도 있고 쉬는 더비도 있구 일정있는 더비도 있넴,C:\Users\yuyao\Desktop\fromm抓取\fromm_dump\02\window_0297.xml
,PM 5:54,선우,공부하는 더비도 있고 쉬는 더비도 있구 일정있는 더비도 있넴,C:\Users\yuyao\Desktop\fromm抓取\fromm_dump\02\window_0298.xml
,PM 5:54,선우,오늘도 쫀하루 보내,C:\Users\yuyao\Desktop\fromm抓取\fromm_dump\02\window_0298.xml
,PM 5:54,선우,나는 다냐오께,C:\Users\yuyao\Desktop\fromm抓取\fromm_dump\02\window_0298.xml
,PM 5:54,선우,사랑해 빠이,C:\Users\yuyao\Desktop\fromm抓取\fromm_dump\02\window_0298.xml
,PM 5:54,선우,🫶💕,C:\Users\yuyao\Desktop\fromm抓取\fromm_dump\02\window_0298.xml
,PM 10:38,선우,나 도착했어!!! 호텔!!!!,C:\Users\yuyao\Desktop\fromm抓取\fromm_dump\02\window_0299.xml
,PM 10:38,선우,잠시만 더비 ㅠㅠ 넘 오래 기다렸지 ㅠㅠㅜ,C:\Users\yuyao\Desktop\fromm抓取\fromm_dump\02\window_0299.xml
,PM 11:02,선우,폰이랑 짐 받는 것만 기다랴조 🫶 😩 졸리면 얼른 자!!!!,C:\Users\yuyao\Desktop\fromm抓取\fromm_dump\02\window_0299.xml
,PM 11:04,선우,바부ㅑ야,C:\Users\yuyao\Desktop\fromm抓取\fromm_dump\02\window_0299.xml
,PM 11:04,선우,"일욜이니까 좀만 늦게
자자!!!!!",C:\Users\yuyao\Desktop\fromm抓取\fromm_dump\02\window_0299.xml
,AM 1:29,선우,더비야아,C:\Users\yuyao\Desktop\fromm抓取\fromm_dump\03\window_0001.xml
,AM 1:29,선우,내가 라방하다보니까 무서운 얘기만 하다가 간 것 같은뎈ㅋ,C:\Users\yuyao\Desktop\fromm抓取\fromm_dump\03\window_0001.xml
,AM 1:29,선우,몰겠어 그냥 사랑하고 고맙다고 말하려도 했는데,C:\Users\yuyao\Desktop\fromm抓取\fromm_dump\03\window_0002.xml
,AM 1:32,선우,감히 내가 지금 무슨 말을 해도 되는 건가 싶구 하는 생각들이 많이 있지만 무슨 말들이 따라오던 그냥 사랑하는 건 사랑하는 거니까 언제까지나 꼬옥 곁에서 말해줄게 그리구,C:\Users\yuyao\Desktop\fromm抓取\fromm_dump\03\window_0002.xml
,,선우,"내가 바보같이 그저 사실이 아닌 것들에 대한 부분들에 있어서 분위기를 장난스레 풀어내려고 했던 이기심과 그러한 말들로 인해서 더비가 좋아했던 이유들이 사라지지 않도록 오해받지 않도록 뭐가 더비를 더 위한 건지 그게 그저 솔직함인지 아니면 두번 세번 더 생각한 언행들인지 계속 판단하면서 더비들의 눈이 틀리지 않았다는 걸!!!!!!!!!!!! 증명하고 싶어!!!! 사랑한다고 하는 말 뒤에 따라붙는 시선들은 겁나지 않아 그저 정말 사랑하는 더비들이 상처 받는 게 장산범보다 몇천배는 무섭다는 거!!! 그게 내 진심이니까 새벽의 힘을 빌려서 얘기해!! 이런 말들이 몇번째고 반복이 되지 않도록 끝까지 포기 안하고 노력할게!!! 그저 무한하게 이유없이 받는 사랑은 없다는 것과 사랑받는다는 이유로 실수를 언제까지나 용서 받지 못한 다는 점 받은 만큼, 아니 더 많이 더비에게 돌려주자는 마음 꼬옥 간직한 채로 오늘 귀신 물리치고 잘 잘게요 더비들도 괜히 무섭게 해서 미안하궇ㅎ 헤헷 잘 자요!!! 사랑해서 미안하고 사랑해서 고마워! 안녕🌸💕",C:\Users\yuyao\Desktop\fromm抓取\fromm_dump\03\window_0002.xml
,,선우,"무슨 문장으로 어떤 단어들로 마음을 전하고 글을 시작해야 할지 아직도 잘 모르겠지만 두서없어도 양해 부탁드려요
그냥 더비들한테 하고 싶은 말은 아이돌을 떠나서 인간 김선우로서 더비의 믿음을 그리고 스스로의 믿음을 깨는 행동은 절대 하지 않을 겁니다
지금까지 있었던 저의 언행의 실수들 당연하게 짊어지고 되짚고 생각하고 반성하면서 더 나은 사람이 될 수 있도록, 계속 제가 주고 싶은 사랑 더비한테 거짓 없이 전달하면서 안 멈추고 나아갈 거예요
제가 먼저 이 커다란 마음들을 받아 마땅한 사람이 될게요
더비들이 기꺼이
우리에게 내어준 마음을 스스로
부정하고 자책하게 만드는 게 제일 아프네요
늘 진심으로 더비를 대했고 앞으로도 진심으로 대할 겁니다
강해지고 성숙해질게요 더비!",C:\Users\yuyao\Desktop\fromm抓取\fromm_dump\03\window_0004.xml
,PM 12:23,선우,오늘 날씨 좋다 더비 오늘 하루 힘내🫶🫶 밥 많이 먹어 두번 먹어 세번 먹어,C:\Users\yuyao\Desktop\fromm抓取\fromm_dump\03\window_0006.xml
,PM 2:01,선우,이제 슬슬 장마 시작하나보다 더비 우산 챙기고 따뜻하게 입어 걱정되니까☔️☔️,C:\Users\yuyao\Desktop\fromm抓取\fromm_dump\03\window_0006.xml
,PM 2:03,선우,사랑해!,C:\Users\yuyao\Desktop\fromm抓取\fromm_dump\03\window_0006.xml
,AM 10:28,선우,오늘도 좋은 하루 보내 더비 좋은 생각하구💕,C:\Users\yuyao\Desktop\fromm抓取\fromm_dump\03\window_0007.xml
,AM 10:28,선우,사랑해💕💕,C:\Users\yuyao\Desktop\fromm抓取\fromm_dump\03\window_0007.xml
,AM 10:29,선우,더비 보고싶다 ㅋ😬,C:\Users\yuyao\Desktop\fromm抓取\fromm_dump\03\window_0007.xml
,AM 10:30,선우,아 오늘 난 곧 보긴 하구나,C:\Users\yuyao\Desktop\fromm抓取\fromm_dump\03\window_0007.xml
,AM 10:31,선우,나 브링그린 영통회 이또,C:\Users\yuyao\Desktop\fromm抓取\fromm_dump\03\window_0008.xml
,AM 10:31,선우,잘하구 오껭,C:\Users\yuyao\Desktop\fromm抓取\fromm_dump\03\window_0008.xml
,AM 10:32,선우,ʕ•ﻌ•ʔฅ오늘은 좀 쉬나 ?,C:\Users\yuyao\Desktop\fromm抓取\fromm_dump\03\window_0008.xml
,AM 10:34,선우,뭘하던 내 생각은 같이 해주셈,C:\Users\yuyao\Desktop\fromm抓取\fromm_dump\03\window_0008.xml
,PM 1:35,선우,[media/no text],C:\Users\yuyao\Desktop\fromm抓取\fromm_dump\03\window_0009.xml
,PM 1:35,선우,자,C:\Users\yuyao\Desktop\fromm抓取\fromm_dump\03\window_0010.xml
,PM 1:36,선우,play_video,C:\Users\yuyao\Desktop\fromm抓取\fromm_dump\03\window_0011.xml
,PM 1:36,선우,알잘딱깔센,C:\Users\yuyao\Desktop\fromm抓取\fromm_dump\03\window_0012.xml
,AM 4:39,선우,파리에도 비가 오네요,C:\Users\yuyao\Desktop\fromm抓取\fromm_dump\03\window_0012.xml
,AM 8:16,선우,더비 보고싶구만,C:\Users\yuyao\Desktop\fromm抓取\fromm_dump\03\window_0013.xml
,AM 8:17,선우,audio_play,C:\Users\yuyao\Desktop\fromm抓取\fromm_dump\03\window_0013.xml
,AM 8:27,선우,audio_play,C:\Users\yuyao\Desktop\fromm抓取\fromm_dump\03\window_0013.xml
,AM 8:40,선우,좋은 하루 보내💕,C:\Users\yuyao\Desktop\fromm抓取\fromm_dump\03\window_0013.xml
,AM 8:40,선우,여긴 새벽 3시 다 되어가는데,C:\Users\yuyao\Desktop\fromm抓取\fromm_dump\03\window_0013.xml
,AM 8:40,선우,혼자 호텔에 있으니까 적적해서 더비 찾아써 ㅋ,C:\Users\yuyao\Desktop\fromm抓取\fromm_dump\03\window_0014.xml
,AM 8:40,선우,난 이제 잔다☔️✨,C:\Users\yuyao\Desktop\fromm抓取\fromm_dump\03\window_0014.xml
,AM 8:41,선우,굿나잇🤭🫶🫶,C:\Users\yuyao\Desktop\fromm抓取\fromm_dump\03\window_0014.xml
,AM 8:41,선우,뿅💕,C:\Users\yuyao\Desktop\fromm抓取\fromm_dump\03\window_0014.xml
,AM 1:40,선우,더비 보고싶어!!!,C:\Users\yuyao\Desktop\fromm抓取\fromm_dump\03\window_0015.xml
,AM 1:40,선우,쇼 잘 마쳤어요!!,C:\Users\yuyao\Desktop\fromm抓取\fromm_dump\03\window_0015.xml
,AM 2:17,선우,프롬 리밑틷에디션,C:\Users\yuyao\Desktop\fromm抓取\fromm_dump\03\window_0015.xml
,AM 2:17,선우,[media/no text],C:\Users\yuyao\Desktop\fromm抓取\fromm_dump\03\window_0016.xml
,AM 2:18,선우,이따 인스타로 사진 많이 올릴게요 사랑해요,C:\Users\yuyao\Desktop\fromm抓取\fromm_dump\03\window_0016.xml
,AM 2:38,선우,[media/no text],C:\Users\yuyao\Desktop\fromm抓取\fromm_dump\03\window_0017.xml
,AM 2:38,선우,프롬 해주는 더비들 예뻐서 나중에 올릴 힙합체리 두개 더 보내요,C:\Users\yuyao\Desktop\fromm抓取\fromm_dump\03\window_0017.xml
,AM 2:39,선우,[media/no text],C:\Users\yuyao\Desktop\fromm抓取\fromm_dump\03\window_0018.xml
,,선우,못봤던 스타일링일텐데 이런 모습도 좋아해줬으면 좋겠다 늦었을 텐데 얼른 자요🫶 나중에 인스타로도 올릴테니 잘 봐주고💕 고마워! 관심 가져줘서! 얼른 자 잘 자🤭🫶,C:\Users\yuyao\Desktop\fromm抓取\fromm_dump\03\window_0018.xml
,AM 2:42,선우,못봤던 스타일링일텐데 이런 모습도 좋아해줬으면 좋겠다 늦었을 텐데 얼른 자요🫶 나중에 인스타로도 올릴테니 잘 봐주고💕 고마워! 관심 가져줘서! 얼른 자 잘 자🤭🫶,C:\Users\yuyao\Desktop\fromm抓取\fromm_dump\03\window_0019.xml
,PM 1:15,선우,더비야 모해💕💕💕,C:\Users\yuyao\Desktop\fromm抓取\fromm_dump\03\window_0019.xml
,PM 1:15,선우,7월도 잘 부탁해🫶✨,C:\Users\yuyao\Desktop\fromm抓取\fromm_dump\03\window_0019.xml
,PM 1:16,선우,하는 것들 준비하는 것들 다 잘 되길!!!!!!!!,C:\Users\yuyao\Desktop\fromm抓取\fromm_dump\03\window_0019.xml
,PM 1:16,선우,비나이다 비나이다,C:\Users\yuyao\Desktop\fromm抓取\fromm_dump\03\window_0020.xml
,PM 1:17,선우,인스타 예전에 올렸다가 뭐 같이 올려야하는데 잘못올려서 삭제한 사진들 다시 주께,C:\Users\yuyao\Desktop\fromm抓取\fromm_dump\03\window_0020.xml
,PM 1:18,선우,왤케 느려,C:\Users\yuyao\Desktop\fromm抓取\fromm_dump\03\window_0022.xml
,PM 1:19,선우,[media/no text],C:\Users\yuyao\Desktop\fromm抓取\fromm_dump\03\window_0023.xml
,PM 10:49,선우,ʕ•ﻌ•ʔฅ,C:\Users\yuyao\Desktop\fromm抓取\fromm_dump\03\window_0025.xml
,PM 10:49,선우,오늘도 고생했어,C:\Users\yuyao\Desktop\fromm抓取\fromm_dump\03\window_0025.xml
,PM 10:49,선우,잘 자💕!,C:\Users\yuyao\Desktop\fromm抓取\fromm_dump\03\window_0025.xml
,PM 10:50,선우,난 오늘 하루 크고작은 스케쥴을 5개를 해버린 슈스의 삶을 체험해봤어 고로 난,C:\Users\yuyao\Desktop\fromm抓取\fromm_dump\03\window_0025.xml
,PM 10:50,선우,기절할개,C:\Users\yuyao\Desktop\fromm抓取\fromm_dump\03\window_0026.xml
,PM 10:50,선우,게,C:\Users\yuyao\Desktop\fromm抓取\fromm_dump\03\window_0026.xml
,PM 10:50,선우,잘 자 알라뷰,C:\Users\yuyao\Desktop\fromm抓取\fromm_dump\03\window_0026.xml
,PM 10:50,선우,체리해^^,C:\Users\yuyao\Desktop\fromm抓取\fromm_dump\03\window_0026.xml
,PM 10:50,선우,방토해^^,C:\Users\yuyao\Desktop\fromm抓取\fromm_dump\03\window_0026.xml
,PM 10:50,선우,방토해는 어감 때문에 체리로 가겠습니다,C:\Users\yuyao\Desktop\fromm抓取\fromm_dump\03\window_0027.xml
,PM 10:51,선우,정신 체리자,C:\Users\yuyao\Desktop\fromm抓取\fromm_dump\03\window_0027.xml
,PM 10:51,선우,ㅈㅅ,C:\Users\yuyao\Desktop\fromm抓取\fromm_dump\03\window_0027.xml
,PM 10:51,선우,잘게 굿나잇💕💕,C:\Users\yuyao\Desktop\fromm抓取\fromm_dump\03\window_0027.xml
,PM 10:51,선우,너도 항상 행복해,C:\Users\yuyao\Desktop\fromm抓取\fromm_dump\03\window_0027.xml
,PM 10:51,선우,사랑해요,C:\Users\yuyao\Desktop\fromm抓取\fromm_dump\03\window_0028.xml
,PM 10:51,선우,✨,C:\Users\yuyao\Desktop\fromm抓取\fromm_dump\03\window_0028.xml
,PM 10:53,선우,그냥 너가 주는 마음들이 너무 소중해 내가 꼭 아끼고 간직하고 있으께 진짜 가께 안뇽🍒,C:\Users\yuyao\Desktop\fromm抓取\fromm_dump\03\window_0028.xml
,,선우,오늘 덥당 그래도 쫀하루🌸🥵💝,C:\Users\yuyao\Desktop\fromm抓取\fromm_dump\03\window_0028.xml
,PM 12:32,선우,오늘 덥당 그래도 쫀하루🌸🥵💝,C:\Users\yuyao\Desktop\fromm抓取\fromm_dump\03\window_0029.xml
,AM 8:55,선우,넘 졸리당 오늘도 빳팅이야💕,C:\Users\yuyao\Desktop\fromm抓取\fromm_dump\03\window_0029.xml
,AM 8:55,선우,더우니까 손풍기 들고 다녀 울이쁜 더비들,C:\Users\yuyao\Desktop\fromm抓取\fromm_dump\03\window_0029.xml
,PM 3:04,선우,오늘 날씨 짱 더워!!!!!!!!,C:\Users\yuyao\Desktop\fromm抓取\fromm_dump\03\window_0030.xml
,PM 3:05,선우,"집에 있어,,, 일정없으면 ,,있어도 실내에만 이써,,,",C:\Users\yuyao\Desktop\fromm抓取\fromm_dump\03\window_0030.xml
,PM 3:06,선우,오오,C:\Users\yuyao\Desktop\fromm抓取\fromm_dump\03\window_0030.xml
,PM 3:06,선우,우와,C:\Users\yuyao\Desktop\fromm抓取\fromm_dump\03\window_0030.xml
,PM 3:07,선우,답장기능 생겨따,C:\Users\yuyao\Desktop\fromm抓取\fromm_dump\03\window_0030.xml
,PM 3:07,선우,누구는 해달라고 하고 누구는 질투나서 하지말아달라고 하넼,C:\Users\yuyao\Desktop\fromm抓取\fromm_dump\03\window_0031.xml
,PM 3:07,선우,이런 걸로 질투하는 거 보면,C:\Users\yuyao\Desktop\fromm抓取\fromm_dump\03\window_0031.xml
,PM 3:08,선우,분명 액희 겠지,C:\Users\yuyao\Desktop\fromm抓取\fromm_dump\03\window_0031.xml
,PM 3:08,선우,그래도 난 할 것임,C:\Users\yuyao\Desktop\fromm抓取\fromm_dump\03\window_0031.xml
,PM 3:08,선우,질투는 견뎌야 성장하는 법,C:\Users\yuyao\Desktop\fromm抓取\fromm_dump\03\window_0032.xml
,PM 3:09,선우,내가 첫번째다!🫶,C:\Users\yuyao\Desktop\fromm抓取\fromm_dump\03\window_0032.xml
,PM 3:09,선우,건강하세요,C:\Users\yuyao\Desktop\fromm抓取\fromm_dump\03\window_0032.xml
,PM 3:10,선우,"당신이 답장 받는 그날까지,, 허ㅏ이팅💕",C:\Users\yuyao\Desktop\fromm抓取\fromm_dump\03\window_0032.xml
,PM 3:10,선우,근데 다 읽긴함,C:\Users\yuyao\Desktop\fromm抓取\fromm_dump\03\window_0032.xml
,PM 3:11,선우,워아이니!,C:\Users\yuyao\Desktop\fromm抓取\fromm_dump\03\window_0033.xml
,PM 3:11,선우,어쨌든,C:\Users\yuyao\Desktop\fromm抓取\fromm_dump\03\window_0033.xml
,PM 3:11,선우,이번 컨셉 뭐일 것 갘아,C:\Users\yuyao\Desktop\fromm抓取\fromm_dump\03\window_0033.xml
,PM 3:14,선우,나도 모르겠어 청량일지 청양일지..,C:\Users\yuyao\Desktop\fromm抓取\fromm_dump\03\window_0033.xml
,,선우,뭔가 드라마나 영화 작가님 섭외해서 트레일러부터 의미부여 하나씩 다해서 뮤비까지 다 이어지게 더비들이 궁예하면서 막 해석하는 재미있게 만드는 거 하고 싶따,C:\Users\yuyao\Desktop\fromm抓取\fromm_dump\03\window_0033.xml
,PM 3:16,선우,뭔가 드라마나 영화 작가님 섭외해서 트레일러부터 의미부여 하나씩 다해서 뮤비까지 다 이어지게 더비들이 궁예하면서 막 해석하는 재미있게 만드는 거 하고 싶따,C:\Users\yuyao\Desktop\fromm抓取\fromm_dump\03\window_0034.xml
,PM 3:16,선우,그런게 재밌는데 그치 ㅋ,C:\Users\yuyao\Desktop\fromm抓取\fromm_dump\03\window_0034.xml
,PM 3:17,선우,더비 섭외합니다,C:\Users\yuyao\Desktop\fromm抓取\fromm_dump\03\window_0034.xml
,PM 3:18,선우,트레일러는 의미는 있지만 뮤비까지 이어지진 않구 트레일러 자체로 의미가 마무리 되는 것이여,C:\Users\yuyao\Desktop\fromm抓取\fromm_dump\03\window_0034.xml
,PM 3:19,선우,나중에 나도 기획할 수 있는 짬이 오면 내 상상력과 캐해력으로 만들어보고 싶다,C:\Users\yuyao\Desktop\fromm抓取\fromm_dump\03\window_0035.xml
,PM 3:19,선우,너무 할 맛날 듯,C:\Users\yuyao\Desktop\fromm抓取\fromm_dump\03\window_0035.xml
,PM 3:19,선우,플러스 더비의 의견 참고해서 하면 넘무너무 조을뜻,C:\Users\yuyao\Desktop\fromm抓取\fromm_dump\03\window_0035.xml
,PM 3:20,선우,엄청나게 큰 댐이 부서지면서 그 안에 더비가 있는 장면부터 시작,C:\Users\yuyao\Desktop\fromm抓取\fromm_dump\03\window_0035.xml
,PM 3:21,선우,인류는 떠올랐다,C:\Users\yuyao\Desktop\fromm抓取\fromm_dump\03\window_0036.xml
,PM 3:21,선우,ㅋㅋㅋㅋㅋㅋㅋㅋㅋㅋㅋㅋㅋ,C:\Users\yuyao\Desktop\fromm抓取\fromm_dump\03\window_0036.xml
,PM 3:21,선우,나 춤추러 가야함,C:\Users\yuyao\Desktop\fromm抓取\fromm_dump\03\window_0036.xml
,PM 3:21,선우,으앙,C:\Users\yuyao\Desktop\fromm抓取\fromm_dump\03\window_0036.xml
,,선우,다녀올게,C:\Users\yuyao\Desktop\fromm抓取\fromm_dump\03\window_0036.xml
,PM 3:21,선우,다녀올게,C:\Users\yuyao\Desktop\fromm抓取\fromm_dump\03\window_0037.xml
,PM 3:21,선우,😩🫶💕,C:\Users\yuyao\Desktop\fromm抓取\fromm_dump\03\window_0037.xml
,PM 2:20,선우,비온다 서울 ㅠㅜ,C:\Users\yuyao\Desktop\fromm抓取\fromm_dump\03\window_0037.xml
,PM 2:21,선우,우산 챙기세용,C:\Users\yuyao\Desktop\fromm抓取\fromm_dump\03\window_0037.xml
,,선우,비 안오면 양산도 챙기시구여ㅎㅎ,C:\Users\yuyao\Desktop\fromm抓取\fromm_dump\03\window_0037.xml
,PM 2:21,선우,비 안오면 양산도 챙기시구여ㅎㅎ,C:\Users\yuyao\Desktop\fromm抓取\fromm_dump\03\window_0038.xml
,PM 2:21,선우,아니 여러분,C:\Users\yuyao\Desktop\fromm抓取\fromm_dump\03\window_0038.xml
,PM 2:21,선우,이거,C:\Users\yuyao\Desktop\fromm抓取\fromm_dump\03\window_0038.xml
,PM 2:21,선우,나 최근에,C:\Users\yuyao\Desktop\fromm抓取\fromm_dump\03\window_0038.xml
,PM 2:21,선우,브링그린에서,C:\Users\yuyao\Desktop\fromm抓取\fromm_dump\03\window_0038.xml
,,선우,또 뭐 주셔서 받았는데,C:\Users\yuyao\Desktop\fromm抓取\fromm_dump\03\window_0038.xml
,PM 2:21,선우,또 뭐 주셔서 받았는데,C:\Users\yuyao\Desktop\fromm抓取\fromm_dump\03\window_0039.xml
,PM 2:21,선우,립밤,C:\Users\yuyao\Desktop\fromm抓取\fromm_dump\03\window_0039.xml
,PM 2:22,선우,있거든 그거 킥임 진짜,C:\Users\yuyao\Desktop\fromm抓取\fromm_dump\03\window_0039.xml
,PM 2:22,선우,그거 써봐 ㄹㅇ,C:\Users\yuyao\Desktop\fromm抓取\fromm_dump\03\window_0039.xml
,PM 2:22,선우,진짜,C:\Users\yuyao\Desktop\fromm抓取\fromm_dump\03\window_0039.xml
,,선우,나 장담함,C:\Users\yuyao\Desktop\fromm抓取\fromm_dump\03\window_0039.xml
,PM 2:22,선우,나 장담함,C:\Users\yuyao\Desktop\fromm抓取\fromm_dump\03\window_0040.xml
,PM 2:22,선우,진짜 추천함 내가 모델 아녔어도 추천함,C:\Users\yuyao\Desktop\fromm抓取\fromm_dump\03\window_0040.xml
,PM 2:22,선우,ㄱㄷ,C:\Users\yuyao\Desktop\fromm抓取\fromm_dump\03\window_0040.xml
,PM 2:22,선우,브링그린 립 에센스,C:\Users\yuyao\Desktop\fromm抓取\fromm_dump\03\window_0040.xml
,PM 2:22,선우,있거든 하늘색,C:\Users\yuyao\Desktop\fromm抓取\fromm_dump\03\window_0040.xml
,PM 2:23,선우,그거 ㄹㅇ 입술이,C:\Users\yuyao\Desktop\fromm抓取\fromm_dump\03\window_0041.xml
,PM 2:23,선우,쫀ㅡ쫀 해짐,C:\Users\yuyao\Desktop\fromm抓取\fromm_dump\03\window_0041.xml
,PM 2:23,선우,그,C:\Users\yuyao\Desktop\fromm抓取\fromm_dump\03\window_0041.xml
,PM 2:23,선우,대나무,C:\Users\yuyao\Desktop\fromm抓取\fromm_dump\03\window_0041.xml
,PM 2:23,선우,히룰렐루,C:\Users\yuyao\Desktop\fromm抓取\fromm_dump\03\window_0041.xml
,PM 2:23,선우,어쩌구,C:\Users\yuyao\Desktop\fromm抓取\fromm_dump\03\window_0042.xml
,PM 2:23,선우,히알루야?,C:\Users\yuyao\Desktop\fromm抓取\fromm_dump\03\window_0042.xml
,PM 2:23,선우,어쨌든,C:\Users\yuyao\Desktop\fromm抓取\fromm_dump\03\window_0042.xml
,PM 2:24,선우,그거 써봐 진짜 진짜 진짜 킥이야 ㅋ,C:\Users\yuyao\Desktop\fromm抓取\fromm_dump\03\window_0042.xml
,PM 2:24,선우,서누으 요즘 꿀템 공유 끝,C:\Users\yuyao\Desktop\fromm抓取\fromm_dump\03\window_0042.xml
,PM 2:25,선우,[media/no text],C:\Users\yuyao\Desktop\fromm抓取\fromm_dump\03\window_0043.xml
,PM 2:25,선우,이건 걍 심심해서 찍었던 사진 ㅋㅋ,C:\Users\yuyao\Desktop\fromm抓取\fromm_dump\03\window_0045.xml
,PM 2:25,선우,이 쪼끄만 건 무시해,C:\Users\yuyao\Desktop\fromm抓取\fromm_dump\03\window_0045.xml
,PM 2:26,선우,염색은,C:\Users\yuyao\Desktop\fromm抓取\fromm_dump\03\window_0046.xml
,PM 2:26,선우,활동이랑 콘서트 시기 때,C:\Users\yuyao\Desktop\fromm抓取\fromm_dump\03\window_0046.xml
,PM 2:26,선우,그 전엔 보색트리트먼트로 해야하고,C:\Users\yuyao\Desktop\fromm抓取\fromm_dump\03\window_0046.xml
,PM 2:26,선우,머리가 빨리 자라서,C:\Users\yuyao\Desktop\fromm抓取\fromm_dump\03\window_0046.xml
,PM 2:26,선우,좀 나눠서 해야함,C:\Users\yuyao\Desktop\fromm抓取\fromm_dump\03\window_0046.xml
,PM 2:27,선우,계석 빠질 때마다 하면,C:\Users\yuyao\Desktop\fromm抓取\fromm_dump\03\window_0047.xml
,PM 2:27,선우,활동때쯤은,C:\Users\yuyao\Desktop\fromm抓取\fromm_dump\03\window_0047.xml
,PM 2:27,선우,까까머리가 될 것임,C:\Users\yuyao\Desktop\fromm抓取\fromm_dump\03\window_0047.xml
,PM 2:29,선우,마이크 색 변하나ㅑ고?,C:\Users\yuyao\Desktop\fromm抓取\fromm_dump\03\window_0047.xml
,PM 2:29,선우,나 변해 ㅠㅠ,C:\Users\yuyao\Desktop\fromm抓取\fromm_dump\03\window_0047.xml
,PM 2:29,선우,더 개쩌는 빨강으로 ㅋ,C:\Users\yuyao\Desktop\fromm抓取\fromm_dump\03\window_0048.xml
,PM 2:30,선우,너무 잼민이 단어 썼다,C:\Users\yuyao\Desktop\fromm抓取\fromm_dump\03\window_0048.xml
,PM 2:30,선우,ㅈㅅ,C:\Users\yuyao\Desktop\fromm抓取\fromm_dump\03\window_0048.xml
,PM 2:31,선우,움빠움빠쬽은 살면서 처음 들어보는 잼민 단어네요,C:\Users\yuyao\Desktop\fromm抓取\fromm_dump\03\window_0048.xml
,,선우,우리 모두 움빠움빠쬽 💕 입술이 되어보아용🫶,C:\Users\yuyao\Desktop\fromm抓取\fromm_dump\03\window_0048.xml
,PM 2:32,선우,우리 모두 움빠움빠쬽 💕 입술이 되어보아용🫶,C:\Users\yuyao\Desktop\fromm抓取\fromm_dump\03\window_0049.xml
,PM 2:32,선우,ʕ•ﻌ•ʔฅ,C:\Users\yuyao\Desktop\fromm抓取\fromm_dump\03\window_0049.xml
,PM 2:33,선우,ʕ•ﻌ•ʔฅ,C:\Users\yuyao\Desktop\fromm抓取\fromm_dump\03\window_0049.xml
,PM 2:33,선우,사랑해 ㅋ,C:\Users\yuyao\Desktop\fromm抓取\fromm_dump\03\window_0050.xml
,PM 2:33,선우,어제 내 동생 생신이셨는데,C:\Users\yuyao\Desktop\fromm抓取\fromm_dump\03\window_0050.xml
,PM 2:34,선우,갖고싶은 거 말해 라고 하니까,C:\Users\yuyao\Desktop\fromm抓取\fromm_dump\03\window_0050.xml
,PM 2:34,선우,기분 좋을 때 말하겠대,C:\Users\yuyao\Desktop\fromm抓取\fromm_dump\03\window_0051.xml
,PM 2:34,선우,그니까 내 기분 좋을 때,C:\Users\yuyao\Desktop\fromm抓取\fromm_dump\03\window_0051.xml
,PM 2:34,선우,뭘 말할지 감도 안 와서,C:\Users\yuyao\Desktop\fromm抓取\fromm_dump\03\window_0051.xml
,PM 2:34,선우,무서움,C:\Users\yuyao\Desktop\fromm抓取\fromm_dump\03\window_0051.xml
,PM 2:35,선우,그래서 기분 계속 나쁠 예정임,C:\Users\yuyao\Desktop\fromm抓取\fromm_dump\03\window_0051.xml
,PM 2:35,선우,그래도 내동생,C:\Users\yuyao\Desktop\fromm抓取\fromm_dump\03\window_0052.xml
,PM 2:36,선우,사치품이나 쓸데없는 건 절대 말 안 함,C:\Users\yuyao\Desktop\fromm抓取\fromm_dump\03\window_0052.xml
,PM 2:36,선우,차도 아빠랑 같이 동생 사줬는데 맨날 할머니 할아버지 모시고 셋이 놀러다녀,C:\Users\yuyao\Desktop\fromm抓取\fromm_dump\03\window_0052.xml
,PM 2:36,선우,"너무 착하고 듬직한 내 동생,,,",C:\Users\yuyao\Desktop\fromm抓取\fromm_dump\03\window_0052.xml
,PM 2:36,선우,내가 바쁘니까 장녀처럼 계속 할무이 할부지 모시고 놀러다녀줄 때마다 기특해,C:\Users\yuyao\Desktop\fromm抓取\fromm_dump\03\window_0053.xml
,PM 2:37,선우,너도 내 동생할텨?,C:\Users\yuyao\Desktop\fromm抓取\fromm_dump\03\window_0053.xml
,PM 2:37,선우,옵빠 해바,C:\Users\yuyao\Desktop\fromm抓取\fromm_dump\03\window_0053.xml
,PM 2:38,선우,더보이즈 시그는 사드릴게요,C:\Users\yuyao\Desktop\fromm抓取\fromm_dump\03\window_0053.xml
,PM 2:38,선우,왜요 ㅜㅜ,C:\Users\yuyao\Desktop\fromm抓取\fromm_dump\03\window_0053.xml
,PM 2:39,선우,맞다 응원봉 새로 나왔더라,C:\Users\yuyao\Desktop\fromm抓取\fromm_dump\03\window_0054.xml
,PM 2:39,선우,난 좀 아예 다른 스탈으로 변경하는 거에 투표했었는데,C:\Users\yuyao\Desktop\fromm抓取\fromm_dump\03\window_0054.xml
,PM 2:39,선우,그래도 실물보면 귀여울 거야,C:\Users\yuyao\Desktop\fromm抓取\fromm_dump\03\window_0054.xml
,PM 2:40,선우,발광이 조음,C:\Users\yuyao\Desktop\fromm抓取\fromm_dump\03\window_0054.xml
,PM 2:40,선우,발광입니다,C:\Users\yuyao\Desktop\fromm抓取\fromm_dump\03\window_0055.xml
,PM 2:40,선우,어지럽네요,C:\Users\yuyao\Desktop\fromm抓取\fromm_dump\03\window_0055.xml
,PM 2:42,선우,응... 그것도 보고 어질어질 했지 ㅋ,C:\Users\yuyao\Desktop\fromm抓取\fromm_dump\03\window_0055.xml
,PM 2:42,선우,라면 못 넣어 먹어서 안 산다는 건 뭔데,C:\Users\yuyao\Desktop\fromm抓取\fromm_dump\03\window_0055.xml
,PM 2:43,선우,더비들 참 특이해 ㅋ,C:\Users\yuyao\Desktop\fromm抓取\fromm_dump\03\window_0055.xml
,PM 2:43,선우,저,C:\Users\yuyao\Desktop\fromm抓取\fromm_dump\03\window_0056.xml
,PM 2:43,선우,연습하고 올게여 누님들,C:\Users\yuyao\Desktop\fromm抓取\fromm_dump\03\window_0056.xml
,PM 2:43,선우,행쇼 행쇼,C:\Users\yuyao\Desktop\fromm抓取\fromm_dump\03\window_0056.xml
,PM 2:47,선우,저메추 엽기닭볶음탕 초보맛이요,C:\Users\yuyao\Desktop\fromm抓取\fromm_dump\03\window_0056.xml
,AM 11:37,선우,인스타 아직 올리는 날짜 아녔대,C:\Users\yuyao\Desktop\fromm抓取\fromm_dump\03\window_0057.xml
,AM 11:37,선우,..,C:\Users\yuyao\Desktop\fromm抓取\fromm_dump\03\window_0057.xml
,AM 11:38,선우,아직 못본 걸로 치자~!,C:\Users\yuyao\Desktop\fromm抓取\fromm_dump\03\window_0057.xml
,AM 11:29,선우,하이🫶,C:\Users\yuyao\Desktop\fromm抓取\fromm_dump\03\window_0058.xml
,AM 11:30,선우,실종신고 할 뻔 했다니,C:\Users\yuyao\Desktop\fromm抓取\fromm_dump\03\window_0058.xml
,AM 11:30,선우,인정해,C:\Users\yuyao\Desktop\fromm抓取\fromm_dump\03\window_0058.xml
,AM 11:30,선우,ㅋㅋㅋㅋㅋㅋ ㅠ,C:\Users\yuyao\Desktop\fromm抓取\fromm_dump\03\window_0058.xml
,AM 11:30,선우,삐져또?,C:\Users\yuyao\Desktop\fromm抓取\fromm_dump\03\window_0058.xml
,AM 11:30,선우,히히 내가 풀어줄게,C:\Users\yuyao\Desktop\fromm抓取\fromm_dump\03\window_0059.xml
,AM 11:31,선우,와다다ㅏ다 나올 것들 찍고 준비하고 있지요,C:\Users\yuyao\Desktop\fromm抓取\fromm_dump\03\window_0059.xml
,AM 11:33,선우,낼 아돌라는 미안해 ㅜㅜ 준비할 것들이 내가 너무 많은데,C:\Users\yuyao\Desktop\fromm抓取\fromm_dump\03\window_0059.xml
,AM 11:34,선우,시간이 정말 너무 없어서 어쩔 수가 없어.. ㅠ,C:\Users\yuyao\Desktop\fromm抓取\fromm_dump\03\window_0059.xml
,AM 11:34,선우,지금 시간 일분 일초를 다 짜내서 써야해서 내가 외롭지 않게 생존신고 잘 하면서 준비하께,C:\Users\yuyao\Desktop\fromm抓取\fromm_dump\03\window_0060.xml
,AM 11:35,선우,더빋ㅎ 마니,C:\Users\yuyao\Desktop\fromm抓取\fromm_dump\03\window_0060.xml
,AM 11:35,선우,바쁘구 힘들지,C:\Users\yuyao\Desktop\fromm抓取\fromm_dump\03\window_0060.xml
,AM 11:35,선우,아마 나보다 훨씬 더 힘들텐데,C:\Users\yuyao\Desktop\fromm抓取\fromm_dump\03\window_0060.xml
,AM 11:35,선우,사랑 많이 줘서 고마워 ㅠㅠ,C:\Users\yuyao\Desktop\fromm抓取\fromm_dump\03\window_0061.xml
,AM 11:35,선우,나도 더비한테 계속 배울게 ㅜㅡㅜ,C:\Users\yuyao\Desktop\fromm抓取\fromm_dump\03\window_0061.xml
,AM 11:41,선우,인스타 미리보기,C:\Users\yuyao\Desktop\fromm抓取\fromm_dump\03\window_0061.xml
,AM 11:41,선우,[media/no text],C:\Users\yuyao\Desktop\fromm抓取\fromm_dump\03\window_0062.xml
,AM 11:42,선우,[media/no text],C:\Users\yuyao\Desktop\fromm抓取\fromm_dump\03\window_0063.xml
,AM 11:42,선우,인스타 미리보기,C:\Users\yuyao\Desktop\fromm抓取\fromm_dump\03\window_0063.xml
,AM 11:52,선우,인스타 율리소 오께,C:\Users\yuyao\Desktop\fromm抓取\fromm_dump\03\window_0063.xml
,,선우,멤버들이 너무 예뻐보여서 내 사진은 나중에 올리려고 멤버들 사진 올렸어,C:\Users\yuyao\Desktop\fromm抓取\fromm_dump\03\window_0063.xml
,PM 12:03,선우,멤버들이 너무 예뻐보여서 내 사진은 나중에 올리려고 멤버들 사진 올렸어,C:\Users\yuyao\Desktop\fromm抓取\fromm_dump\03\window_0064.xml
,PM 12:03,선우,자켓이랑 븨씌알 사진은,C:\Users\yuyao\Desktop\fromm抓取\fromm_dump\03\window_0064.xml
,PM 12:03,선우,여기다가 보내줄래,C:\Users\yuyao\Desktop\fromm抓取\fromm_dump\03\window_0064.xml
,PM 12:29,선우,[media/no text],C:\Users\yuyao\Desktop\fromm抓取\fromm_dump\03\window_0064.xml
,PM 12:29,선우,멘트찍기 전 뉴형의 대기방법,C:\Users\yuyao\Desktop\fromm抓取\fromm_dump\03\window_0069.xml
,PM 1:04,선우,나는 일정하러 가보께 울 더비 오늘은 좀 더운데 더위 조심하구 좋은 하루 보내요 진심으로 응원해!💕✨,C:\Users\yuyao\Desktop\fromm抓取\fromm_dump\03\window_0069.xml
,PM 11:22,선우,하라메 나와땅,C:\Users\yuyao\Desktop\fromm抓取\fromm_dump\03\window_0069.xml
,PM 11:22,선우,저 무대에서 날라다니겎슴다,C:\Users\yuyao\Desktop\fromm抓取\fromm_dump\03\window_0070.xml
,PM 11:22,선우,예약이욤,C:\Users\yuyao\Desktop\fromm抓取\fromm_dump\03\window_0070.xml
,PM 11:23,선우,뭐 취향은 갈리겠지만 당연히 난 잘할 자신은 있음,C:\Users\yuyao\Desktop\fromm抓取\fromm_dump\03\window_0070.xml
,PM 11:23,선우,기대해조~🫶,C:\Users\yuyao\Desktop\fromm抓取\fromm_dump\03\window_0070.xml
,PM 1:03,선우,쪼은오후!,C:\Users\yuyao\Desktop\fromm抓取\fromm_dump\03\window_0071.xml
,PM 1:04,선우,모하고 있어,C:\Users\yuyao\Desktop\fromm抓取\fromm_dump\03\window_0071.xml
,PM 1:04,선우,밥 잡쉈어?,C:\Users\yuyao\Desktop\fromm抓取\fromm_dump\03\window_0071.xml
,PM 1:05,선우,난 방금 제육 먹음,C:\Users\yuyao\Desktop\fromm抓取\fromm_dump\03\window_0071.xml
,PM 1:05,선우,나으 소울푸드,C:\Users\yuyao\Desktop\fromm抓取\fromm_dump\03\window_0071.xml
,PM 1:06,선우,두찜에 진한 닭볶음탕 있거든? 그거 순살 매운맛으로 시켜서 먹어봐,C:\Users\yuyao\Desktop\fromm抓取\fromm_dump\03\window_0072.xml
,PM 1:06,선우,맛있다,C:\Users\yuyao\Desktop\fromm抓取\fromm_dump\03\window_0072.xml
,PM 1:06,선우,실비도 맛나긴 한데,C:\Users\yuyao\Desktop\fromm抓取\fromm_dump\03\window_0072.xml
,PM 1:06,선우,닭볶음탕도 맛있더라,C:\Users\yuyao\Desktop\fromm抓取\fromm_dump\03\window_0072.xml
,PM 1:07,선우,난 닭을 좋아하나뵈,C:\Users\yuyao\Desktop\fromm抓取\fromm_dump\03\window_0073.xml
,PM 1:07,선우,근데 치킨은 안 좋아함,C:\Users\yuyao\Desktop\fromm抓取\fromm_dump\03\window_0073.xml
,PM 1:07,선우,치킨은 별루 안 땡기더라,C:\Users\yuyao\Desktop\fromm抓取\fromm_dump\03\window_0073.xml
,PM 1:08,선우,사실 안 좋아하진 않는데,C:\Users\yuyao\Desktop\fromm抓取\fromm_dump\03\window_0073.xml
,PM 1:08,선우,시켜먹지 않아,C:\Users\yuyao\Desktop\fromm抓取\fromm_dump\03\window_0073.xml
,PM 1:08,선우,닭꼬치 닭볶음탕 닭갈비 찜닭은 좋아해,C:\Users\yuyao\Desktop\fromm抓取\fromm_dump\03\window_0074.xml
,PM 1:08,선우,치킨텐더도 즇아하긴 힘,C:\Users\yuyao\Desktop\fromm抓取\fromm_dump\03\window_0074.xml
,PM 1:08,선우,근데 치킨은 시러!,C:\Users\yuyao\Desktop\fromm抓取\fromm_dump\03\window_0074.xml
,PM 1:09,선우,치킨텐더는 조아 맥도 것만,C:\Users\yuyao\Desktop\fromm抓取\fromm_dump\03\window_0074.xml
,PM 1:09,선우,요즘 자꾸 일찍 자도 새뱍5시쯤 깬다 왜이러누 ㅠ,C:\Users\yuyao\Desktop\fromm抓取\fromm_dump\03\window_0074.xml
,PM 1:10,선우,나 어디서든,C:\Users\yuyao\Desktop\fromm抓取\fromm_dump\03\window_0075.xml
,PM 1:10,선우,머리만 대면 잤는데,C:\Users\yuyao\Desktop\fromm抓取\fromm_dump\03\window_0075.xml
,PM 1:10,선우,중간에 자꾸 깨 ;,C:\Users\yuyao\Desktop\fromm抓取\fromm_dump\03\window_0075.xml
,PM 1:10,선우,나이가 들었다는 증거라고?,C:\Users\yuyao\Desktop\fromm抓取\fromm_dump\03\window_0075.xml
,PM 1:10,선우,맞긴 해 ~!,C:\Users\yuyao\Desktop\fromm抓取\fromm_dump\03\window_0075.xml
,PM 1:11,선우,빨리 30대 되었으면,C:\Users\yuyao\Desktop\fromm抓取\fromm_dump\03\window_0076.xml
,PM 1:15,선우,10대 20대에는 이게 전부인 것처럼 다 쏟아내도 결국엔 끝날 거고 그 다음 인생도 생각하고 준비해야하는데 그게 참 궁금하고 기대되고 무서움,C:\Users\yuyao\Desktop\fromm抓取\fromm_dump\03\window_0076.xml
,PM 1:17,선우,계속 새로울 시작을 할 텐데 나는 그래서 더비들 항상 응원해  계속 새로운 시작을 본인 인생에서 같이 맞이할 텐데,C:\Users\yuyao\Desktop\fromm抓取\fromm_dump\03\window_0076.xml
,PM 1:17,선우,우린 동반자니까 으쌰으쌰해보쟈,C:\Users\yuyao\Desktop\fromm抓取\fromm_dump\03\window_0077.xml
,PM 1:19,선우,뭔가 살면서 엄청난 힘든 일들이나 큰 이벤트들이 있을 것 같아도 그냥 되돌아보면 하루하루 살아가는게 전부인 것 같음,C:\Users\yuyao\Desktop\fromm抓取\fromm_dump\03\window_0077.xml
,PM 1:19,선우,30대 40대가 기대되면서도 또 그냥 오늘 하루나 잘 보내야지 싶음,C:\Users\yuyao\Desktop\fromm抓取\fromm_dump\03\window_0077.xml
,PM 1:20,선우,"지구에서 태어나서 쪼끄만한 사람들이 이리 치이고 저리 치이면서 치열하게
살아가는 게 너무 신기함",C:\Users\yuyao\Desktop\fromm抓取\fromm_dump\03\window_0078.xml
,PM 1:21,선우,태어났으면 열심히 살아가는게 임무고 의무라고 생각하고 열시미 해야지,C:\Users\yuyao\Desktop\fromm抓取\fromm_dump\03\window_0078.xml
,PM 1:21,선우,결국엔 다 지나가버리는 순간들인데도 열시미 하는 거 보면 멋있어,C:\Users\yuyao\Desktop\fromm抓取\fromm_dump\03\window_0078.xml
,,선우,가지고 있는 고민들이 너무 커다랗고 나를 짓누른다고 생각해도 그건 불필요한 것들이 아니라 삶에 필요한 일부분과 대부분이니,C:\Users\yuyao\Desktop\fromm抓取\fromm_dump\03\window_0078.xml
,PM 1:22,선우,가지고 있는 고민들이 너무 커다랗고 나를 짓누른다고 생각해도 그건 불필요한 것들이 아니라 삶에 필요한 일부분과 대부분이니,C:\Users\yuyao\Desktop\fromm抓取\fromm_dump\03\window_0079.xml
,PM 1:22,선우,더비도 멈추지말고 힘내💕,C:\Users\yuyao\Desktop\fromm抓取\fromm_dump\03\window_0079.xml
,PM 1:26,선우,그래서 내가 하고픈 말은 결국 다 사라지는 것들이니 부질없다고 생각하고 포기하지말고 길게 보면 전부 부질없다 할지라도  열심히 나아가는 게 사람이란 존재를 더 가치있게 만들어주는 거니까 부딪히면서 나아가자고 같이🥰!,C:\Users\yuyao\Desktop\fromm抓取\fromm_dump\03\window_0079.xml
,PM 1:26,선우,나도 더비도 안 보이는 곳에서 치열하게 고민하고 생각하고 아파하고 절망하고 할 거아냐,C:\Users\yuyao\Desktop\fromm抓取\fromm_dump\03\window_0080.xml
,PM 1:27,선우,그런 생각을 하는 것 자체가 살아가는 존재의 의미를 덧붙여준다고 생각해,C:\Users\yuyao\Desktop\fromm抓取\fromm_dump\03\window_0080.xml
,PM 1:27,선우,다 포기하면 그런 생각이 들지도 않자나,C:\Users\yuyao\Desktop\fromm抓取\fromm_dump\03\window_0080.xml
,,선우,게다가 우린 서로를 위하고 사랑하는 마음을 가진 공통된 사람들이 모인 거니까,C:\Users\yuyao\Desktop\fromm抓取\fromm_dump\03\window_0080.xml
,PM 1:28,선우,게다가 우린 서로를 위하고 사랑하는 마음을 가진 공통된 사람들이 모인 거니까,C:\Users\yuyao\Desktop\fromm抓取\fromm_dump\03\window_0081.xml
,PM 1:29,선우,그런 마음을 가진 사람들과 이렇게 대화를 주고 받을 수 있는 것조차 멋진 일이야,C:\Users\yuyao\Desktop\fromm抓取\fromm_dump\03\window_0081.xml
,PM 1:29,선우,너가 누군가를 살게하고 움직이게 한다는 걸 꼭 알아야해!,C:\Users\yuyao\Desktop\fromm抓取\fromm_dump\03\window_0081.xml
,PM 1:29,선우,남을 움직이게 하는 사람은 자기 자신도 움직이게 할 수 이써,C:\Users\yuyao\Desktop\fromm抓取\fromm_dump\03\window_0081.xml
,PM 1:30,선우,남에게 힘을 주는 게 더 어려운 일이니깐,C:\Users\yuyao\Desktop\fromm抓取\fromm_dump\03\window_0082.xml
,PM 1:30,선우,우리가 만나본 적도 없고 말도 섞은 적 없다 할지라도 마음이 통하니까 모인 거야,C:\Users\yuyao\Desktop\fromm抓取\fromm_dump\03\window_0082.xml
,PM 1:31,선우,그래서 참 특별하고 신기행,C:\Users\yuyao\Desktop\fromm抓取\fromm_dump\03\window_0082.xml
,,선우,뭐 긍정적인 생각을 가지고 어려워도 해나가라! 이건 아니고 나도 부정적인 생각 투성이야 항상 ㅋㅋㅋ,C:\Users\yuyao\Desktop\fromm抓取\fromm_dump\03\window_0082.xml
,PM 1:33,선우,뭐 긍정적인 생각을 가지고 어려워도 해나가라! 이건 아니고 나도 부정적인 생각 투성이야 항상 ㅋㅋㅋ,C:\Users\yuyao\Desktop\fromm抓取\fromm_dump\03\window_0083.xml
,PM 1:33,선우,그냥 부질없다고 생각하지 말쟈,C:\Users\yuyao\Desktop\fromm抓取\fromm_dump\03\window_0083.xml
,PM 1:37,선우,내 삶에 정답이 뭘지를 생각하면 항상 깊은 구렁텅이에 빠져버리는 기분이야,C:\Users\yuyao\Desktop\fromm抓取\fromm_dump\03\window_0083.xml
,PM 1:40,선우,삶에 정답은 없으니까 더비가 생각하는 대로 맞다고 생각하는 대로 잘 해나가길 바라!!,C:\Users\yuyao\Desktop\fromm抓取\fromm_dump\03\window_0083.xml
,PM 1:40,선우,남과 비교하지말고💕,C:\Users\yuyao\Desktop\fromm抓取\fromm_dump\03\window_0084.xml
,PM 1:44,선우,나보다 더비들이 더 힘들 거라고 생각해,C:\Users\yuyao\Desktop\fromm抓取\fromm_dump\03\window_0084.xml
,PM 1:45,선우,안 힘들면 다행이구💕💕,C:\Users\yuyao\Desktop\fromm抓取\fromm_dump\03\window_0084.xml
,PM 1:45,선우,일 끝나고 소파에 누워서 에어컨 틀고 티비 보는 게 요즘 젤 큰 행복임,C:\Users\yuyao\Desktop\fromm抓取\fromm_dump\03\window_0084.xml
,,선우,더비는 요즘 므ㅓ가 행복해,C:\Users\yuyao\Desktop\fromm抓取\fromm_dump\03\window_0084.xml
,PM 1:45,선우,더비는 요즘 므ㅓ가 행복해,C:\Users\yuyao\Desktop\fromm抓取\fromm_dump\03\window_0085.xml
,PM 1:46,선우,행복이 다 소소해서 너무 귀염다,C:\Users\yuyao\Desktop\fromm抓取\fromm_dump\03\window_0085.xml
,PM 1:48,선우,그런 소소하지만 큰행복들이 더비 곁에서 멀어지지 않길🙏,C:\Users\yuyao\Desktop\fromm抓取\fromm_dump\03\window_0085.xml
,PM 1:52,선우,더비 가끔 오는 큰 행복보다 자주 소소하게  행복을 느끼는 게 제일 중요해요!!,C:\Users\yuyao\Desktop\fromm抓取\fromm_dump\03\window_0085.xml
,PM 1:52,선우,입 밖으로 내가 편할 때 기분 좋을 땨,C:\Users\yuyao\Desktop\fromm抓取\fromm_dump\03\window_0086.xml
,PM 1:52,선우,아 행복하다,C:\Users\yuyao\Desktop\fromm抓取\fromm_dump\03\window_0086.xml
,PM 1:52,선우,라고 소리내서 얘기하는 걸 습관화 해봐여,C:\Users\yuyao\Desktop\fromm抓取\fromm_dump\03\window_0086.xml
,PM 1:53,선우,화날 때 짜증날 때는 표출하지만 행복은 눈치를 우리가 잘 못채잖아여,C:\Users\yuyao\Desktop\fromm抓取\fromm_dump\03\window_0086.xml
,,선우,그러니까 기분 좋을 때 행복하다 라고 우리가 발견해주자구여,C:\Users\yuyao\Desktop\fromm抓取\fromm_dump\03\window_0086.xml
,PM 1:53,선우,그러니까 기분 좋을 때 행복하다 라고 우리가 발견해주자구여,C:\Users\yuyao\Desktop\fromm抓取\fromm_dump\03\window_0087.xml
,PM 1:54,선우,지금 얘기해봐 입밖으로 행복해..ㅎㅎ 라고,C:\Users\yuyao\Desktop\fromm抓取\fromm_dump\03\window_0087.xml
,PM 1:54,선우,그럼 웃음 나왕,C:\Users\yuyao\Desktop\fromm抓取\fromm_dump\03\window_0087.xml
,PM 1:54,선우,헤헤,C:\Users\yuyao\Desktop\fromm抓取\fromm_dump\03\window_0087.xml
,PM 1:58,선우,알라뷰,C:\Users\yuyao\Desktop\fromm抓取\fromm_dump\03\window_0087.xml
,PM 2:00,선우,감자많이먹어라 ㅋ,C:\Users\yuyao\Desktop\fromm抓取\fromm_dump\03\window_0088.xml
,PM 9:06,선우,오늘 티저 뜬다!!,C:\Users\yuyao\Desktop\fromm抓取\fromm_dump\03\window_0088.xml
,PM 9:06,선우,많관부🥰🥰,C:\Users\yuyao\Desktop\fromm抓取\fromm_dump\03\window_0088.xml
,PM 9:06,선우,미리 봤는데 춤 좀 나오더라,C:\Users\yuyao\Desktop\fromm抓取\fromm_dump\03\window_0088.xml
,PM 9:07,선우,뮤비찍고 모니터링 할 때 멋있긴 했어,C:\Users\yuyao\Desktop\fromm抓取\fromm_dump\03\window_0089.xml
,PM 9:15,선우,오늘 하루 잘 보냈어?,C:\Users\yuyao\Desktop\fromm抓取\fromm_dump\03\window_0089.xml
,PM 7:59,선우,[media/no text],C:\Users\yuyao\Desktop\fromm抓取\fromm_dump\03\window_0090.xml
,PM 7:59,선우,얘 왤케 꼬질하게,C:\Users\yuyao\Desktop\fromm抓取\fromm_dump\03\window_0090.xml
,PM 7:59,선우,생겼냐,C:\Users\yuyao\Desktop\fromm抓取\fromm_dump\03\window_0090.xml
,PM 8:55,선우,더비 ㅛㅏ랑해!!!!!,C:\Users\yuyao\Desktop\fromm抓取\fromm_dump\03\window_0091.xml
,PM 8:55,선우,사!,C:\Users\yuyao\Desktop\fromm抓取\fromm_dump\03\window_0091.xml
,PM 6:47,선우,더비 마이 아낀다!!!!!!!!,C:\Users\yuyao\Desktop\fromm抓取\fromm_dump\03\window_0091.xml
,PM 6:56,선우,오늘 남은 하루도 힘내,C:\Users\yuyao\Desktop\fromm抓取\fromm_dump\03\window_0091.xml
,,선우,나는 스케줄 끝나고 집가서 못 잔 잠 얼른,C:\Users\yuyao\Desktop\fromm抓取\fromm_dump\03\window_0091.xml
,PM 6:56,선우,나는 스케줄 끝나고 집가서 못 잔 잠 얼른,C:\Users\yuyao\Desktop\fromm抓取\fromm_dump\03\window_0092.xml
,PM 6:56,선우,자버리려구 너무 졸려ㅓ😂,C:\Users\yuyao\Desktop\fromm抓取\fromm_dump\03\window_0092.xml
,PM 6:56,선우,더비도 더 피곤하고 힘들텐데 사랑줘서 고맙구,C:\Users\yuyao\Desktop\fromm抓取\fromm_dump\03\window_0092.xml
,PM 6:56,선우,내가 푹 자고 또 사랑 많이 나눠줄게!!!💕,C:\Users\yuyao\Desktop\fromm抓取\fromm_dump\03\window_0092.xml
,PM 6:57,선우,우리 예쁜 더비들 좋은 하루로 마무리 하길 꼭🙏😌,C:\Users\yuyao\Desktop\fromm抓取\fromm_dump\03\window_0092.xml
,PM 3:49,선우,콘서트 온 더비 괜차나 ? 너무 덥지 그늘 같은 곳이라도 무조건 가서 쉬고 있어 차나 어디나 ㅠㅠ,C:\Users\yuyao\Desktop\fromm抓取\fromm_dump\03\window_0093.xml
,PM 3:49,선우,"왜 이런 일이 일어나는 거야 ,,",C:\Users\yuyao\Desktop\fromm抓取\fromm_dump\03\window_0093.xml
,PM 3:51,선우,우리는 콘서트 뭐 체크할 때까지 입장 못한다고 해서 얼른 샵으로 와서 마무리 헤메 준비 보고 곧 다시 드가 !!,C:\Users\yuyao\Desktop\fromm抓取\fromm_dump\03\window_0094.xml
,PM 3:52,선우,아니 그 미친 사람 때문에 공연 왔다가 못 보는 더비들도 있을 텐데,C:\Users\yuyao\Desktop\fromm抓取\fromm_dump\03\window_0094.xml
,PM 3:52,선우,왜저럴까 진짜,C:\Users\yuyao\Desktop\fromm抓取\fromm_dump\03\window_0094.xml
,PM 3:52,선우,짜증나게 하네,C:\Users\yuyao\Desktop\fromm抓取\fromm_dump\03\window_0094.xml
,PM 3:54,선우,학석인가 뭔가 하시는 분 잡히셔서 꼭 처벌 받으시길 바랍니다;,C:\Users\yuyao\Desktop\fromm抓取\fromm_dump\03\window_0095.xml
,PM 3:54,선우,더비 일단 물 많이 마시고,C:\Users\yuyao\Desktop\fromm抓取\fromm_dump\03\window_0095.xml
,PM 3:55,선우,입장가능하면 얼른 입장하고,C:\Users\yuyao\Desktop\fromm抓取\fromm_dump\03\window_0095.xml
,PM 3:55,선우,우리가 미안해 ㅜㅜ,C:\Users\yuyao\Desktop\fromm抓取\fromm_dump\03\window_0095.xml
,,선우,이따보자!! 😭💕,C:\Users\yuyao\Desktop\fromm抓取\fromm_dump\03\window_0095.xml
,PM 3:57,선우,이따보자!! 😭💕,C:\Users\yuyao\Desktop\fromm抓取\fromm_dump\03\window_0096.xml
,PM 10:50,선우,더비! 늘 우린 함께야 고맙고 사랑해,C:\Users\yuyao\Desktop\fromm抓取\fromm_dump\03\window_0096.xml
,PM 10:52,선우,우리가 가진 큰 마음을 서로에게 얼른 보여주고 더 알려주고 싶겠지만 시간이 우리 마음을 증명해줄거야 더비 앞에서 무대할 수 있는 건 너무 큰 영광이고 축복이야 고마워 내 아이돌 더비💕,C:\Users\yuyao\Desktop\fromm抓取\fromm_dump\03\window_0096.xml
,AM 8:52,선우,우리 예쁜 더비들 비 맞지마,C:\Users\yuyao\Desktop\fromm抓取\fromm_dump\03\window_0097.xml
,AM 8:52,선우,우산 챙겨☔️,C:\Users\yuyao\Desktop\fromm抓取\fromm_dump\03\window_0097.xml
,PM 10:09,선우,[media/no text],C:\Users\yuyao\Desktop\fromm抓取\fromm_dump\03\window_0098.xml
,PM 10:09,선우,체리포장이요 ~🍒,C:\Users\yuyao\Desktop\fromm抓取\fromm_dump\03\window_0101.xml
,PM 10:15,선우,[media/no text],C:\Users\yuyao\Desktop\fromm抓取\fromm_dump\03\window_0102.xml
,PM 10:16,선우,블러셔 서누,C:\Users\yuyao\Desktop\fromm抓取\fromm_dump\03\window_0104.xml
,PM 10:16,선우,[media/no text],C:\Users\yuyao\Desktop\fromm抓取\fromm_dump\03\window_0104.xml
,PM 10:16,선우,핸드마이크 자랑 서누,C:\Users\yuyao\Desktop\fromm抓取\fromm_dump\03\window_0105.xml
,PM 10:17,선우,[media/no text],C:\Users\yuyao\Desktop\fromm抓取\fromm_dump\03\window_0106.xml
,PM 10:17,선우,거울샷 서누,C:\Users\yuyao\Desktop\fromm抓取\fromm_dump\03\window_0107.xml
,PM 3:16,선우,더비 오늘도 쫀하루🍒💕💕💕💕💕,C:\Users\yuyao\Desktop\fromm抓取\fromm_dump\03\window_0108.xml
,PM 3:17,선우,밥 머거 똥깨야,C:\Users\yuyao\Desktop\fromm抓取\fromm_dump\03\window_0108.xml
,PM 3:17,선우,💕💕,C:\Users\yuyao\Desktop\fromm抓取\fromm_dump\03\window_0108.xml
,,선우,오늘 억수로,C:\Users\yuyao\Desktop\fromm抓取\fromm_dump\03\window_0108.xml
,PM 1:30,선우,오늘 억수로,C:\Users\yuyao\Desktop\fromm抓取\fromm_dump\03\window_0109.xml
,PM 1:30,선우,덥다!!!!!!!!!!!!!!,C:\Users\yuyao\Desktop\fromm抓取\fromm_dump\03\window_0109.xml
,PM 1:30,선우,밖에 잠깐 서 있었는데,C:\Users\yuyao\Desktop\fromm抓取\fromm_dump\03\window_0109.xml
,PM 1:30,선우,주거따,C:\Users\yuyao\Desktop\fromm抓取\fromm_dump\03\window_0109.xml
,AM 3:12,선우,사랑해 잘 자,C:\Users\yuyao\Desktop\fromm抓取\fromm_dump\03\window_0109.xml
,AM 3:13,선우,☔️💕✨,C:\Users\yuyao\Desktop\fromm抓取\fromm_dump\03\window_0110.xml
,AM 3:13,선우,낼 다시 올게!🫶,C:\Users\yuyao\Desktop\fromm抓取\fromm_dump\03\window_0110.xml
,AM 3:13,선우,굿나잇🤤,C:\Users\yuyao\Desktop\fromm抓取\fromm_dump\03\window_0110.xml
,AM 1:04,선우,나 밤낮 바뀌어서 시차 맞추려고 저녁까지 버티려고 했는데ㅋ,C:\Users\yuyao\Desktop\fromm抓取\fromm_dump\03\window_0110.xml
,AM 1:04,선우,5시까지 버티다가,C:\Users\yuyao\Desktop\fromm抓取\fromm_dump\03\window_0111.xml
,AM 1:04,선우,지금 눈떠서,C:\Users\yuyao\Desktop\fromm抓取\fromm_dump\03\window_0111.xml
,AM 1:04,선우,다시 밤낮 바뀜,C:\Users\yuyao\Desktop\fromm抓取\fromm_dump\03\window_0111.xml
,AM 1:21,선우,"다시 자려구 해보께 ,,,ㅠㅜ 😩 밤낮 맞춰야해서  잉,,.",C:\Users\yuyao\Desktop\fromm抓取\fromm_dump\03\window_0111.xml
,AM 8:35,선우,어제 천둥번개,C:\Users\yuyao\Desktop\fromm抓取\fromm_dump\03\window_0112.xml
,AM 8:35,선우,엄첨 쳤오!!!!!!!!!!,C:\Users\yuyao\Desktop\fromm抓取\fromm_dump\03\window_0112.xml
,PM 10:50,선우,벌써 9월이당 ㅎㅎㅎ,C:\Users\yuyao\Desktop\fromm抓取\fromm_dump\03\window_0113.xml
,PM 10:50,선우,9월도 잘 부탁해!!!!!💕,C:\Users\yuyao\Desktop\fromm抓取\fromm_dump\03\window_0113.xml
,PM 10:55,선우,[media/no text],C:\Users\yuyao\Desktop\fromm抓取\fromm_dump\03\window_0114.xml
,PM 10:55,선우,잘부탁핑,C:\Users\yuyao\Desktop\fromm抓取\fromm_dump\03\window_0117.xml
,PM 10:56,선우,옛날 사진 ㅋㅋ 근데 이제 흑발 해야제,C:\Users\yuyao\Desktop\fromm抓取\fromm_dump\03\window_0117.xml
,PM 10:56,선우,빨머 이제 못견뎌!,C:\Users\yuyao\Desktop\fromm抓取\fromm_dump\03\window_0117.xml
,PM 10:56,선우,잘 가 빨머야,C:\Users\yuyao\Desktop\fromm抓取\fromm_dump\03\window_0117.xml
,,선우,즐거웠다,C:\Users\yuyao\Desktop\fromm抓取\fromm_dump\03\window_0117.xml
,PM 10:56,선우,즐거웠다,C:\Users\yuyao\Desktop\fromm抓取\fromm_dump\03\window_0118.xml
,PM 10:57,선우,이미 머리 짧은데 자꾸 자르라하네,C:\Users\yuyao\Desktop\fromm抓取\fromm_dump\03\window_0118.xml
,PM 10:57,선우,더 자르면 상연이형 보러 가는 거야,C:\Users\yuyao\Desktop\fromm抓取\fromm_dump\03\window_0118.xml
,PM 10:58,선우,앞머리도 짧아 다 끊어져서,C:\Users\yuyao\Desktop\fromm抓取\fromm_dump\03\window_0118.xml
,PM 10:58,선우,ㅋㅋㅋㅋㅋ,C:\Users\yuyao\Desktop\fromm抓取\fromm_dump\03\window_0118.xml
,PM 10:58,선우,처피뱅🤤,C:\Users\yuyao\Desktop\fromm抓取\fromm_dump\03\window_0119.xml
,PM 2:37,선우,모해~,C:\Users\yuyao\Desktop\fromm抓取\fromm_dump\03\window_0119.xml
,PM 2:37,선우,모해 큥,C:\Users\yuyao\Desktop\fromm抓取\fromm_dump\03\window_0119.xml
,PM 2:37,선우,모해모해 큥🫶✨,C:\Users\yuyao\Desktop\fromm抓取\fromm_dump\03\window_0119.xml
,PM 2:41,선우,나는 팬싸 끝났는데,C:\Users\yuyao\Desktop\fromm抓取\fromm_dump\03\window_0120.xml
,PM 2:41,선우,차가 안 와서,C:\Users\yuyao\Desktop\fromm抓取\fromm_dump\03\window_0120.xml
,PM 2:41,선우,기다리는 중,C:\Users\yuyao\Desktop\fromm抓取\fromm_dump\03\window_0120.xml
,PM 2:44,선우,[media/no text],C:\Users\yuyao\Desktop\fromm抓取\fromm_dump\03\window_0121.xml
,PM 2:44,선우,이에로 사이다 있나여?,C:\Users\yuyao\Desktop\fromm抓取\fromm_dump\03\window_0121.xml
,PM 1:42,선우,영통이나 팬싸할때마다 느끼지만 오는 더비들도 못 오는 더비들도 있을 텐데 하나같이 다 사랑스럽당 ㅎㅎ,C:\Users\yuyao\Desktop\fromm抓取\fromm_dump\03\window_0121.xml
,PM 1:42,선우,요즘 유일하게 웃는 이유가 더비인 듯💕💕,C:\Users\yuyao\Desktop\fromm抓取\fromm_dump\03\window_0122.xml
,PM 1:43,선우,그냥 웃기고 재밌고 사랑이 많아서 참,C:\Users\yuyao\Desktop\fromm抓取\fromm_dump\03\window_0122.xml
,PM 1:43,선우,사랑스럽달까 갑자기,C:\Users\yuyao\Desktop\fromm抓取\fromm_dump\03\window_0122.xml
,PM 1:43,선우,덥차오르네 ㅋ,C:\Users\yuyao\Desktop\fromm抓取\fromm_dump\03\window_0122.xml
,PM 1:43,선우,원래부터 느꼈지만,C:\Users\yuyao\Desktop\fromm抓取\fromm_dump\03\window_0124.xml
,PM 1:44,선우,마니 웃어 더비들 때매 고마오💕,C:\Users\yuyao\Desktop\fromm抓取\fromm_dump\03\window_0124.xml
,PM 1:44,선우,그냥 다 고마어 든든하구 사랑스럽구 더비랑 있으면 못할게 뭐가 있나 싶다!!!!!!,C:\Users\yuyao\Desktop\fromm抓取\fromm_dump\03\window_0124.xml
,PM 2:01,선우,우리 더비들은 어쩜 이럴까,C:\Users\yuyao\Desktop\fromm抓取\fromm_dump\03\window_0124.xml
,,선우,혐오가 넘치는 세상에서 누군가에게 사랑을 주려고 노력하는 사람들이 우리 더비들이라는 게 참 기특하고 멋지고 닮고 싶어,C:\Users\yuyao\Desktop\fromm抓取\fromm_dump\03\window_0124.xml
,PM 2:02,선우,혐오가 넘치는 세상에서 누군가에게 사랑을 주려고 노력하는 사람들이 우리 더비들이라는 게 참 기특하고 멋지고 닮고 싶어,C:\Users\yuyao\Desktop\fromm抓取\fromm_dump\03\window_0125.xml
,PM 2:02,선우,너무 멋있어,C:\Users\yuyao\Desktop\fromm抓取\fromm_dump\03\window_0125.xml
,PM 2:02,선우,우리 더비 같은 사람들이 있기에 세상이 그래도 이렇게 유지되는 거 아닌가 싶을 정도로,C:\Users\yuyao\Desktop\fromm抓取\fromm_dump\03\window_0125.xml
,PM 2:03,선우,사랑을 말해줘서 고마워요!!!,C:\Users\yuyao\Desktop\fromm抓取\fromm_dump\03\window_0125.xml
,PM 2:04,선우,밥 많이 먹고 일요일인데 쉬는 더비도 일하는 더비도 있겠지만 오늘도 좋은 하루 보내자💕 예쁜 것만 보고 듣는 하루 되길 바라💕💕 이따 저녁에 또 안부 전하러 찾아올게요 사랑합니다🥰🫶,C:\Users\yuyao\Desktop\fromm抓取\fromm_dump\03\window_0126.xml
,PM 11:25,선우,저는일정이 끝나고,C:\Users\yuyao\Desktop\fromm抓取\fromm_dump\03\window_0126.xml
,PM 11:25,선우,기절할 준비,C:\Users\yuyao\Desktop\fromm抓取\fromm_dump\03\window_0126.xml
,PM 11:25,선우,완,C:\Users\yuyao\Desktop\fromm抓取\fromm_dump\03\window_0126.xml
,PM 11:32,선우,우리 같이 기잘해버리자,C:\Users\yuyao\Desktop\fromm抓取\fromm_dump\03\window_0127.xml
,PM 11:36,선우,오늘도 꼭 잘자구,C:\Users\yuyao\Desktop\fromm抓取\fromm_dump\03\window_0127.xml
,PM 11:36,선우,조흔꿈꾸자💕💕💕,C:\Users\yuyao\Desktop\fromm抓取\fromm_dump\03\window_0127.xml
,AM 2:11,선우,뜬금없긴 한데,C:\Users\yuyao\Desktop\fromm抓取\fromm_dump\03\window_0127.xml
,AM 2:12,선우,나 필립스에서 최신 면도기 선물 받았다,C:\Users\yuyao\Desktop\fromm抓取\fromm_dump\03\window_0128.xml
,AM 2:12,선우,ㅋㅋㅋㅋㅋㅋㅋㅋㅋ,C:\Users\yuyao\Desktop\fromm抓取\fromm_dump\03\window_0128.xml
,AM 2:12,선우,"거의 백만원짜리,,",C:\Users\yuyao\Desktop\fromm抓取\fromm_dump\03\window_0128.xml
,AM 2:12,선우,미국에 있을 때 개인라이브 할 건데 면도방송 해드림 ㅋㅋㅋ,C:\Users\yuyao\Desktop\fromm抓取\fromm_dump\03\window_0128.xml
,AM 2:13,선우,[media/no text],C:\Users\yuyao\Desktop\fromm抓取\fromm_dump\03\window_0129.xml
,AM 2:13,선우,우리 더비들 면도할 땐 필립스 쓰자!,C:\Users\yuyao\Desktop\fromm抓取\fromm_dump\03\window_0129.xml
,AM 2:13,선우,ㅋㅋㅋㅋㅋㅋㅋㅋ 나는 공연 준비할 거야💕,C:\Users\yuyao\Desktop\fromm抓取\fromm_dump\03\window_0130.xml
,AM 9:13,선우,자 선물,C:\Users\yuyao\Desktop\fromm抓取\fromm_dump\03\window_0130.xml
,PM 12:33,선우,밥을 얻어먹어버렸습니다,C:\Users\yuyao\Desktop\fromm抓取\fromm_dump\03\window_0133.xml
,PM 12:33,선우,소식을 듣고 더비 테이블 결제 바로 했는데,C:\Users\yuyao\Desktop\fromm抓取\fromm_dump\03\window_0133.xml
,PM 12:35,선우,"저희는 450불 을 먹었는데 더비분들은 35불 나왔습니다,.",C:\Users\yuyao\Desktop\fromm抓取\fromm_dump\03\window_0133.xml
,,선우,ㅋㅌㅌㅋㅋㅋㅋㅋㅋㅋㅋ 이건 안된다고 결제취소 시켞눈대 사장님이랑 더비들이 안된다 해서 그 감사함 마음 이어받아 많은 더비들에게 더 베풀겠습니다... 감사합니다..,C:\Users\yuyao\Desktop\fromm抓取\fromm_dump\03\window_0133.xml
,PM 12:36,선우,ㅋㅌㅌㅋㅋㅋㅋㅋㅋㅋㅋ 이건 안된다고 결제취소 시켞눈대 사장님이랑 더비들이 안된다 해서 그 감사함 마음 이어받아 많은 더비들에게 더 베풀겠습니다... 감사합니다..,C:\Users\yuyao\Desktop\fromm抓取\fromm_dump\03\window_0134.xml
,PM 12:37,선우,미안하네 ㅋㅋㅋ ㅜ  다음부턴 절대로 저어어어어어어얼대로 우연으로 본다고 해도 결제 저어ㅓ어어어어어어얼대로 하지 마십쇼 사랑스런 더비님들!!!!!,C:\Users\yuyao\Desktop\fromm抓取\fromm_dump\03\window_0134.xml
,PM 12:37,선우,우리에겐 법카가 있답니다!!!!!!!!!!!!!!!!!,C:\Users\yuyao\Desktop\fromm抓取\fromm_dump\03\window_0134.xml
,,선우,더비님들의 권력은 한 번으로 족하니 오늘은 넘 감사했어요💕💕,C:\Users\yuyao\Desktop\fromm抓取\fromm_dump\03\window_0134.xml
,PM 12:38,선우,더비님들의 권력은 한 번으로 족하니 오늘은 넘 감사했어요💕💕,C:\Users\yuyao\Desktop\fromm抓取\fromm_dump\03\window_0135.xml
,PM 12:38,선우,더 베푸는 덥즈가 되도록 할게여!!!🤤🤭💕🫶,C:\Users\yuyao\Desktop\fromm抓取\fromm_dump\03\window_0135.xml
,PM 12:43,선우,[media/no text],C:\Users\yuyao\Desktop\fromm抓取\fromm_dump\03\window_0137.xml
,PM 12:47,선우,[media/no text],C:\Users\yuyao\Desktop\fromm抓取\fromm_dump\03\window_0143.xml
,PM 12:47,선우,첫출근이라 가5잡고 회사 가는 신입사원,C:\Users\yuyao\Desktop\fromm抓取\fromm_dump\03\window_0144.xml
,PM 12:48,선우,저래놓고 가서 하는 일 가오있게 커피 타기~!,C:\Users\yuyao\Desktop\fromm抓取\fromm_dump\03\window_0144.xml
,PM 12:50,선우,사수님 저는 카페라떼요!,C:\Users\yuyao\Desktop\fromm抓取\fromm_dump\03\window_0144.xml
,PM 12:51,선우,"아아는 제가 못마셔서.. 헤헤 
근데 왜그렇게 쳐다보세여??  ㅎㅎ",C:\Users\yuyao\Desktop\fromm抓取\fromm_dump\03\window_0144.xml
,,선우,이런 신입 어때,C:\Users\yuyao\Desktop\fromm抓取\fromm_dump\03\window_0144.xml
,PM 12:52,선우,이런 신입 어때,C:\Users\yuyao\Desktop\fromm抓取\fromm_dump\03\window_0145.xml
,PM 12:52,선우,말씀하신 서류 분쇄기에 갈고 왔어요!!,C:\Users\yuyao\Desktop\fromm抓取\fromm_dump\03\window_0145.xml
,PM 12:53,선우,아 복사기였구나 ㅠㅠ,C:\Users\yuyao\Desktop\fromm抓取\fromm_dump\03\window_0145.xml
,PM 12:55,선우,지금까지 선우가 직장인이라면? 을 체험해보았눈데요,C:\Users\yuyao\Desktop\fromm抓取\fromm_dump\03\window_0145.xml
,PM 12:55,선우,그냥 음악할게요~!💕,C:\Users\yuyao\Desktop\fromm抓取\fromm_dump\03\window_0145.xml
,PM 12:59,선우,ʕ•ﻌ•ʔฅ,C:\Users\yuyao\Desktop\fromm抓取\fromm_dump\03\window_0146.xml
,PM 1:00,선우,@,C:\Users\yuyao\Desktop\fromm抓取\fromm_dump\03\window_0146.xml
,PM 1:00,선우,@@,C:\Users\yuyao\Desktop\fromm抓取\fromm_dump\03\window_0146.xml
,PM 1:00,선우,ʕ•ﻌ•ʔฅ,C:\Users\yuyao\Desktop\fromm抓取\fromm_dump\03\window_0146.xml
,PM 1:01,선우,ʕ•ﻌ•ʔฅ안ㄴ녕,C:\Users\yuyao\Desktop\fromm抓取\fromm_dump\03\window_0146.xml
,PM 1:01,선우,ʕ•ﻌ•ʔฅ씨,C:\Users\yuyao\Desktop\fromm抓取\fromm_dump\03\window_0147.xml
,PM 1:01,선우,ʕ•ﻌ•ʔฅ님,C:\Users\yuyao\Desktop\fromm抓取\fromm_dump\03\window_0147.xml
,PM 1:01,선우,더비가 귀칼의 주 라면 무슨 호흡을 쓸 건가요,C:\Users\yuyao\Desktop\fromm抓取\fromm_dump\03\window_0147.xml
,PM 1:02,선우,귀칼 안 본 사람 어ㅐ이리 많아,C:\Users\yuyao\Desktop\fromm抓取\fromm_dump\03\window_0147.xml
,PM 1:02,선우,미츼겠다 진짜,C:\Users\yuyao\Desktop\fromm抓取\fromm_dump\03\window_0148.xml
,PM 1:02,선우,"하,,",C:\Users\yuyao\Desktop\fromm抓取\fromm_dump\03\window_0148.xml
,PM 1:03,선우,귀칼 안보는 사람들 내가 이쁜 캐릭터 시켜줄게,C:\Users\yuyao\Desktop\fromm抓取\fromm_dump\03\window_0148.xml
,PM 1:03,선우,오니 라고 젤 예쁘니 캐릭터야,C:\Users\yuyao\Desktop\fromm抓取\fromm_dump\03\window_0148.xml
,,선우,너 해,C:\Users\yuyao\Desktop\fromm抓取\fromm_dump\03\window_0148.xml
,PM 1:03,선우,너 해,C:\Users\yuyao\Desktop\fromm抓取\fromm_dump\03\window_0149.xml
,PM 1:04,선우,나는 텐겐이라고 엄청 못난 괴물할게 ㅠㅠ,C:\Users\yuyao\Desktop\fromm抓取\fromm_dump\03\window_0149.xml
,PM 1:05,선우,뭔지 아네;,C:\Users\yuyao\Desktop\fromm抓取\fromm_dump\03\window_0149.xml
,PM 1:10,선우,아 근대,C:\Users\yuyao\Desktop\fromm抓取\fromm_dump\03\window_0149.xml
,PM 1:11,선우,진짜 바로 잠들 것 같다,C:\Users\yuyao\Desktop\fromm抓取\fromm_dump\03\window_0149.xml
,PM 1:11,선우,나 씻고,C:\Users\yuyao\Desktop\fromm抓取\fromm_dump\03\window_0150.xml
,PM 1:11,선우,기절한다,C:\Users\yuyao\Desktop\fromm抓取\fromm_dump\03\window_0150.xml
,PM 1:11,선우,먼저,C:\Users\yuyao\Desktop\fromm抓取\fromm_dump\03\window_0150.xml
,PM 1:11,선우,모든 힘이 다 빠졌어,C:\Users\yuyao\Desktop\fromm抓取\fromm_dump\03\window_0150.xml
,PM 1:11,선우,지금도 액체괴물처럼 쓰러져서 보내는 중이야,C:\Users\yuyao\Desktop\fromm抓取\fromm_dump\03\window_0150.xml
,PM 1:11,선우,씻기 귀찮다,C:\Users\yuyao\Desktop\fromm抓取\fromm_dump\03\window_0151.xml
,PM 1:11,선우,그래도 씻어야겠지,C:\Users\yuyao\Desktop\fromm抓取\fromm_dump\03\window_0151.xml
,PM 1:11,선우,한번만 씻지말까,C:\Users\yuyao\Desktop\fromm抓取\fromm_dump\03\window_0151.xml
,PM 1:11,선우,에이 그래도 콘서트 했는데,C:\Users\yuyao\Desktop\fromm抓取\fromm_dump\03\window_0151.xml
,PM 1:12,선우,근데 너무 졸린데,C:\Users\yuyao\Desktop\fromm抓取\fromm_dump\03\window_0151.xml
,PM 1:12,선우,"하,,",C:\Users\yuyao\Desktop\fromm抓取\fromm_dump\03\window_0152.xml
,PM 1:12,선우,핸드폰 좋게 내는 거 말고 자동으로 씻어지는 기계 개발해주세요,C:\Users\yuyao\Desktop\fromm抓取\fromm_dump\03\window_0152.xml
,PM 1:13,선우,문과가 상상하면 이과님들이 실행시켜주세요,C:\Users\yuyao\Desktop\fromm抓取\fromm_dump\03\window_0152.xml
,PM 1:13,선우,아잉,C:\Users\yuyao\Desktop\fromm抓取\fromm_dump\03\window_0152.xml
,PM 1:14,선우,하지만 난 예체능,C:\Users\yuyao\Desktop\fromm抓取\fromm_dump\03\window_0153.xml
,PM 1:15,선우,씻고올게 이쁜 오니야💕 ㅜㅜ,C:\Users\yuyao\Desktop\fromm抓取\fromm_dump\03\window_0153.xml
,PM 1:15,선우,귀찮다 ㅠㅠ,C:\Users\yuyao\Desktop\fromm抓取\fromm_dump\03\window_0153.xml
,PM 1:15,선우,오니가 졸리면?,C:\Users\yuyao\Desktop\fromm抓取\fromm_dump\03\window_0153.xml
,PM 1:16,선우,잠오니,C:\Users\yuyao\Desktop\fromm抓取\fromm_dump\03\window_0153.xml
,PM 1:16,선우,오니가 샐러드 만들면,C:\Users\yuyao\Desktop\fromm抓取\fromm_dump\03\window_0154.xml
,PM 1:16,선우,마카로오니 샐러드 ~!,C:\Users\yuyao\Desktop\fromm抓取\fromm_dump\03\window_0154.xml
,PM 1:17,선우,오니가 허세부리면,C:\Users\yuyao\Desktop\fromm抓取\fromm_dump\03\window_0154.xml
,PM 1:17,선우,가오니~?,C:\Users\yuyao\Desktop\fromm抓取\fromm_dump\03\window_0154.xml
,PM 1:17,선우,오니가 기다리면!!,C:\Users\yuyao\Desktop\fromm抓取\fromm_dump\03\window_0154.xml
,PM 1:17,선우,언제오니~💕,C:\Users\yuyao\Desktop\fromm抓取\fromm_dump\03\window_0155.xml
,PM 1:18,선우,웅 씻을게,C:\Users\yuyao\Desktop\fromm抓取\fromm_dump\03\window_0155.xml
,PM 1:19,선우,"ㅋㅋㅋㅋㅋㅋㅋ  응 얼른 씻을게,, ㅜㅡㅜ",C:\Users\yuyao\Desktop\fromm抓取\fromm_dump\03\window_0155.xml
,PM 1:19,선우,에휴,C:\Users\yuyao\Desktop\fromm抓取\fromm_dump\03\window_0155.xml
,,선우,시간끌만큼 끌었다,C:\Users\yuyao\Desktop\fromm抓取\fromm_dump\03\window_0155.xml
,PM 1:19,선우,시간끌만큼 끌었다,C:\Users\yuyao\Desktop\fromm抓取\fromm_dump\03\window_0156.xml
,PM 1:19,선우,간다 안 씻어도 지금 내 몸에서 향기나지만,C:\Users\yuyao\Desktop\fromm抓取\fromm_dump\03\window_0156.xml
,PM 1:20,선우,사실 삼겹살 향이지만,C:\Users\yuyao\Desktop\fromm抓取\fromm_dump\03\window_0156.xml
,PM 1:20,선우,씻을게!!!!!!!!!!!!!,C:\Users\yuyao\Desktop\fromm抓取\fromm_dump\03\window_0156.xml
,PM 1:20,선우,시끄러,C:\Users\yuyao\Desktop\fromm抓取\fromm_dump\03\window_0156.xml
,PM 1:20,선우,더비는 왱케 귀엽니?,C:\Users\yuyao\Desktop\fromm抓取\fromm_dump\03\window_0157.xml
,PM 1:21,선우,봐준다 여러번,C:\Users\yuyao\Desktop\fromm抓取\fromm_dump\03\window_0157.xml
,PM 1:21,선우,내가~,C:\Users\yuyao\Desktop\fromm抓取\fromm_dump\03\window_0157.xml
,PM 1:21,선우,지금 샴푸 중,C:\Users\yuyao\Desktop\fromm抓取\fromm_dump\03\window_0157.xml
,PM 1:22,선우,양치도 같이 하는 스킬,C:\Users\yuyao\Desktop\fromm抓取\fromm_dump\03\window_0157.xml
,PM 1:22,선우,상상으로 씻어도 씻는 거에오,C:\Users\yuyao\Desktop\fromm抓取\fromm_dump\03\window_0158.xml
,PM 1:22,선우,하 진짜 간다 찾지마라,C:\Users\yuyao\Desktop\fromm抓取\fromm_dump\03\window_0158.xml
,PM 1:22,선우,ㅃ,C:\Users\yuyao\Desktop\fromm抓取\fromm_dump\03\window_0158.xml
,PM 1:23,선우,아아아아ㅏ아아ㅏ아아이아아ㅣ이아 귀찮아!!!!!‘ㅜㅏㅜㅜㅜㅜㅜ!!!!!!!!!!!!!!!!!!!!!!!!!!!!!!!,C:\Users\yuyao\Desktop\fromm抓取\fromm_dump\03\window_0158.xml
,,선우,돌아와서 남길게여,C:\Users\yuyao\Desktop\fromm抓取\fromm_dump\03\window_0158.xml
,PM 1:23,선우,돌아와서 남길게여,C:\Users\yuyao\Desktop\fromm抓取\fromm_dump\03\window_0159.xml
,PM 1:23,선우,뿅,C:\Users\yuyao\Desktop\fromm抓取\fromm_dump\03\window_0159.xml
,PM 1:24,선우,뿅이 왜 ㅋ큐형 꺼야 내껀데,C:\Users\yuyao\Desktop\fromm抓取\fromm_dump\03\window_0159.xml
,PM 1:24,선우,아 김선우 말 그만하고 가라,C:\Users\yuyao\Desktop\fromm抓取\fromm_dump\03\window_0159.xml
,PM 1:24,선우,오ㅑ그러냐?,C:\Users\yuyao\Desktop\fromm抓取\fromm_dump\03\window_0159.xml
,,선우,웅 갈게 서누야,C:\Users\yuyao\Desktop\fromm抓取\fromm_dump\03\window_0159.xml
,PM 1:24,선우,웅 갈게 서누야,C:\Users\yuyao\Desktop\fromm抓取\fromm_dump\03\window_0160.xml
,PM 1:24,선우,뾹,C:\Users\yuyao\Desktop\fromm抓取\fromm_dump\03\window_0160.xml
,AM 12:55,선우,[media/no text],C:\Users\yuyao\Desktop\fromm抓取\fromm_dump\03\window_0161.xml
,AM 12:56,선우,타이거도 했어야했는데 ㅋ 까비!💕,C:\Users\yuyao\Desktop\fromm抓取\fromm_dump\03\window_0164.xml
,AM 12:57,선우,더비들 만나서 반가웠어요💕💕 이따 오후에도 행사하는데 빨리 더비 보고싶다🥰🥰,C:\Users\yuyao\Desktop\fromm抓取\fromm_dump\03\window_0165.xml
,AM 1:03,선우,나증에 나 엘에이에서 멤버들이랑 쉬는 날 놀러가서 찍은 사진도 보내주께💕 진짜 예쁜 곳 갔오!!!!!,C:\Users\yuyao\Desktop\fromm抓取\fromm_dump\03\window_0165.xml
,AM 1:04,선우,히히 늦었으니까 얼른 자💕💕 내일보자😍💕,C:\Users\yuyao\Desktop\fromm抓取\fromm_dump\03\window_0166.xml
,PM 8:14,선우,더비야 오늘도 짱많이 사랑해,C:\Users\yuyao\Desktop\fromm抓取\fromm_dump\03\window_0166.xml
,PM 8:14,선우,응원봉 짱많고 짱 예쁘고 짱 자랑스러웠어💪😁,C:\Users\yuyao\Desktop\fromm抓取\fromm_dump\03\window_0166.xml
,PM 8:14,선우,[media/no text],C:\Users\yuyao\Desktop\fromm抓取\fromm_dump\03\window_0167.xml
,PM 8:17,선우,더비는 어디가서도 내자랑으로 내놓을 수 있는 짱 예뽀니들이얌,C:\Users\yuyao\Desktop\fromm抓取\fromm_dump\03\window_0167.xml
,PM 8:17,선우,히히,C:\Users\yuyao\Desktop\fromm抓取\fromm_dump\03\window_0167.xml
,PM 8:17,선우,감자 마니 머거라,C:\Users\yuyao\Desktop\fromm抓取\fromm_dump\03\window_0167.xml
,,선우,너나 많이 먹어라!!!!!!,C:\Users\yuyao\Desktop\fromm抓取\fromm_dump\03\window_0167.xml
,PM 8:17,선우,너나 많이 먹어라!!!!!!,C:\Users\yuyao\Desktop\fromm抓取\fromm_dump\03\window_0168.xml
,PM 6:50,선우,날ㅋ시좋다!!!!!!,C:\Users\yuyao\Desktop\fromm抓取\fromm_dump\03\window_0168.xml
,PM 6:53,선우,[media/no text],C:\Users\yuyao\Desktop\fromm抓取\fromm_dump\03\window_0169.xml
,PM 6:54,선우,히히,C:\Users\yuyao\Desktop\fromm抓取\fromm_dump\03\window_0171.xml
,PM 6:54,선우,오늘 저는 한복 떠누에오,C:\Users\yuyao\Desktop\fromm抓取\fromm_dump\03\window_0171.xml
,PM 6:55,선우,[media/no text],C:\Users\yuyao\Desktop\fromm抓取\fromm_dump\03\window_0172.xml
,PM 6:55,선우,본가는 어제 잠깐 다냐왔어!,C:\Users\yuyao\Desktop\fromm抓取\fromm_dump\03\window_0172.xml
,PM 6:56,선우,가서 맛난 거 많이 먹고 왔어,C:\Users\yuyao\Desktop\fromm抓取\fromm_dump\03\window_0172.xml
,PM 6:56,선우,우리 할머니 묵은지가 말도 안되거든,C:\Users\yuyao\Desktop\fromm抓取\fromm_dump\03\window_0172.xml
,PM 6:56,선우,나는 병어조림을 어릴 때부터 좋아해서,C:\Users\yuyao\Desktop\fromm抓取\fromm_dump\03\window_0172.xml
,PM 6:56,선우,할머니가 병어조림을 또 해주셔서 세마리 없애고 왔지뭐야,C:\Users\yuyao\Desktop\fromm抓取\fromm_dump\03\window_0173.xml
,PM 6:57,선우,내가 밥 젤 많이 먹었는데 할머니는,C:\Users\yuyao\Desktop\fromm抓取\fromm_dump\03\window_0173.xml
,PM 6:57,선우,선우는 왜이렇게 입이 짧아,C:\Users\yuyao\Desktop\fromm抓取\fromm_dump\03\window_0173.xml
,PM 6:57,선우,하셔서,C:\Users\yuyao\Desktop\fromm抓取\fromm_dump\03\window_0173.xml
,PM 6:57,선우,할머니 제가 젤 많이 먹었어요,C:\Users\yuyao\Desktop\fromm抓取\fromm_dump\03\window_0174.xml
,PM 6:57,선우,하고 왔어,C:\Users\yuyao\Desktop\fromm抓取\fromm_dump\03\window_0174.xml
,PM 6:57,선우,동생은 눈썹을 밀었고,C:\Users\yuyao\Desktop\fromm抓取\fromm_dump\03\window_0174.xml
,PM 6:58,선우,눈썹 민 이유가,C:\Users\yuyao\Desktop\fromm抓取\fromm_dump\03\window_0174.xml
,PM 6:58,선우,맨날 그리다가,C:\Users\yuyao\Desktop\fromm抓取\fromm_dump\03\window_0174.xml
,PM 6:58,선우,내가 이걸 왜 그려야하지,C:\Users\yuyao\Desktop\fromm抓取\fromm_dump\03\window_0175.xml
,PM 6:58,선우,해서 밀어버렸대,C:\Users\yuyao\Desktop\fromm抓取\fromm_dump\03\window_0175.xml
,PM 6:58,선우,알파피메일 ㄷㄷ,C:\Users\yuyao\Desktop\fromm抓取\fromm_dump\03\window_0175.xml
,PM 6:59,선우,그리기 싫어서 밀어버리는 건 무슨 발상인지는 모르겠지만,C:\Users\yuyao\Desktop\fromm抓取\fromm_dump\03\window_0175.xml
,PM 6:59,선우,한층 더 힙해진 여동생과,C:\Users\yuyao\Desktop\fromm抓取\fromm_dump\03\window_0176.xml
,PM 6:59,선우,사촌들을 보고왔어,C:\Users\yuyao\Desktop\fromm抓取\fromm_dump\03\window_0176.xml
,PM 6:59,선우,내 친구는 얼마전에 군머에 들어갔는데,C:\Users\yuyao\Desktop\fromm抓取\fromm_dump\03\window_0176.xml
,PM 6:59,선우,200분의 1확률로 군악대에 합격해서,C:\Users\yuyao\Desktop\fromm抓取\fromm_dump\03\window_0176.xml
,PM 7:00,선우,기분 좋다고 카톡이 왔어,C:\Users\yuyao\Desktop\fromm抓取\fromm_dump\03\window_0176.xml
,PM 7:01,선우,울 애기는 ㅇ용돈 받고 와써?,C:\Users\yuyao\Desktop\fromm抓取\fromm_dump\03\window_0177.xml
,PM 7:03,선우,현생은 어때,C:\Users\yuyao\Desktop\fromm抓取\fromm_dump\03\window_0177.xml
,PM 7:03,선우,힘든 거 이써?,C:\Users\yuyao\Desktop\fromm抓取\fromm_dump\03\window_0177.xml
,PM 7:04,선우,"지치고 피곤하고 힘들텐데,,",C:\Users\yuyao\Desktop\fromm抓取\fromm_dump\03\window_0177.xml
,PM 7:04,선우,콘서트 때 운 거는,C:\Users\yuyao\Desktop\fromm抓取\fromm_dump\03\window_0177.xml
,PM 7:05,선우,나증에 말해주께,C:\Users\yuyao\Desktop\fromm抓取\fromm_dump\03\window_0178.xml
,PM 7:08,선우,더비 힘들텐데 담 주에 큐형이랑 라이브 하기로 해써 그때 힘 마니 마니 주도록 노력할게😁🥰,C:\Users\yuyao\Desktop\fromm抓取\fromm_dump\03\window_0178.xml
,PM 7:10,선우,투어는 우리도 못가서 슬퍼 근데 더비가 더 힘들겠지 시간 돈 다 돌려받지 못하는데 그래서 그거 생각하면 더 미안하고 힘들어 하지만 다른 방법으로 조금이나마 힘나게 해주께,C:\Users\yuyao\Desktop\fromm抓取\fromm_dump\03\window_0179.xml
,PM 7:10,선우,사랑해,C:\Users\yuyao\Desktop\fromm抓取\fromm_dump\03\window_0179.xml
,PM 7:11,선우,힘들고 슬픈 일들은 더비가 더 크게 올 텐데 늘 사랑 주러 와줘서 고맙고 늘 아껴,C:\Users\yuyao\Desktop\fromm抓取\fromm_dump\03\window_0179.xml
,,선우,오늘도 팬싸인회하는데,C:\Users\yuyao\Desktop\fromm抓取\fromm_dump\03\window_0179.xml
,PM 7:11,선우,오늘도 팬싸인회하는데,C:\Users\yuyao\Desktop\fromm抓取\fromm_dump\03\window_0180.xml
,PM 7:11,선우,예쁜 마음들을 너무 많이 주니까,C:\Users\yuyao\Desktop\fromm抓取\fromm_dump\03\window_0180.xml
,PM 7:11,선우,더비들한테 더 고맙고 그 마음들을 대표해서 말해주는 거니까 더비들이 다 보고싶더라구,C:\Users\yuyao\Desktop\fromm抓取\fromm_dump\03\window_0180.xml
,PM 7:12,선우,대단하다고 생각해 사람으로서 존경해,C:\Users\yuyao\Desktop\fromm抓取\fromm_dump\03\window_0180.xml
,,선우,근데 아무리 강해도 더비도 순두부인데 결국,C:\Users\yuyao\Desktop\fromm抓取\fromm_dump\03\window_0180.xml
,PM 7:12,선우,근데 아무리 강해도 더비도 순두부인데 결국,C:\Users\yuyao\Desktop\fromm抓取\fromm_dump\03\window_0181.xml
,PM 7:13,선우,겉바속촉 더비들 사랑해,C:\Users\yuyao\Desktop\fromm抓取\fromm_dump\03\window_0181.xml
,PM 7:13,선우,더비중에 안 강한 사람은 업서,C:\Users\yuyao\Desktop\fromm抓取\fromm_dump\03\window_0181.xml
,PM 7:14,선우,더비면 강한 거임 일단,C:\Users\yuyao\Desktop\fromm抓取\fromm_dump\03\window_0181.xml
,PM 7:14,선우,그러니까 현생도 힘내쟈,C:\Users\yuyao\Desktop\fromm抓取\fromm_dump\03\window_0181.xml
,PM 7:14,선우,사랑해 마니,C:\Users\yuyao\Desktop\fromm抓取\fromm_dump\03\window_0182.xml
,PM 7:14,선우,더비 맛난 음식 마니 먹고,C:\Users\yuyao\Desktop\fromm抓取\fromm_dump\03\window_0182.xml
,PM 7:15,선우,밥이 맛있어서 행복하고 잠 자기 전에 누워서 행복하고 씻고 나면 개운해서 행복한 하루 보내,C:\Users\yuyao\Desktop\fromm抓取\fromm_dump\03\window_0182.xml
,PM 7:15,선우,난 아돌라 준비하러 갈게 이따보자💕💕💕😁,C:\Users\yuyao\Desktop\fromm抓取\fromm_dump\03\window_0182.xml
,PM 7:15,선우,[media/no text],C:\Users\yuyao\Desktop\fromm抓取\fromm_dump\03\window_0183.xml
,PM 10:11,선우,[media/no text],C:\Users\yuyao\Desktop\fromm抓取\fromm_dump\03\window_0185.xml
,PM 10:11,선우,나중에 영상도 보내주께💕,C:\Users\yuyao\Desktop\fromm抓取\fromm_dump\03\window_0187.xml
,AM 12:36,선우,영훈이형 하,C:\Users\yuyao\Desktop\fromm抓取\fromm_dump\03\window_0187.xml
,AM 12:36,선우,내 소중한 레그스킨헤어를,C:\Users\yuyao\Desktop\fromm抓取\fromm_dump\03\window_0187.xml
,AM 12:36,선우,하,C:\Users\yuyao\Desktop\fromm抓取\fromm_dump\03\window_0187.xml
,AM 12:36,선우,진짜 어카지 저 사람,C:\Users\yuyao\Desktop\fromm抓取\fromm_dump\03\window_0188.xml
,AM 12:36,선우,진짜,C:\Users\yuyao\Desktop\fromm抓取\fromm_dump\03\window_0188.xml
,AM 12:36,선우,ㅋㅋㅋㅋㅋㅋㅋㅋㅋㅋㅋㅋㅋㅋㅋㅋㅋ,C:\Users\yuyao\Desktop\fromm抓取\fromm_dump\03\window_0188.xml
,AM 12:36,선우,아,C:\Users\yuyao\Desktop\fromm抓取\fromm_dump\03\window_0188.xml
,AM 12:37,선우,"하,,,",C:\Users\yuyao\Desktop\fromm抓取\fromm_dump\03\window_0188.xml
,AM 12:37,선우,자기 전에 생각나서,C:\Users\yuyao\Desktop\fromm抓取\fromm_dump\03\window_0189.xml
,AM 12:37,선우,보냈어,C:\Users\yuyao\Desktop\fromm抓取\fromm_dump\03\window_0189.xml
,AM 12:37,선우,",,,.",C:\Users\yuyao\Desktop\fromm抓取\fromm_dump\03\window_0189.xml
,PM 8:47,선우,더비야 비가 ㅠㅠㅠ,C:\Users\yuyao\Desktop\fromm抓取\fromm_dump\03\window_0189.xml
,PM 8:47,선우,마니 오네ㅜㅠㅠ,C:\Users\yuyao\Desktop\fromm抓取\fromm_dump\03\window_0190.xml
,PM 8:47,선우,비 맞지마 알것지,C:\Users\yuyao\Desktop\fromm抓取\fromm_dump\03\window_0190.xml
,PM 8:48,선우,추워져써 엄청,C:\Users\yuyao\Desktop\fromm抓取\fromm_dump\03\window_0190.xml
,PM 8:48,선우,따뜻하게 입고!!!!!,C:\Users\yuyao\Desktop\fromm抓取\fromm_dump\03\window_0190.xml
,PM 8:49,선우,나는 엽떡 머글거임,C:\Users\yuyao\Desktop\fromm抓取\fromm_dump\03\window_0190.xml
,PM 8:49,선우,히히,C:\Users\yuyao\Desktop\fromm抓取\fromm_dump\03\window_0191.xml
,PM 7:02,선우,춥당🤤,C:\Users\yuyao\Desktop\fromm抓取\fromm_dump\03\window_0191.xml
,PM 7:02,선우,안 추어?,C:\Users\yuyao\Desktop\fromm抓取\fromm_dump\03\window_0191.xml
,PM 8:56,선우,밥 뭇나!!!,C:\Users\yuyao\Desktop\fromm抓取\fromm_dump\03\window_0191.xml
,PM 8:57,선우,미안 내가 요며칠간 어둠의 시간을 좀 보내서,C:\Users\yuyao\Desktop\fromm抓取\fromm_dump\03\window_0192.xml
,PM 8:57,선우,다시 돌아와쪄요,C:\Users\yuyao\Desktop\fromm抓取\fromm_dump\03\window_0192.xml
,PM 8:57,선우,[media/no text],C:\Users\yuyao\Desktop\fromm抓取\fromm_dump\03\window_0192.xml
,,선우,시상식 준비하는 즁이야 우리는🫶,C:\Users\yuyao\Desktop\fromm抓取\fromm_dump\03\window_0192.xml
,PM 8:58,선우,시상식 준비하는 즁이야 우리는🫶,C:\Users\yuyao\Desktop\fromm抓取\fromm_dump\03\window_0193.xml
,PM 8:59,선우,우리는 시상식 준비 중이야🤭🫶,C:\Users\yuyao\Desktop\fromm抓取\fromm_dump\03\window_0193.xml
,AM 9:31,선우,더비 굿모닝💕💕,C:\Users\yuyao\Desktop\fromm抓取\fromm_dump\03\window_0193.xml
,AM 9:31,선우,자카르타는 8시30분이얌👋,C:\Users\yuyao\Desktop\fromm抓取\fromm_dump\03\window_0193.xml
,,선우,뱅기에서 쭉 잤는데 또 자서 자다깨다 자다깨다 반복해써,C:\Users\yuyao\Desktop\fromm抓取\fromm_dump\03\window_0193.xml
,AM 9:31,선우,뱅기에서 쭉 잤는데 또 자서 자다깨다 자다깨다 반복해써,C:\Users\yuyao\Desktop\fromm抓取\fromm_dump\03\window_0194.xml
,AM 9:32,선우,아침밥 먹어라 ㅋ,C:\Users\yuyao\Desktop\fromm抓取\fromm_dump\03\window_0194.xml
,AM 9:55,선우,나도 가서 밥 먹구 할게🤤,C:\Users\yuyao\Desktop\fromm抓取\fromm_dump\03\window_0194.xml
,,선우,오늘도 쫀 하루👋🤤,C:\Users\yuyao\Desktop\fromm抓取\fromm_dump\03\window_0194.xml
,AM 9:55,선우,오늘도 쫀 하루👋🤤,C:\Users\yuyao\Desktop\fromm抓取\fromm_dump\03\window_0195.xml
,PM 10:03,선우,뭐해 ㅎㅎ,C:\Users\yuyao\Desktop\fromm抓取\fromm_dump\03\window_0195.xml
,PM 10:03,선우,난 녹음 열시미 하는 즁,C:\Users\yuyao\Desktop\fromm抓取\fromm_dump\03\window_0195.xml
,PM 10:04,선우,[media/no text],C:\Users\yuyao\Desktop\fromm抓取\fromm_dump\03\window_0196.xml
,PM 10:04,선우,헤헤,C:\Users\yuyao\Desktop\fromm抓取\fromm_dump\03\window_0196.xml
,PM 10:05,선우,[media/no text],C:\Users\yuyao\Desktop\fromm抓取\fromm_dump\03\window_0197.xml
,PM 10:05,선우,밥 뭇나!,C:\Users\yuyao\Desktop\fromm抓取\fromm_dump\03\window_0197.xml
,PM 10:05,선우,마니 무라,C:\Users\yuyao\Desktop\fromm抓取\fromm_dump\03\window_0197.xml
,PM 10:06,선우,요즘 더비는 어때 잘 지내??,C:\Users\yuyao\Desktop\fromm抓取\fromm_dump\03\window_0198.xml
,PM 11:30,선우,으ㅡ으 왤케 추워 넘 춥다 패딩의 계절이 왔다,C:\Users\yuyao\Desktop\fromm抓取\fromm_dump\03\window_0198.xml
,PM 11:30,선우,반팔 입고 패딩 입으면 그만큼 편한게 없는데,C:\Users\yuyao\Desktop\fromm抓取\fromm_dump\03\window_0198.xml
,PM 3:15,선우,타이거,C:\Users\yuyao\Desktop\fromm抓取\fromm_dump\03\window_0198.xml
,PM 1:47,선우,🤭🫶,C:\Users\yuyao\Desktop\fromm抓取\fromm_dump\03\window_0199.xml
,PM 1:47,선우,같이 설레하고 기대해줘서 고마워,C:\Users\yuyao\Desktop\fromm抓取\fromm_dump\03\window_0199.xml
,PM 1:47,선우,내가 만든 것들 준비한 것들을 기다려주는 사람들이 있다는 건,C:\Users\yuyao\Desktop\fromm抓取\fromm_dump\03\window_0199.xml
,PM 1:47,선우,엄청난 행운이고 축복이야🥲💕,C:\Users\yuyao\Desktop\fromm抓取\fromm_dump\03\window_0199.xml
,PM 1:47,선우,사랑해요,C:\Users\yuyao\Desktop\fromm抓取\fromm_dump\03\window_0199.xml
,PM 11:10,선우,우리는 소라게 새로운 둥지를 찾아떠나요,C:\Users\yuyao\Desktop\fromm抓取\fromm_dump\03\window_0199.xml
,PM 9:01,선우,고생했어 봐주느라!!!!!,C:\Users\yuyao\Desktop\fromm抓取\fromm_dump\03\window_0200.xml
,PM 9:07,선우,더비들이 좋아하니까 좋네,C:\Users\yuyao\Desktop\fromm抓取\fromm_dump\03\window_0200.xml
,PM 9:07,선우,솔로 노래도 사진도 다 줄테니 기다려조💕,C:\Users\yuyao\Desktop\fromm抓取\fromm_dump\03\window_0200.xml
,PM 11:30,선우,사랑하는 우리 더비,C:\Users\yuyao\Desktop\fromm抓取\fromm_dump\03\window_0201.xml
,PM 11:30,선우,새해도 잘 부탁해,C:\Users\yuyao\Desktop\fromm抓取\fromm_dump\03\window_0201.xml
,PM 11:30,선우,더비가 내 복이고 행복이야,C:\Users\yuyao\Desktop\fromm抓取\fromm_dump\03\window_0201.xml
,,선우,작년은 다사다난 했지 더비들 너무 고생 많았고 우리에게 어떤 일들이 또 일어날지 앞 날은 그 누구도 모르는 거지만 함께 있으니 다 이겨낼 수 있었고 이겨낼 수 있어 💕 ! 진심으로 사랑하고 감사하고 늘 더비들을 존경해 더비가 되어줘서 고마워💕 다시 한 번 잘 부탁해요 2026!🤭,C:\Users\yuyao\Desktop\fromm抓取\fromm_dump\03\window_0201.xml
,PM 11:34,선우,작년은 다사다난 했지 더비들 너무 고생 많았고 우리에게 어떤 일들이 또 일어날지 앞 날은 그 누구도 모르는 거지만 함께 있으니 다 이겨낼 수 있었고 이겨낼 수 있어 💕 ! 진심으로 사랑하고 감사하고 늘 더비들을 존경해 더비가 되어줘서 고마워💕 다시 한 번 잘 부탁해요 2026!🤭,C:\Users\yuyao\Desktop\fromm抓取\fromm_dump\03\window_0202.xml
,AM 3:37,선우,"북치겠습니다 이렇게
하는 게 편할 듯",C:\Users\yuyao\Desktop\fromm抓取\fromm_dump\03\window_0202.xml
,AM 3:38,선우,이번에만 개 좀 북치겠습니다,C:\Users\yuyao\Desktop\fromm抓取\fromm_dump\03\window_0202.xml
,AM 3:38,선우,"소개팅 남이 다 맘에
드는데 연락할 때 이러면 어칼 거임",C:\Users\yuyao\Desktop\fromm抓取\fromm_dump\03\window_0202.xml
,AM 3:39,선우,근데 진짜 실제로 봤는데 너 스타일인데 똑똑하기도 하고 다 완벽한데,C:\Users\yuyao\Desktop\fromm抓取\fromm_dump\03\window_0203.xml
,AM 3:39,선우,진짜 맞춤법만 저러면,C:\Users\yuyao\Desktop\fromm抓取\fromm_dump\03\window_0203.xml
,AM 3:39,선우,어때,C:\Users\yuyao\Desktop\fromm抓取\fromm_dump\03\window_0203.xml
,AM 3:40,선우,오늘 식사 어떻셨어요 괜찮으셨나요.. ㅎㅎ 다음엔 저가 사겟습니다 너무 좋은 시간이엿습니다,C:\Users\yuyao\Desktop\fromm抓取\fromm_dump\03\window_0203.xml
,AM 3:40,선우,이러면 어때,C:\Users\yuyao\Desktop\fromm抓取\fromm_dump\03\window_0204.xml
,AM 3:40,선우,왜 토하냐?,C:\Users\yuyao\Desktop\fromm抓取\fromm_dump\03\window_0204.xml
,AM 3:40,선우,그냥 얘를 든 거잖아,C:\Users\yuyao\Desktop\fromm抓取\fromm_dump\03\window_0204.xml
,AM 3:41,선우,하고 얘라고,C:\Users\yuyao\Desktop\fromm抓取\fromm_dump\03\window_0204.xml
,AM 3:41,선우,쓰면,C:\Users\yuyao\Desktop\fromm抓取\fromm_dump\03\window_0204.xml
,AM 3:41,선우,어칼 거임,C:\Users\yuyao\Desktop\fromm抓取\fromm_dump\03\window_0205.xml
,AM 3:42,선우,이게 되게 큰 부분을 차지하는 구나,C:\Users\yuyao\Desktop\fromm抓取\fromm_dump\03\window_0205.xml
,AM 3:42,선우,근데 상상해보면,C:\Users\yuyao\Desktop\fromm抓取\fromm_dump\03\window_0205.xml
,AM 3:42,선우,정떨이긴 해~,C:\Users\yuyao\Desktop\fromm抓取\fromm_dump\03\window_0205.xml
,,선우,그럼 마지막으로 하나만,C:\Users\yuyao\Desktop\fromm抓取\fromm_dump\03\window_0205.xml
,AM 3:42,선우,그럼 마지막으로 하나만,C:\Users\yuyao\Desktop\fromm抓取\fromm_dump\03\window_0206.xml
,AM 3:43,선우,맞춤법 정확한데 띄어쓰기를 못하는 건?,C:\Users\yuyao\Desktop\fromm抓取\fromm_dump\03\window_0206.xml
,AM 3:44,선우,"땡땡씨오늘 저녁식사 너무맛 있게 먹었어요 다음번에 꼭다시 볼수있으면 좋겠어요 조심히
들어가 세요!!",C:\Users\yuyao\Desktop\fromm抓取\fromm_dump\03\window_0206.xml
,AM 3:45,선우,ㅋㅋㅋㅋㅋㅋㅋㅋㅋㅋㅋㅋㅋㅋㅋㅋㅋㅋㅋㅋㅋㅋㅋㅋ,C:\Users\yuyao\Desktop\fromm抓取\fromm_dump\03\window_0206.xml
,AM 3:45,선우,아 맞다 요즘,C:\Users\yuyao\Desktop\fromm抓取\fromm_dump\03\window_0207.xml
,AM 3:45,선우,아 요즘이 아니라,C:\Users\yuyao\Desktop\fromm抓取\fromm_dump\03\window_0207.xml
,AM 3:45,선우,그거 논란 있었잖아,C:\Users\yuyao\Desktop\fromm抓取\fromm_dump\03\window_0207.xml
,AM 3:45,선우,ABCD,C:\Users\yuyao\Desktop\fromm抓取\fromm_dump\03\window_0207.xml
,AM 3:46,선우,어떻게 부르는지,C:\Users\yuyao\Desktop\fromm抓取\fromm_dump\03\window_0207.xml
,AM 3:46,선우,그,C:\Users\yuyao\Desktop\fromm抓取\fromm_dump\03\window_0208.xml
,AM 3:47,선우,audio_play,C:\Users\yuyao\Desktop\fromm抓取\fromm_dump\03\window_0208.xml
,AM 3:48,선우,아,C:\Users\yuyao\Desktop\fromm抓取\fromm_dump\03\window_0208.xml
,AM 3:48,선우,잘못햤다,C:\Users\yuyao\Desktop\fromm抓取\fromm_dump\03\window_0208.xml
,AM 3:48,선우,두개 섞어서 해버림,C:\Users\yuyao\Desktop\fromm抓取\fromm_dump\03\window_0208.xml
,AM 3:49,선우,audio_play,C:\Users\yuyao\Desktop\fromm抓取\fromm_dump\03\window_0209.xml
,AM 3:51,선우,audio_play,C:\Users\yuyao\Desktop\fromm抓取\fromm_dump\03\window_0209.xml
,AM 3:53,선우,있다니까 이렇게 했던 사람들도,C:\Users\yuyao\Desktop\fromm抓取\fromm_dump\03\window_0209.xml
,AM 3:53,선우,그치,C:\Users\yuyao\Desktop\fromm抓取\fromm_dump\03\window_0209.xml
,,선우,오피 두번 나오는 사람들 다 나와 지금 옛날 사람이라고 공격 들어왔다 반격해라,C:\Users\yuyao\Desktop\fromm抓取\fromm_dump\03\window_0209.xml
,AM 3:53,선우,오피 두번 나오는 사람들 다 나와 지금 옛날 사람이라고 공격 들어왔다 반격해라,C:\Users\yuyao\Desktop\fromm抓取\fromm_dump\03\window_0210.xml
,AM 3:54,선우,..그래,C:\Users\yuyao\Desktop\fromm抓取\fromm_dump\03\window_0210.xml
,AM 3:55,선우,아하 요렇게 하는 사람 있음?,C:\Users\yuyao\Desktop\fromm抓取\fromm_dump\03\window_0210.xml
,AM 3:57,선우,audio_play,C:\Users\yuyao\Desktop\fromm抓取\fromm_dump\03\window_0210.xml
,AM 3:58,선우,아니 이건 박자가 하나 더 있잖아,C:\Users\yuyao\Desktop\fromm抓取\fromm_dump\03\window_0210.xml
,AM 3:58,선우,이게 어케 되는 겨,C:\Users\yuyao\Desktop\fromm抓取\fromm_dump\03\window_0211.xml
,AM 3:59,선우,audio_play,C:\Users\yuyao\Desktop\fromm抓取\fromm_dump\03\window_0211.xml
,AM 4:01,선우,정말 많은 방법들이 있군요,C:\Users\yuyao\Desktop\fromm抓取\fromm_dump\03\window_0211.xml
,AM 4:01,선우,이 새벽에 토론 좀 하고 싶었습니다,C:\Users\yuyao\Desktop\fromm抓取\fromm_dump\03\window_0211.xml
,,선우,전 토론을 좋아하거든요,C:\Users\yuyao\Desktop\fromm抓取\fromm_dump\03\window_0211.xml
,AM 4:01,선우,전 토론을 좋아하거든요,C:\Users\yuyao\Desktop\fromm抓取\fromm_dump\03\window_0212.xml
,AM 4:01,선우,논쟁인가요,C:\Users\yuyao\Desktop\fromm抓取\fromm_dump\03\window_0212.xml
,AM 4:01,선우,이런 실 없는 대화가 제가 제일 좋아하는 겁니다,C:\Users\yuyao\Desktop\fromm抓取\fromm_dump\03\window_0212.xml
,AM 4:02,선우,오늘 뭐먹어쪄 뭐해쪄 이런 거 식상해요 재미업허요,C:\Users\yuyao\Desktop\fromm抓取\fromm_dump\03\window_0212.xml
,AM 4:02,선우,물론 궁금하겠지만,C:\Users\yuyao\Desktop\fromm抓取\fromm_dump\03\window_0212.xml
,AM 4:02,선우,몰아서 한달마다 뭐 먹었는지 정리해서 한 번에 드릴게요,C:\Users\yuyao\Desktop\fromm抓取\fromm_dump\03\window_0213.xml
,AM 4:03,선우,급식표 ㅋㅋㅋㅋㅋ,C:\Users\yuyao\Desktop\fromm抓取\fromm_dump\03\window_0213.xml
,AM 4:04,선우,저는 요즘 하루 한끼 먹어요,C:\Users\yuyao\Desktop\fromm抓取\fromm_dump\03\window_0213.xml
,AM 4:04,선우,자느라요,C:\Users\yuyao\Desktop\fromm抓取\fromm_dump\03\window_0213.xml
,,선우,audio_play,C:\Users\yuyao\Desktop\fromm抓取\fromm_dump\03\window_0213.xml
,AM 4:28,선우,audio_play,C:\Users\yuyao\Desktop\fromm抓取\fromm_dump\03\window_0214.xml
,AM 4:39,선우,audio_play,C:\Users\yuyao\Desktop\fromm抓取\fromm_dump\03\window_0214.xml
,AM 4:44,선우,audio_play,C:\Users\yuyao\Desktop\fromm抓取\fromm_dump\03\window_0214.xml
,AM 4:45,선우,audio_play,C:\Users\yuyao\Desktop\fromm抓取\fromm_dump\03\window_0214.xml
,PM 9:26,선우,[media/no text],C:\Users\yuyao\Desktop\fromm抓取\fromm_dump\03\window_0215.xml
,PM 9:26,선우,ㅋㅋㅋ,C:\Users\yuyao\Desktop\fromm抓取\fromm_dump\03\window_0215.xml
,PM 9:27,선우,5학년 잼민이 149,C:\Users\yuyao\Desktop\fromm抓取\fromm_dump\03\window_0215.xml
,PM 9:28,선우,[media/no text],C:\Users\yuyao\Desktop\fromm抓取\fromm_dump\03\window_0216.xml
,PM 9:28,선우,1년 뒤,C:\Users\yuyao\Desktop\fromm抓取\fromm_dump\03\window_0216.xml
,PM 9:28,선우,최대업적 4cm 크기,C:\Users\yuyao\Desktop\fromm抓取\fromm_dump\03\window_0216.xml
,PM 9:30,선우,[media/no text],C:\Users\yuyao\Desktop\fromm抓取\fromm_dump\03\window_0217.xml
,PM 9:30,선우,음악이 너무 웃김,C:\Users\yuyao\Desktop\fromm抓取\fromm_dump\03\window_0217.xml
,PM 9:30,선우,리듬 좀 탔나 봄,C:\Users\yuyao\Desktop\fromm抓取\fromm_dump\03\window_0217.xml
,PM 9:32,선우,모범생은 아녔던 걸로,C:\Users\yuyao\Desktop\fromm抓取\fromm_dump\03\window_0218.xml
,PM 9:33,선우,나의 마지막 수학 90점,C:\Users\yuyao\Desktop\fromm抓取\fromm_dump\03\window_0219.xml
,PM 9:34,선우,6번 찍은 거 어떻게 알았냐,C:\Users\yuyao\Desktop\fromm抓取\fromm_dump\03\window_0219.xml
,PM 9:35,선우,아 풀이가 없네,C:\Users\yuyao\Desktop\fromm抓取\fromm_dump\03\window_0219.xml
,PM 9:35,선우,ㅋㅋㅋㅋㅋㅋㅋㅋㅋ 추리력 ㄷ ㄷ,C:\Users\yuyao\Desktop\fromm抓取\fromm_dump\03\window_0219.xml
,PM 9:35,선우,[media/no text],C:\Users\yuyao\Desktop\fromm抓取\fromm_dump\03\window_0220.xml
,PM 9:36,선우,7번 갑분 반말,C:\Users\yuyao\Desktop\fromm抓取\fromm_dump\03\window_0220.xml
,PM 9:37,선우,어쩔,C:\Users\yuyao\Desktop\fromm抓取\fromm_dump\03\window_0221.xml
,PM 9:38,선우,1번 콘푸로스트를 챱! 이 아니라 잡수신다고 적으려다가 바꾼 거임;,C:\Users\yuyao\Desktop\fromm抓取\fromm_dump\03\window_0221.xml
,PM 9:38,선우,왜 이때 그림 더 잘 그리냐,C:\Users\yuyao\Desktop\fromm抓取\fromm_dump\03\window_0222.xml
,PM 9:40,선우,짝짝짝 ㅋㅋ,C:\Users\yuyao\Desktop\fromm抓取\fromm_dump\03\window_0222.xml
,PM 9:40,선우,말만 하면 뭐든지 되는 나라는 안 찍었음 그건 나중에 2탄으로 찍어서 올려드림,C:\Users\yuyao\Desktop\fromm抓取\fromm_dump\03\window_0222.xml
,PM 9:41,선우,[media/no text],C:\Users\yuyao\Desktop\fromm抓取\fromm_dump\03\window_0223.xml
,PM 9:43,선우,[media/no text],C:\Users\yuyao\Desktop\fromm抓取\fromm_dump\03\window_0224.xml
,PM 9:45,선우,근데 갑자기 동시 적는게 있는데,C:\Users\yuyao\Desktop\fromm抓取\fromm_dump\03\window_0226.xml
,PM 9:45,선우,내가 좀 무서운 동시를 적었음,C:\Users\yuyao\Desktop\fromm抓取\fromm_dump\03\window_0226.xml
,PM 9:46,선우,[media/no text],C:\Users\yuyao\Desktop\fromm抓取\fromm_dump\03\window_0227.xml
,PM 9:46,선우,ㄷㄷ,C:\Users\yuyao\Desktop\fromm抓取\fromm_dump\03\window_0227.xml
,PM 9:46,선우,현실을 벌써 깨달은 3학년 선우,C:\Users\yuyao\Desktop\fromm抓取\fromm_dump\03\window_0228.xml
,PM 9:49,선우,좀 있길래 찍어봤어,C:\Users\yuyao\Desktop\fromm抓取\fromm_dump\03\window_0228.xml
,PM 9:49,선우,버내주려고 ㅋㅋ,C:\Users\yuyao\Desktop\fromm抓取\fromm_dump\03\window_0228.xml
,PM 9:49,선우,담엔 사진 더 뒤적거려서 보내줄게,C:\Users\yuyao\Desktop\fromm抓取\fromm_dump\03\window_0228.xml
,,선우,"그건 다음 타임 때~,,",C:\Users\yuyao\Desktop\fromm抓取\fromm_dump\03\window_0228.xml
,PM 9:49,선우,"그건 다음 타임 때~,,",C:\Users\yuyao\Desktop\fromm抓取\fromm_dump\03\window_0229.xml
,AM 11:14,선우,졸려,C:\Users\yuyao\Desktop\fromm抓取\fromm_dump\03\window_0229.xml
,AM 11:16,선우,월요일 힘내자,C:\Users\yuyao\Desktop\fromm抓取\fromm_dump\03\window_0229.xml
,AM 11:17,선우,난 뒹굴뒹굴 하는 중,C:\Users\yuyao\Desktop\fromm抓取\fromm_dump\03\window_0229.xml
,AM 11:17,선우,배고프네,C:\Users\yuyao\Desktop\fromm抓取\fromm_dump\03\window_0229.xml
,AM 11:17,선우,5시 넘어서 잤는데 11시에 눈 떠짐,C:\Users\yuyao\Desktop\fromm抓取\fromm_dump\03\window_0230.xml
,AM 11:18,선우,내가6시간 밖에 안 잤는데 눈이 떠지다니,C:\Users\yuyao\Desktop\fromm抓取\fromm_dump\03\window_0230.xml
,AM 11:18,선우,새벽 5시면 나한텐 오후 11시쯤 잔 것과 같은 느낌,C:\Users\yuyao\Desktop\fromm抓取\fromm_dump\03\window_0230.xml
